{"kringlan 1":[64.12955,-21.89879,"Kringla"],"kringlan 5":[64.13066,-21.89738,"Kringla"],"kringlan 15":[64.13095,-21.89182,"Kringla"],"kringlan 19":[64.13086,-21.89129,"Kringla"],"kringlan 23":[64.13062,-21.89127,"Kringla"],"kringlan 27":[64.13048,-21.89138,"Kringla"],"kringlan 31":[64.13043,-21.89191,"Kringla"],"kringlan 35":[64.13049,-21.89219,"Kringla"],"kringlan 39":[64.13071,-21.89217,"Kringla"],"kringlan 41":[64.13077,-21.89212,"Kringla"],"kringlan 45":[64.1302,-21.89221,"Kringla"],"kringlan 49":[64.13015,-21.89192,"Kringla"],"kringlan 53":[64.12995,-21.8919,"Kringla"],"kringlan 57":[64.12982,-21.89199,"Kringla"],"kringlan 61":[64.12972,-21.89246,"Kringla"],"kringlan 65":[64.12991,-21.89278,"Kringla"],"kringlan 69":[64.13006,-21.89269,"Kringla"],"kringlan 73":[64.12951,-21.89275,"Kringla"],"kringlan 77":[64.12946,-21.89248,"Kringla"],"kringlan 81":[64.12925,-21.89244,"Kringla"],"kringlan 85":[64.12912,-21.89253,"Kringla"],"kringlan 87":[64.12904,-21.89295,"Kringla"],"kringlan 91":[64.12929,-21.89329,"Kringla"],"sléttuvegur 19":[64.12321,-21.89374,"Fossvogur"],"sléttuvegur 21":[64.12332,-21.89273,"Fossvogur"],"háaleitisbraut 70d":[64.12881,-21.8889,"Leiti"],"skógarvegur 6a":[64.12138,-21.89792,"Fossvogur"],"miklabraut 100":[64.13198,-21.89333,"Kringla"],"efstaleiti 10":[64.1255,-21.8948,"Leiti"],"efstaleiti 12":[64.12561,-21.89555,"Leiti"],"sléttuvegur 11":[64.12421,-21.89543,"Fossvogur"],"efstaleiti 9":[64.12659,-21.88824,"Leiti"],"efstaleiti 17a":[64.12638,-21.8893,"Leiti"],"lautarvegur 26a":[64.12018,-21.89633,"Fossvogur"],"lautarvegur 26b":[64.12019,-21.89633,"Fossvogur"],"lautarvegur 20a":[64.12054,-21.89663,"Fossvogur"],"lautarvegur 20b":[64.12053,-21.89663,"Fossvogur"],"lautarvegur 22b":[64.12054,-21.89629,"Fossvogur"],"lautarvegur 22a":[64.12052,-21.89628,"Fossvogur"],"ofanleiti 3":[64.12745,-21.89521,"Leiti"],"ofanleiti 11":[64.12706,-21.89464,"Leiti"],"ofanleiti 14":[64.12691,-21.89622,"Leiti"],"ofanleiti 17":[64.12731,-21.89394,"Leiti"],"ofanleiti 19":[64.12769,-21.89348,"Leiti"],"ofanleiti 23":[64.12741,-21.89279,"Leiti"],"ofanleiti 27":[64.12701,-21.89305,"Leiti"],"ofanleiti 2":[64.12824,-21.8978,"Leiti"],"sléttuvegur 1a":[64.12307,-21.89494,"Fossvogur"],"miðleiti 1":[64.12645,-21.89414,"Leiti"],"miðleiti 3":[64.12636,-21.89379,"Leiti"],"miðleiti 4":[64.12677,-21.89539,"Leiti"],"miðleiti 6":[64.12688,-21.89562,"Leiti"],"miðleiti 8":[64.12663,-21.89591,"Leiti"],"miðleiti 12":[64.12636,-21.89565,"Leiti"],"sléttuvegur 9":[64.12445,-21.89777,"Fossvogur"],"efstaleiti 3":[64.12697,-21.89128,"Leiti"],"neðstaleiti 2":[64.12715,-21.89826,"Leiti"],"neðstaleiti 4":[64.12723,-21.89851,"Leiti"],"neðstaleiti 6":[64.12667,-21.89809,"Leiti"],"neðstaleiti 8":[64.12674,-21.8984,"Leiti"],"neðstaleiti 9":[64.12647,-21.89657,"Leiti"],"neðstaleiti 11":[64.12622,-21.89631,"Leiti"],"neðstaleiti 13":[64.12614,-21.89635,"Leiti"],"neðstaleiti 16":[64.12609,-21.89776,"Leiti"],"neðstaleiti 20":[64.12598,-21.89728,"Leiti"],"neðstaleiti 24":[64.1259,-21.89692,"Leiti"],"neðstaleiti 28":[64.12584,-21.89647,"Leiti"],"sléttuvegur 15":[64.12404,-21.8929,"Fossvogur"],"sléttuvegur 17":[64.12396,-21.89236,"Fossvogur"],"hvassaleiti 105":[64.12835,-21.89056,"Leiti"],"hvassaleiti 107":[64.12827,-21.89051,"Leiti"],"hvassaleiti 109":[64.1282,-21.89043,"Leiti"],"hvassaleiti 111":[64.12811,-21.89035,"Leiti"],"hvassaleiti 113":[64.12803,-21.89027,"Leiti"],"hvassaleiti 115":[64.12861,-21.88997,"Leiti"],"hvassaleiti 117":[64.12852,-21.88991,"Leiti"],"hvassaleiti 121":[64.12834,-21.88972,"Leiti"],"hvassaleiti 123":[64.12826,-21.88965,"Leiti"],"hvassaleiti 125":[64.12817,-21.88955,"Leiti"],"hvassaleiti 1":[64.12993,-21.88644,"Leiti"],"hvassaleiti 3":[64.12985,-21.8865,"Leiti"],"hvassaleiti 5":[64.12977,-21.88657,"Leiti"],"hvassaleiti 7":[64.12969,-21.88663,"Leiti"],"hvassaleiti 9":[64.12962,-21.88668,"Leiti"],"hvassaleiti 11":[64.13004,-21.88716,"Leiti"],"hvassaleiti 12":[64.1305,-21.88752,"Leiti"],"hvassaleiti 14":[64.13066,-21.88738,"Leiti"],"hvassaleiti 16":[64.13082,-21.88726,"Leiti"],"hvassaleiti 18":[64.13066,-21.88858,"Leiti"],"hvassaleiti 22":[64.13097,-21.88832,"Leiti"],"hvassaleiti 24":[64.13094,-21.88966,"Leiti"],"hvassaleiti 26":[64.13113,-21.88947,"Leiti"],"hvassaleiti 28":[64.13111,-21.89076,"Leiti"],"hvassaleiti 30":[64.13131,-21.8906,"Leiti"],"hvassaleiti 32":[64.13059,-21.88989,"Leiti"],"hvassaleiti 34":[64.13052,-21.89039,"Leiti"],"hvassaleiti 36":[64.1303,-21.89086,"Leiti"],"hvassaleiti 38":[64.13011,-21.89119,"Leiti"],"hvassaleiti 40":[64.12983,-21.89129,"Leiti"],"hvassaleiti 42":[64.12965,-21.89145,"Leiti"],"hvassaleiti 43":[64.13013,-21.8888,"Leiti"],"hvassaleiti 47":[64.12997,-21.88893,"Leiti"],"hvassaleiti 49":[64.12989,-21.88899,"Leiti"],"hvassaleiti 51":[64.12981,-21.88909,"Leiti"],"hvassaleiti 53":[64.13018,-21.88968,"Leiti"],"hvassaleiti 55":[64.13009,-21.88974,"Leiti"],"hvassaleiti 59":[64.12993,-21.88985,"Leiti"],"hvassaleiti 61":[64.12975,-21.89031,"Leiti"],"hvassaleiti 63":[64.12967,-21.89038,"Leiti"],"hvassaleiti 65":[64.12959,-21.89043,"Leiti"],"hvassaleiti 67":[64.12951,-21.89049,"Leiti"],"hvassaleiti 69":[64.12966,-21.88954,"Leiti"],"hvassaleiti 71":[64.12957,-21.8896,"Leiti"],"hvassaleiti 73":[64.12947,-21.88967,"Leiti"],"hvassaleiti 75":[64.12938,-21.88974,"Leiti"],"hvassaleiti 77":[64.12912,-21.88996,"Leiti"],"hvassaleiti 81":[64.12893,-21.89004,"Leiti"],"hvassaleiti 85":[64.12874,-21.89015,"Leiti"],"hvassaleiti 89":[64.12916,-21.89077,"Leiti"],"hvassaleiti 93":[64.129,-21.89083,"Leiti"],"hvassaleiti 97":[64.12882,-21.89085,"Leiti"],"hvassaleiti 127":[64.1279,-21.88933,"Leiti"],"hvassaleiti 131":[64.12775,-21.88916,"Leiti"],"hvassaleiti 135":[64.12761,-21.88896,"Leiti"],"hvassaleiti 139":[64.1277,-21.88995,"Leiti"],"hvassaleiti 143":[64.12754,-21.88981,"Leiti"],"hvassaleiti 147":[64.12741,-21.88955,"Leiti"],"hvassaleiti 151":[64.12728,-21.88919,"Leiti"],"listabraut 7":[64.12723,-21.88805,"Leiti"],"hvassaleiti 77a":[64.12908,-21.8895,"Leiti"],"efstaleiti 5":[64.12681,-21.89029,"Leiti"],"neðstaleiti 1":[64.12698,-21.89697,"Leiti"],"neðstaleiti 3":[64.12682,-21.89664,"Leiti"],"neðstaleiti 5":[64.12657,-21.89732,"Leiti"],"neðstaleiti 7":[64.12651,-21.897,"Leiti"],"neðstaleiti 10":[64.12625,-21.89822,"Leiti"],"neðstaleiti 12":[64.1262,-21.89807,"Leiti"],"neðstaleiti 14":[64.12615,-21.89789,"Leiti"],"neðstaleiti 18":[64.12603,-21.89742,"Leiti"],"neðstaleiti 22":[64.12594,-21.89713,"Leiti"],"neðstaleiti 26":[64.12587,-21.89664,"Leiti"],"miðleiti 2":[64.12672,-21.89512,"Leiti"],"miðleiti 5":[64.12602,-21.8948,"Leiti"],"miðleiti 7":[64.12593,-21.89422,"Leiti"],"miðleiti 10":[64.12648,-21.89595,"Leiti"],"efstaleiti 7":[64.12671,-21.88942,"Leiti"],"sléttuvegur 7":[64.12382,-21.8972,"Fossvogur"],"sléttuvegur 13":[64.1243,-21.89618,"Fossvogur"],"sléttuvegur 3":[64.12304,-21.89671,"Fossvogur"],"hvassaleiti 6":[64.13033,-21.88643,"Leiti"],"hvassaleiti 8":[64.1305,-21.88628,"Leiti"],"hvassaleiti 10":[64.13065,-21.88619,"Leiti"],"hvassaleiti 13":[64.12996,-21.88722,"Leiti"],"hvassaleiti 15":[64.12988,-21.88729,"Leiti"],"hvassaleiti 17":[64.1298,-21.88736,"Leiti"],"hvassaleiti 19":[64.12972,-21.88742,"Leiti"],"hvassaleiti 21":[64.12964,-21.88748,"Leiti"],"hvassaleiti 23":[64.12956,-21.88756,"Leiti"],"hvassaleiti 25":[64.13016,-21.88788,"Leiti"],"hvassaleiti 27":[64.13008,-21.88795,"Leiti"],"hvassaleiti 29":[64.13,-21.88802,"Leiti"],"hvassaleiti 31":[64.12993,-21.88808,"Leiti"],"hvassaleiti 33":[64.12984,-21.88814,"Leiti"],"hvassaleiti 35":[64.12976,-21.88822,"Leiti"],"hvassaleiti 37":[64.1297,-21.88827,"Leiti"],"hvassaleiti 39":[64.13028,-21.88864,"Leiti"],"hvassaleiti 41":[64.1302,-21.8887,"Leiti"],"hvassaleiti 44":[64.12946,-21.89164,"Leiti"],"hvassaleiti 46":[64.12921,-21.89182,"Leiti"],"hvassaleiti 48":[64.129,-21.89192,"Leiti"],"hvassaleiti 50":[64.12891,-21.89191,"Leiti"],"hvassaleiti 52":[64.12877,-21.8919,"Leiti"],"hvassaleiti 54":[64.12868,-21.89191,"Leiti"],"hvassaleiti 57":[64.13001,-21.8898,"Leiti"],"hvassaleiti 60":[64.12843,-21.89178,"Leiti"],