{"kollagrund 4":[64.23755,-21.82747,"Grundir"],"kollagrund 6":[64.23799,-21.82869,"Grundir"],"kollagrund 2":[64.23776,-21.82632,"Grundir"],"jörfagrund 44":[64.24194,-21.83684,"Grundir"],"jörfagrund 16":[64.24093,-21.83593,"Grundir"],"jörfagrund 20":[64.24103,-21.83536,"Grundir"],"jörfagrund 24":[64.24116,-21.83467,"Grundir"],"jörfagrund 28":[64.24139,-21.83402,"Grundir"],"jörfagrund 32":[64.24162,-21.83367,"Grundir"],"jörfagrund 19":[64.24151,-21.8351,"Grundir"],"jörfagrund 21":[64.24169,-21.83465,"Grundir"],"helgugrund 1":[64.24005,-21.83776,"Grundir"],"helgugrund 5":[64.24016,-21.83892,"Grundir"],"helgugrund 9":[64.24025,-21.84048,"Grundir"],"helgugrund 2":[64.24038,-21.83692,"Grundir"],"helgugrund 6":[64.24044,-21.83831,"Grundir"],"helgugrund 10":[64.24061,-21.83959,"Grundir"],"helgugrund 14":[64.24069,-21.84071,"Grundir"],"búagrund 9":[64.23949,-21.83836,"Grundir"],"búagrund 16":[64.23998,-21.84051,"Grundir"],"búagrund 17":[64.2397,-21.84063,"Grundir"],"jörfagrund 40":[64.24181,-21.83552,"Grundir"],"búagrund 8":[64.23987,-21.83823,"Grundir"],"búagrund 14a":[64.23995,-21.83981,"Grundir"],"búagrund 14":[64.23999,-21.83996,"Grundir"],"esjugrund 20":[64.24094,-21.83075,"Grundir"],"esjugrund 18":[64.24122,-21.83117,"Grundir"],"búagrund 7":[64.23944,-21.8378,"Grundir"],"búagrund 12":[64.23992,-21.83948,"Grundir"],"búagrund 10a":[64.23987,-21.83877,"Grundir"],"esjugrund 16a":[64.24143,-21.83047,"Grundir"],"esjugrund 14a":[64.2412,-21.83008,"Grundir"],"búagrund 11":[64.23953,-21.839,"Grundir"],"jörfagrund 23":[64.24154,-21.83744,"Grundir"],"búagrund 15":[64.23962,-21.84011,"Grundir"],"jörfagrund 46":[64.24197,-21.83762,"Grundir"],"jörfagrund 48":[64.24198,-21.83773,"Grundir"],"jörfagrund 50":[64.24201,-21.8379,"Grundir"],"jörfagrund 52":[64.24203,-21.83809,"Grundir"],"jörfagrund 34":[64.24164,-21.83627,"Grundir"],"jörfagrund 36":[64.24161,-21.83604,"Grundir"],"esjugrund 22":[64.24075,-21.8304,"Grundir"],"esjugrund 56":[64.23969,-21.83262,"Grundir"],"jörfagrund 2":[64.24127,-21.83689,"Grundir"],"jörfagrund 8":[64.24141,-21.83858,"Grundir"],"jörfagrund 10":[64.24147,-21.83912,"Grundir"],"jörfagrund 12":[64.24151,-21.83972,"Grundir"],"jörfagrund 14":[64.24153,-21.83995,"Grundir"],"jörfagrund 1":[64.24094,-21.83692,"Grundir"],"jörfagrund 3":[64.24096,-21.8374,"Grundir"],"jörfagrund 5":[64.24095,-21.83804,"Grundir"],"jörfagrund 7":[64.24103,-21.83862,"Grundir"],"jörfagrund 9":[64.24109,-21.83923,"Grundir"],"jörfagrund 11":[64.24115,-21.83995,"Grundir"],"jörfagrund 13":[64.2412,-21.84041,"Grundir"],"jörfagrund 25":[64.24161,-21.8381,"Grundir"],"esjugrund 64":[64.23997,-21.83395,"Grundir"],"esjugrund 60":[64.23973,-21.83321,"Grundir"],"esjugrund 66":[64.24005,-21.83404,"Grundir"],"esjugrund 70":[64.24026,-21.83433,"Grundir"],"esjugrund 72":[64.24035,-21.83445,"Grundir"],"esjugrund 94":[64.24018,-21.8354,"Grundir"],"víkurgrund 10":[64.23881,-21.8297,"Grundir"],"búagrund 2":[64.24009,-21.83667,"Grundir"],"búagrund 3":[64.2397,-21.83675,"Grundir"],"esjugrund 32":[64.24103,-21.83158,"Grundir"],"esjugrund 34":[64.24092,-21.8324,"Grundir"],"esjugrund 36":[64.2406,-21.83206,"Grundir"],"esjugrund 38":[64.24043,-21.83161,"Grundir"],"esjugrund 40":[64.24022,-21.83136,"Grundir"],"esjugrund 42":[64.23948,-21.83446,"Grundir"],"esjugrund 44":[64.23943,-21.83425,"Grundir"],"esjugrund 46":[64.23937,-21.83403,"Grundir"],"esjugrund 48":[64.23934,-21.83374,"Grundir"],"esjugrund 50":[64.2393,-21.83341,"Grundir"],"esjugrund 51":[64.23914,-21.83519,"Grundir"],"esjugrund 53":[64.23936,-21.83544,"Grundir"],"esjugrund 84":[64.23973,-21.83467,"Grundir"],"esjugrund 88":[64.23986,-21.83487,"Grundir"],"esjugrund 92a":[64.24007,-21.8352,"Grundir"],"búagrund 4":[64.23997,-21.83719,"Grundir"],"búagrund 6":[64.23981,-21.83763,"Grundir"],"esjugrund 5":[64.24038,-21.82888,"Grundir"],"esjugrund 7":[64.24016,-21.82854,"Grundir"],"esjugrund 10":[64.24074,-21.82937,"Grundir"],"esjugrund 11":[64.23972,-21.82885,"Grundir"],"esjugrund 13":[64.23992,-21.82933,"Grundir"],"esjugrund 15":[64.24016,-21.82966,"Grundir"],"esjugrund 17":[64.24002,-21.83004,"Grundir"],"esjugrund 19":[64.23983,-21.82969,"Grundir"],"esjugrund 21":[64.23958,-21.82937,"Grundir"],"esjugrund 23":[64.23939,-21.83007,"Grundir"],"esjugrund 24":[64.24054,-21.83009,"Grundir"],"esjugrund 25":[64.23963,-21.83045,"Grundir"],"esjugrund 26":[64.24043,-21.83062,"Grundir"],"esjugrund 27":[64.2398,-21.83078,"Grundir"],"esjugrund 28":[64.24065,-21.83091,"Grundir"],"esjugrund 29":[64.23969,-21.83122,"Grundir"],"esjugrund 31":[64.23945,-21.83093,"Grundir"],"esjugrund 9":[64.23994,-21.82815,"Grundir"],"búagrund 12a":[64.23991,-21.83925,"Grundir"],"jörfagrund 18":[64.24097,-21.83567,"Grundir"],"jörfagrund 22":[64.24109,-21.83493,"Grundir"],"jörfagrund 26":[64.24123,-21.83437,"Grundir"],"jörfagrund 30":[64.24149,-21.83384,"Grundir"],"jörfagrund 17":[64.24143,-21.83557,"Grundir"],"esjugrund 12a":[64.24099,-21.82974,"Grundir"],"helgugrund 3":[64.24009,-21.8384,"Grundir"],"helgugrund 7":[64.24025,-21.83966,"Grundir"],"helgugrund 11":[64.24033,-21.84103,"Grundir"],"helgugrund 4":[64.2404,-21.83769,"Grundir"],"helgugrund 8":[64.24055,-21.83917,"Grundir"],"helgugrund 12":[64.24064,-21.84017,"Grundir"],"esjugrund 12":[64.24091,-21.82963,"Grundir"],"búagrund 10":[64.23988,-21.83889,"Grundir"],"esjugrund 14":[64.24116,-21.83001,"Grundir"],"esjugrund 16":[64.24137,-21.83036,"Grundir"],"búagrund 13":[64.23958,-21.8395,"Grundir"],"esjugrund 54":[64.2395,-21.8325,"Grundir"],"jörfagrund 4":[64.24128,-21.83751,"Grundir"],"jörfagrund 15":[64.24131,-21.83609,"Grundir"],"jörfagrund 27":[64.24167,-21.83877,"Grundir"],"esjugrund 58":[64.23968,-21.83306,"Grundir"],"esjugrund 62":[64.23975,-21.83341,"Grundir"],"esjugrund 68":[64.24013,-21.8342,"Grundir"],"esjugrund 74":[64.24043,-21.83458,"Grundir"],"esjugrund 96":[64.24023,-21.83546,"Grundir"],"kollagrund 3":[64.23613,-21.82471,"Grundir"],"jörfagrund 38":[64.24179,-21.83534,"Grundir"],"búagrund 8a":[64.23985,-21.83813,"Grundir"],"vallargrund 3":[64.242,-21.82995,"Grundir"],"búagrund 5":[64.23953,-21.83725,"Grundir"],"esjugrund 30":[64.24085,-21.83126,"Grundir"],"víkurgrund 8":[64.239,-21.83012,"Grundir"],"búagrund 1":[64.23976,-21.8362,"Grundir"],"esjugrund 33":[64.23927,-21.83054,"Grundir"],"esjugrund 35":[64.23914,-21.83141,"Grundir"],"esjugrund 37":[64.23935,-21.83172,"Grundir"],"esjugrund 39":[64.23903,-21.83204,"Grundir"],"esjugrund 41":[64.23892,-21.83259,"Grundir"],"esjugrund 43":[64.23885,-21.83307,"Grundir"],"esjugrund 45":[64.23888,-21.83367,"Grundir"],"esjugrund 47":[64.2389,-21.83417,"Grundir"],"esjugrund 49":[64.23898,-21.83472,"Grundir"],"esjugrund 52":[64.23928,-21.8331,"Grundir"],"esjugrund 55":[64.23955,-21.83577,"Grundir"],"esjugrund 86":[64.2398,-21.8348,"Grundir"],"esjugrund 90":[64.23993,-21.835,"Grundir"],"bergvík 2":[64.23895,-21.82898,"Grundir"],"norðurgrund 7":[64.24253,-21.83784,"Grundir"],"norðurgrund 3":[64.24229,-21.83493,"Grundir"],"norðurgrund 5":[64.24241,-21.83647,"Grundir"],"norðurgrund 1":[64.24218,-21.83369,"Grundir"],"jörfagrund 42":[64.24193,-21.83668,"Grundir"],"jörfagrund 6":[64.2413,-21.83807,"Grundir"],"esjugrund 92":[64.24,-21.83509,"Grundir"],"vallargrund 1a":[64.24193,-21.83195,"Grundir"],"jörfagrund 54a":[64.24206,-21.83856,"Grundir"],"jörfagrund 54b":[64.24206,-21.83865,"Grundir"],"jörfagrund 54c":[64.24208,-21.83881,"Grundir"],"jörfagrund 54d":[64.2421,-21.83913,"Grundir"],"jörfagrund 54e":[64.24212,-21.83927,"Grundir"],"jörfagrund 54f":[64.24213,-21.83936,"Grundir"],"jörfagrund 54g":[64.24211,-21.83894,"Grundir"],"jörfagrund 54h":[64.24211,-21.83894,"Grundir"],"jörfagrund 54i":[64.24211,-21.83894,"Grundir"],"jörfagrund 54j":[64.24211,-21.83894,"Grundir"],"jörfagrund 54k":[64.24211,-21.83894,"Grundir"],"jörfagrund 54l":[64.24211,-21.83894,"Grundir"],"jörfagrund 54m":[64.24211,-21.83894,"Grundir"],"hofsgrund 2":[64.24058,-21.83368,"Grundir"],"kollagrund 1":[64.23694,-21.82468,"Grundir"]}