{"elliðavatnsblettur 18":[64.08757,-21.75406],"elliðavatnsblettur 26":[64.08601,-21.75868],"elliðavatnsblettur 30":[64.08387,-21.76325],"b gata 5":[64.09929,-21.73507,"Almannadalur"],"b gata 8":[64.0994,-21.7344,"Almannadalur"],"b gata 16":[64.10018,-21.73354,"Almannadalur"],"a gata 23":[64.1008,-21.73152,"Almannadalur"],"a gata 19":[64.10041,-21.73194,"Almannadalur"],"a gata 18":[64.10009,-21.73176,"Almannadalur"],"a gata 16":[64.0999,-21.73201,"Almannadalur"],"a gata 13":[64.09975,-21.73257,"Almannadalur"],"a gata 12":[64.09948,-21.7323,"Almannadalur"],"a gata 8":[64.09907,-21.73285,"Almannadalur"],"a gata 5":[64.09892,-21.73341,"Almannadalur"],"a gata 2":[64.09845,-21.73347,"Almannadalur"],"elliðavatnsblettur 32":[64.08504,-21.76544],"elliðavatnsblettur 14":[64.08794,-21.75623],"elliðavatnsblettur 17":[64.08827,-21.75113],"mjódalsvegur 1":[64.10179,-21.74451],"elliðavatnsblettur 5":[64.09188,-21.7605],"elliðavatnsblettur 6":[64.0936,-21.7594],"elliðavatnsblettur 2":[64.09163,-21.75307],"elliðavatnsblettur 1":[64.09026,-21.75162],"elliðavatnsblettur 11":[64.08862,-21.75948],"elliðavatnsblettur 23":[64.08781,-21.75936],"elliðavatnsblettur 33":[64.08166,-21.77163],"elliðavatnsblettur 35":[64.08085,-21.78705],"3.gata v/rauðavatn 4":[64.11058,-21.76864],"aðalbraut 3":[64.11048,-21.76766],"5.gata v/rauðavatn 1":[64.10985,-21.76504],"4.gata v/rauðavatn 1":[64.11004,-21.7666],"elliðavatnsblettur 34":[64.08153,-21.77945],"elliðavatnsblettur 10":[64.08995,-21.76567],"elliðavatnsblettur 9":[64.09068,-21.7673],"elliðavatnsblettur 4":[64.09119,-21.75873],"elliðavatnsblettur 3":[64.09175,-21.75614],"2.gata v/rauðavatn 29":[64.11439,-21.77029],"3.gata v/rauðavatn 6":[64.11097,-21.76846],"5.gata v/rauðavatn 2":[64.10976,-21.76445],"hrossnes 2":[64.09802,-21.73513,"Almannadalur"],"vegbrekkur 25":[64.09912,-21.73721,"Almannadalur"],"almannadalur 5":[64.099,-21.74128,"Almannadalur"],"almannadalur 11":[64.09933,-21.74078,"Almannadalur"],"almannadalur 19":[64.09987,-21.74019,"Almannadalur"],"almannadalur 25":[64.1005,-21.74055,"Almannadalur"],"almannadalur 27":[64.10044,-21.73964,"Almannadalur"],"elliðavatnsblettur 13":[64.08828,-21.75739],"hólmsheiðarvegur 141":[64.11068,-21.70638],"mjódalsvegur 3":[64.11018,-21.73654],"b gata 3":[64.09907,-21.73525,"Almannadalur"],"b gata 2":[64.09878,-21.73504,"Almannadalur"],"b gata 6":[64.0992,-21.73463,"Almannadalur"],"b gata 10":[64.09961,-21.73414,"Almannadalur"],"b gata 18":[64.10038,-21.73331,"Almannadalur"],"a gata 24":[64.10072,-21.73113,"Almannadalur"],"a gata 21":[64.10058,-21.73181,"Almannadalur"],"a gata 20":[64.10029,-21.73156,"Almannadalur"],"a gata 17":[64.10016,-21.73214,"Almannadalur"],"a gata 15":[64.09996,-21.73236,"Almannadalur"],"a gata 11":[64.09953,-21.73281,"Almannadalur"],"a gata 10":[64.09929,-21.73269,"Almannadalur"],"a gata 7":[64.09916,-21.73313,"Almannadalur"],"a gata 6":[64.09885,-21.73297,"Almannadalur"],"a gata 3":[64.09875,-21.73366,"Almannadalur"],"a gata 1":[64.09854,-21.73385,"Almannadalur"],"elliðavatnsblettur 19":[64.08737,-21.7547],"elliðavatnsblettur 21":[64.08675,-21.75468],"vegbrekkur 99":[64.09612,-21.73084],"vegbrekkur 33":[64.09976,-21.73663,"Almannadalur"],"hólmsheiðarvegur 137":[64.11423,-21.70436],"almannadalur 1a":[64.09907,-21.74392],"hólmsland 5":[64.08944,-21.72736],"hádegismóar 12":[64.11124,-21.76944],"strípsvegur 100":[64.05035,-21.78763],"vegbrekkur 17":[64.09873,-21.73752,"Almannadalur"],"almannadalur 13":[64.09954,-21.74055,"Almannadalur"],"almannadalur 17":[64.09995,-21.74112,"Almannadalur"],"almannadalur 21":[64.10012,-21.73996,"Almannadalur"],"vegbrekkur 9":[64.09844,-21.73903,"Almannadalur"],"almannadalur 3":[64.09873,-21.74154,"Almannadalur"],"almannadalur 7":[64.09927,-21.74204,"Almannadalur"],"mjódalsvegur 4a":[64.10927,-21.7304],"b gata 20":[64.10059,-21.73309,"Almannadalur"],"b gata 21":[64.1009,-21.73344,"Almannadalur"],"b gata 7":[64.09951,-21.73492,"Almannadalur"],"b gata 19":[64.10071,-21.73366,"Almannadalur"],"mjódalsvegur 15":[64.11172,-21.71564],"aðalbraut 2":[64.11103,-21.77634],"mjódalsvegur 11":[64.11572,-21.7267],"elliðavatnsblettur 27":[64.08543,-21.76184],"almannadalur 1":[64.09885,-21.74241,"Almannadalur"],"almannadalur 9":[64.09944,-21.7416,"Almannadalur"],"almannadalur 15":[64.09976,-21.74128,"Almannadalur"],"almannadalur 29":[64.10069,-21.73941,"Almannadalur"],"b gata 1":[64.09889,-21.73548,"Almannadalur"],"elliðavatnsblettur 22":[64.08819,-21.76036],"elliðavatnsblettur 15":[64.08828,-21.75474],"elliðavatnsblettur 25":[64.08626,-21.74574],"elliðavatnsblettur 31":[64.08578,-21.76474],"mjódalsvegur 2":[64.10871,-21.73611],"mjódalsvegur 4":[64.10971,-21.73125],"hólmsheiðarvegur 151":[64.10397,-21.70439],"mjódalsvegur 5":[64.11109,-21.73762],"mjódalsvegur 7":[64.11082,-21.73635],"mjódalsvegur 9":[64.11489,-21.73311],"mjódalsvegur 16":[64.112,-21.72404],"mjódalsvegur 14":[64.11318,-21.73259],"elliðavatnsblettur 12":[64.08839,-21.75808],"mjódalsvegur 6":[64.11034,-21.73032],"elliðavatnsblettur 20":[64.08669,-21.75342],"elliðavatnsblettur 16":[64.08861,-21.75347],"nesjavallaleið 9":[64.09958,-21.69601],"vegbrekkur 43":[64.10073,-21.75106],"a gata 14":[64.0997,-21.73209,"Almannadalur"],"b gata 4":[64.09899,-21.73483,"Almannadalur"],"a gata 4":[64.09867,-21.7333,"Almannadalur"],"almannadalur 23":[64.10035,-21.74073,"Almannadalur"],"heiðmerkurvegur 10":[64.09244,-21.7588],"hólmsland 6":[64.08925,-21.72714],"b gata 22":[64.10082,-21.73288,"Almannadalur"],"b gata 24":[64.10099,-21.73276,"Almannadalur"],"b gata 23":[64.10108,-21.73326,"Almannadalur"],"b gata 14":[64.09999,-21.73373,"Almannadalur"],"b gata 12":[64.09978,-21.7339,"Almannadalur"],"b gata 13":[64.10013,-21.73438,"Almannadalur"],"b gata 11":[64.0999,-21.73457,"Almannadalur"],"b gata 9":[64.0997,-21.73476,"Almannadalur"],"vegbrekka 1":[64.0982,-21.73788,"Almannadalur"],"hrossnes 10":[64.09781,-21.73381,"Almannadalur"],"a gata 9":[64.09932,-21.73304,"Almannadalur"],"a gata 22":[64.1005,-21.73133,"Almannadalur"],"þingnesvegur 5":[64.08639,-21.76108],"vegbrekkur 19a":[64.09856,-21.73698,"Almannadalur"],"hólmsheiðarvegur 150":[64.10198,-21.71039],"vindheimar í hólmslandi 2":[64.09592,-21.70471],"strípsvegur 90":[64.04949,-21.78707],"strípsvegur 80":[64.04902,-21.79028],"hólmsheiðarvegur 139":[64.11075,-21.70805],"vatnsendakrikar 2":[64.0518,-21.78142]}