{"akurgerði 18":[63.98045,-22.38575],"akurgerði 22":[63.97999,-22.38555],"akurgerði 17":[63.98052,-22.38502],"akurgerði 19":[63.98045,-22.38497],"akurgerði 23":[63.9802,-22.38488],"vogagerði 32":[63.98029,-22.3843],"jónsvör 1b":[63.98374,-22.39388],"jónsvör 1c":[63.98373,-22.39398],"suðurgata 5":[63.97987,-22.38257],"hafnargata 17":[63.985,-22.38223],"vogagerði 21":[63.98179,-22.38417],"heiðargerði 23":[63.98055,-22.38063],"jónsvör 1e":[63.9837,-22.39416],"tjarnargata 2":[63.983,-22.38753],"stapavegur 7":[63.98249,-22.37853],"tjarnargata 1":[63.98341,-22.38634],"gíslaborg 8":[63.98895,-22.38304],"heiðargerði 27":[63.98002,-22.38086],"leirdalur 18":[63.97841,-22.37687],"hafnargata 8":[63.98425,-22.39225],"austurgata 2":[63.98522,-22.3868],"egilsgata 11a":[63.98496,-22.38688],"heiðardalur 1":[63.97885,-22.37744],"heiðardalur 3":[63.97902,-22.37733],"heiðardalur 2":[63.97877,-22.37671],"heiðardalur 4":[63.97899,-22.37655],"heiðardalur 5":[63.97918,-22.37725],"heiðardalur 6":[63.97921,-22.37638],"heiðardalur 7":[63.97946,-22.37706],"heiðardalur 8":[63.97945,-22.37624],"heiðardalur 9":[63.97963,-22.37696],"heiðardalur 11":[63.9798,-22.37684],"heiðardalur 13":[63.97996,-22.37675],"leirdalur 22":[63.97831,-22.3759],"hofgerði 7a":[63.98034,-22.38205],"lyngdalur 2":[63.97855,-22.37531],"lyngdalur 4":[63.9787,-22.37525],"lyngdalur 6":[63.9789,-22.37519],"lyngdalur 7":[63.97936,-22.37564],"lyngdalur 9":[63.97954,-22.37554],"lyngdalur 13":[63.97989,-22.37531],"lyngdalur 12":[63.97954,-22.37474],"lyngdalur 16":[63.97985,-22.37449],"miðdalur 3":[63.97898,-22.37886],"miðdalur 2":[63.97885,-22.37815],"miðdalur 5":[63.97918,-22.37877],"miðdalur 6":[63.97918,-22.37795],"miðdalur 8":[63.97944,-22.37777],"miðdalur 11":[63.97985,-22.37836],"miðdalur 13":[63.98,-22.37825],"brekkugata 23":[63.97902,-22.38118],"egilsgata 8":[63.98552,-22.3879],"suðurgata 2a":[63.9794,-22.383],"heiðargerði 27a":[63.98001,-22.38068],"heiðargerði 27b":[63.97999,-22.38043],"iðndalur 10b":[63.98062,-22.37485],"hólagata 3":[63.9853,-22.38829],"iðndalur 4":[63.98065,-22.37829],"heiðargerði 3":[63.98342,-22.37928],"heiðargerði 6":[63.98344,-22.38037],"heiðargerði 12":[63.9825,-22.38074],"heiðargerði 13":[63.98216,-22.38009],"heiðargerði 14":[63.98226,-22.38078],"heiðargerði 15":[63.98199,-22.38015],"heiðargerði 16":[63.98199,-22.38083],"heiðargerði 17":[63.98176,-22.3802],"heiðargerði 18":[63.98172,-22.38094],"heiðargerði 19":[63.98156,-22.38032],"heiðargerði 21a":[63.98081,-22.38007],"heiðargerði 23a":[63.9805,-22.38019],"heiðargerði 24":[63.98094,-22.38125],"heiðargerði 26":[63.98065,-22.38136],"heiðargerði 29a":[63.97981,-22.38074],"heiðargerði 29c":[63.97956,-22.38071],"heiðargerði 29e":[63.97959,-22.38119],"heiðargerði 30":[63.98011,-22.3817],"hofgerði 3":[63.98092,-22.38231],"hofgerði 5":[63.98065,-22.38228],"hofgerði 6":[63.98077,-22.38288],"hofgerði 8a":[63.9804,-22.38272],"hólagata 2":[63.98502,-22.38903],"hólagata 6":[63.98501,-22.38778],"iðndalur 2":[63.98068,-22.37913],"iðndalur 5":[63.9815,-22.37888],"iðndalur 10":[63.98053,-22.37609],"kirkjugerði 3":[63.98374,-22.3809],"kirkjugerði 7":[63.98319,-22.38128],"kirkjugerði 10":[63.98256,-22.3821],"kirkjugerði 12":[63.98232,-22.38213],"kirkjugerði 14":[63.98209,-22.38217],"kirkjugerði 16":[63.98179,-22.38213],"leirdalur 4":[63.97861,-22.38041],"suðurgata 4":[63.97938,-22.38253],"suðurgata 7":[63.97965,-22.38181],"suðurgata 10":[63.97926,-22.38096],"tjarnargata 13":[63.98316,-22.38064],"tjarnargata 20":[63.98283,-22.38209],"tjarnargata 26":[63.98262,-22.38002],"vogagerði 1":[63.98423,-22.38488],"vogagerði 3":[63.98402,-22.38502],"vogagerði 4":[63.98388,-22.38549],"vogagerði 5":[63.98389,-22.38496],"vogagerði 6":[63.98363,-22.3854],"vogagerði 7":[63.98376,-22.38493],"vogagerði 8":[63.9834,-22.38529],"vogagerði 9":[63.98353,-22.38484],"vogagerði 10":[63.98297,-22.3852],"vogagerði 11":[63.98331,-22.38475],"vogagerði 12":[63.9827,-22.38514],"vogagerði 14":[63.9825,-22.38506],"vogagerði 15":[63.98265,-22.38455],"vogagerði 17":[63.98242,-22.38439],"vogagerði 19":[63.98215,-22.3842],"vogagerði 22":[63.98163,-22.38475],"vogagerði 26":[63.981,-22.38451],"vogagerði 28":[63.98079,-22.38444],"vogagerði 33":[63.98014,-22.38356],"ægisgata 36":[63.98117,-22.38218],"ægisgata 38":[63.98116,-22.38191],"ægisgata 39":[63.98154,-22.38163],"ægisgata 41":[63.9815,-22.38097],"ægisgata 43":[63.98134,-22.37993],"vogagerði 24":[63.9813,-22.38446],"brekkugata 15":[63.97914,-22.38264],"brekkugata 11":[63.97917,-22.38304],"gíslaborg 10":[63.98914,-22.38385],"gíslaborg 12":[63.98889,-22.38391],"gíslaborg 14":[63.98863,-22.38398],"gíslaborg 16":[63.98839,-22.38404],"gíslaborg 6":[63.98865,-22.3832],"gíslaborg 17":[63.98774,-22.38413],"gíslaborg 15":[63.98748,-22.38397],"gíslaborg 13":[63.98724,-22.38374],"gíslaborg 11":[63.98703,-22.38344],"gíslaborg 9":[63.98683,-22.38305],"gíslaborg 1":[63.98766,-22.3833],"gíslaborg 5":[63.98724,-22.38289],"gíslaborg 2":[63.98831,-22.38329],"gíslaborg 18":[63.98813,-22.38411],"akurgerði 20":[63.98022,-22.38566],"akurgerði 24":[63.97975,-22.3855],"akurgerði 21":[63.98026,-22.38489],"akurgerði 25":[63.97985,-22.38476],"vogagerði 34":[63.98021,-22.38425],"hvammsgata 2":[63.97843,-22.38197],"hvammsgata 6":[63.9785,-22.38271],"hvammsgata 10":[63.97855,-22.38347],"hvammsgata 14":[63.97863,-22.38428],"hvammsgata 18":[63.97869,-22.385],"gíslaborg 3":[63.9875,-22.38322],"gíslaborg 7":[63.98711,-22.38266],"gíslaborg 4":[63.98814,-22.38336],"hafnargata 7":[63.98469,-22.38762],"hrafnaborg 7a":[63.9892,-22.37902],"austurgata 3":[63.98559,-22.3866],"iðndalur 1":[63.98111,-22.3791],"akurgerði 8":[63.98178,-22.3863],"akurgerði 10":[63.98151,-22.38625],"akurgerði 11":[63.98123,-22.38523],"akurgerði 7":[63.98162,-22.38548],"akurgerði 5":[63.98186,-22.38551],"akurgerði 1a":[63.98218,-22.38565],"hrafnaborg 7c":[63.98911,-22.37871],"brekkugata 1":[63.97949,-22.38598],"iðndalur 6":[63.98066,-22.37772],"iðndalur 8":[63.98064,-22.37716],"leirdalur 12":[63.97851,-22.37862],"leirdalur 16":[63.97849,-22.37745],"vogagerði 30":[63.98054,-22.38435],"iðndalur 23":[63.98103,-22.37529],"jónsvör 5":[63.98348,-22.39361],"hvammsdalur 2":[63.97793,-22.38117],"hvammsdalur 5":[63.97825,-22.37969],"hvammsdalur 7":[63.97823,-22.37906],"hvammsdalur 9":[63.97819,-22.37844],"hvammsdalur 11":[63.97819,-22.37785],"hvammsdalur 13":[63.9782,-22.37721],"hólagata 1a":[63.98532,-22.3906],"hólagata 1b":[63.98531,-22.39004],"hólagata 2a":[63.98499,-22.3906],"hólagata 2c":[63.98499,-22.38953],"marargata 2":[63.98647,-22.38865],"marargata 4":[63.98647,-22.38804],"marargata 6":[63.98648,-22.38718],"marargata 8":[63.98651,-22.38653],"mýrargata 1":[63.98623,-22.38918],"mýrargata 2":[63.98593,-22.38959],"mýrargata 3":[63.98624,-22.38856],"mýrargata 4":[63.98591,-22.38899],"mýrargata 5":[63.98624,-22.38797],"mýrargata 6":[63.98593,-22.38836],"mýrargata 7":[63.98625,-22.38715],"mýrargata 8":[63.98592,-22.38787],"mýrargata 9":[63.9863,-22.3865],"mýrargata 10":[63.98593,-22.38699],"mýrargata 11":[63.98635,-22.38588],"mýrargata 12":[63.98597,-22.38642],"mýrargata 14":[63.98603,-22.38571],"mýrargata 16":[63.98611,-22.38511],"hvammsgata 1":[63.97811,-22.38199],"hvammsgata 3":[63.97817,-22.38259],"hvammsgata 9":[63.97834,-22.38461],"fagridalur 2":[63.97888,-22.37957],"akurgerði 13":[63.98101,-22.3852],"akurgerði 15":[63.98078,-22.38509],"aragerði 4":[63.98398,-22.38411],"aragerði 7":[63.98285,-22.38293],"aragerði 9":[63.98259,-22.38296],"aragerði 11":[63.98235,-22.38291],"aragerði 13":[63.98206,-22.38294],"aragerði 15":[63.98179,-22.38291],"aragerði 18":[63.98212,-22.38356],"austurgata 4":[63.98525,-22.38619],"brekkugata 4":[63.97904,-22.3855],"brekkugata 5":[63.97933,-22.38447],"brekkugata 6":[63.97899,-22.38494],"brekkugata 7":[63.97921,-22.38394],"brekkugata 14":[63.97879,-22.38234],"brekkugata 16":[63.97875,-22.3818],"brekkugata 17":[63.97912,-22.38236],"brekkugata 18":[63.9787,-22.38126],"brekkugata 19":[63.97909,-22.38203],"brekkugata 21":[63.97906,-22.38174],"fagridalur 1":[63.97896,-22.38027],