{"efri brunnastaðir 1":[64.0044,-22.37036],"hvassahraun 14":[64.02004,-22.15044],"hvassahraun 17":[64.02119,-22.14918],"hvassahraun 8":[64.02026,-22.15357],"hvassahraun 4":[64.02117,-22.15478],"hvassahraun 6":[64.01988,-22.15401],"hvassahraun 21":[64.02231,-22.15026],"hvassahraun 25":[64.02167,-22.1484],"hvassahraun 23":[64.02083,-22.14695],"hvassahraun 22":[64.02037,-22.14746],"suðurkot efra 1":[64.00296,-22.37024],"breiðagerði 11":[64.00643,-22.31878],"móakot 2":[64.00957,-22.34679],"breiðagerði 36":[64.00605,-22.32047],"hvassahraun 27":[64.02298,-22.1498],"skólatún 2":[64.00197,-22.37002],"hvassahraun 7":[64.0199,-22.15291],"fákadalur 5":[63.97582,-22.37993],"breiðagerði 23":[64.00643,-22.32522],"breiðagerði 28":[64.00664,-22.32404],"hvassahraun 24":[64.02146,-22.14709],"hvassahraun 1":[64.02202,-22.15395],"hvassahraun 13":[64.02002,-22.14916],"breiðagerði 13":[64.00864,-22.31933],"breiðagerði 16":[64.00773,-22.32055],"fákadalur 3":[63.97578,-22.38044],"fákadalur 2":[63.97556,-22.3809],"breiðagerði 17":[64.00721,-22.32108],"breiðagerði 31":[64.00604,-22.32186],"breiðagerði 2":[64.00852,-22.31804],"breiðagerði 6":[64.0078,-22.31855],"hvassahraun 19":[64.02176,-22.15015],"auðnir 4":[64.00872,-22.31737],"skólatún 1":[64.00241,-22.37032],"hvassahraun 20":[64.02265,-22.15118],"hvassahraun 26":[64.02227,-22.14769],"hvassahraun 2":[64.02161,-22.15343],"hvassahraun 12":[64.02014,-22.15163],"breiðagerði 12":[64.00889,-22.31917],"breiðagerði 8":[64.00756,-22.31912],"breiðagerði 37":[64.00644,-22.32099],"breiðagerði 17a":[64.00766,-22.32155],"breiðagerði 10":[64.00705,-22.31937],"breiðagerði 22":[64.00592,-22.32402],"hvassahraun 10":[64.02124,-22.15183],"hvassahraun 3":[64.02112,-22.15335],"hvassahraun 5":[64.02021,-22.15475],"hvassahraun 11":[64.02069,-22.15178],"hvassahraun 28":[64.02252,-22.14649],"nesbú 2":[64.00625,-22.35916],"flekkurvík 2":[64.02539,-22.23697],"stapavegur 1":[63.97275,-22.39291],"hvassahraun 16":[64.02074,-22.14901],"hraunholt 1":[63.98353,-22.36713],"fákadalur 1":[63.97574,-22.38098],"breiðagerði 27":[64.00617,-22.3236],"breiðagerði 33":[64.00695,-22.32314],"breiðagerði 14":[64.00827,-22.31984],"breiðagerði 1":[64.00821,-22.31729],"breiðagerði 15":[64.00803,-22.32005],"breiðagerði 3":[64.00796,-22.31771],"stóra vatnsleysa 1":[64.01787,-22.21722],"vatnsleysa 2":[64.01677,-22.21664],"breiðagerði 34":[64.00722,-22.32351],"heiðarholt 2":[63.9831,-22.36954],"heiðarholt 1":[63.98341,-22.37063],"heiðarholt 3":[63.98381,-22.36934],"heiðarholt 5":[63.98437,-22.36796],"hraunholt 1a":[63.9835,-22.36802],"breiðagerði 38":[64.00719,-22.32266],"breiðagerði 9":[64.00708,-22.31845],"breiðagerði 32":[64.0064,-22.3224],"breiðagerði 21":[64.00548,-22.32336],"efri brunnastaðir 2":[63.99852,-22.35419],"hvassahraun 9":[64.02156,-22.15229],"breiðagerði 5b":[64.00761,-22.31665],"hvassahraun 18":[64.02128,-22.1506],"hvassahraun 15":[64.02067,-22.15003],"suðurkot neðra 3":[64.0035,-22.37215],"fákadalur 6":[63.97561,-22.37986],"breiðagerði 4":[64.00801,-22.31823],"fákadalur 4":[63.97558,-22.38037],"breiðagerði 26":[64.00576,-22.32276],"narfakot 1":[64.0095,-22.35547],"breiðagerði 5":[64.00776,-22.31793],"austurkot 1":[64.00398,-22.36767],"austurkot 2":[64.00272,-22.36454],"austurkot 3":[64.00374,-22.3679],"stapavegur 1a":[63.97137,-22.38885],"höfðaland 3":[64.00877,-22.31167],"höfðaland 2":[64.0086,-22.31215],"höfðaland 1":[64.00839,-22.3129],"kálfatjörn 1":[64.01588,-22.26713],"breiðagerði 7":[64.00744,-22.31816],"breiðagerði 19":[64.00834,-22.32101],"auðnir 3":[64.00899,-22.31777],"auðnir 6":[64.00969,-22.31898],"auðnir 5":[64.00812,-22.31615],"þórustaðir 3":[64.01238,-22.29861],"breiðagerði 18":[64.00809,-22.32132],"auðnir 1":[64.00917,-22.3187],"auðnir 2":[64.00927,-22.31811],"breiðagerði 7b":[64.00713,-22.31735]}