{"lækjarbotnaland 59":[64.05787,-21.57737],"lækjarbotn 35":[64.07329,-21.66732],"lækjarbotnaland 32":[64.07227,-21.67317],"lækjarbotnaland 5":[64.08301,-21.67733],"lækjarbotnaland 36":[64.07277,-21.66647],"lækjarbotn 41":[64.0758,-21.66599],"lækjarbotnaland 60":[64.06648,-21.6761],"lækjarbotnaland 23":[64.07814,-21.6681],"lækjarbotnaland 33":[64.0715,-21.67025],"lækjarbotnaland 39":[64.07337,-21.66231],"lækjarbotnaland 46":[64.0757,-21.65888],"lækjarbotnaland 52":[64.06889,-21.66384],"lækjarbotnaland 53":[64.06988,-21.66238],"lækjarbotnaland 13":[64.07833,-21.67447],"lækjarbotnaland 26":[64.07574,-21.67113],"lækjarbotnaland 37":[64.07424,-21.66705],"lækjarbotnaland 45":[64.07501,-21.65943],"lækjarbotnaland 4":[64.08285,-21.67781],"lækjarbotnaland 18":[64.07578,-21.67767],"lækjarbotnaland 24":[64.0756,-21.67253],"lækjarbotnaland 40":[64.07308,-21.6614],"lækjarbotnaland 44":[64.07438,-21.66019],"lækjarbotnaland 47":[64.07607,-21.65912],"lækjarbotnaland 51":[64.07809,-21.66249],"lækjarbotnaland 53d":[64.07007,-21.66494],"lækjarbotnaland 27":[64.07549,-21.67139],"lækjarbotnaland 57":[64.08112,-21.65362],"lækjarbotnaland 6":[64.08243,-21.67703],"lækjarbotnaland 19":[64.07545,-21.67584],"lækjarbotnaland 14":[64.07789,-21.67451],"lækjarbotnaland 17":[64.07629,-21.6758],"lækjarbotnaland 25":[64.07596,-21.67074],"lækjarbotnaland 43":[64.07422,-21.66091],"lækjarbotnaland 15":[64.07738,-21.67424],"lækjarbotnaland 38":[64.07389,-21.66517],"lækjarbotnaland 34":[64.07275,-21.6708],"lækjarbotnaland 16":[64.07652,-21.67481],"lækjarbotnaland 50":[64.07697,-21.65818],"lækjarbotnaland 31":[64.07189,-21.67482],"lækjarbotnaland 53a":[64.07004,-21.65856],"lækjarbotnaland 53b":[64.06988,-21.66248],"lækjarbotnaland 101":[64.06823,-21.67055],"lækjarbotnaland 102":[64.06815,-21.68108],"lækjarbotnaland 19a":[64.07564,-21.67444],"lækjarbotnaland 7":[64.08196,-21.67733],"lækjarbotnaland 30":[64.07171,-21.677],"lækjarbotnaland 53e":[64.0705,-21.66345],"bláfjallaleið 28":[63.97675,-21.64615],"bláfjallaleið 30":[63.97683,-21.64853],"bláfjallaleið 13":[63.98532,-21.64499],"bláfjallaleið 15":[63.98422,-21.64208]}