{"hafnagata 30":[63.93299,-22.69134],"kirkjuvogur 8":[63.9348,-22.6877],"hafnagata 13":[63.93376,-22.68826],"nesvegur 5":[63.93276,-22.68104],"seljavogur 10":[63.93552,-22.682],"djúpivogur 1":[63.93307,-22.68418],"djúpivogur 5":[63.93339,-22.68339],"djúpivogur 7":[63.93369,-22.68265],"djúpivogur 9":[63.93375,-22.68256],"djúpivogur 10":[63.93271,-22.68254],"djúpivogur 11":[63.93394,-22.68203],"djúpivogur 12":[63.93289,-22.68208],"djúpivogur 13":[63.93401,-22.68188],"djúpivogur 14":[63.93305,-22.68171],"djúpivogur 18":[63.93341,-22.68155],"djúpivogur 20":[63.93336,-22.68228],"djúpivogur 22":[63.93359,-22.68184],"djúpivogur 24":[63.93374,-22.68148],"hafnagata 8":[63.93556,-22.6856],"hafnagata 11":[63.93391,-22.68844],"hafnagata 9":[63.93408,-22.68824],"hafnagata 10":[63.93546,-22.68595],"hafnagata 14":[63.93517,-22.68689],"hafnagata 19":[63.93347,-22.68934],"hafnagata 28":[63.93328,-22.69048],"kirkjuvogur 1":[63.93238,-22.68387],"kirkjuvogur 11":[63.93415,-22.68729],"nesvegur 1":[63.93296,-22.67939],"nesvegur 3":[63.93289,-22.6803],"réttarvegur 2":[63.93277,-22.69231],"seljavogur 1":[63.9334,-22.68084],"seljavogur 3":[63.93357,-22.68106],"seljavogur 14":[63.93627,-22.68295],"kirkjuvogur 2":[63.93259,-22.68308],"nesvegur 17":[63.93044,-22.68318],"kirkjuvogur 9":[63.93324,-22.6859],"hafnagata 15":[63.93365,-22.68865],"hafnagata 12":[63.93531,-22.68681],"hafnagata 16":[63.93502,-22.68698],"hafnagata 27":[63.93237,-22.69107],"hafnagata 33b":[63.93136,-22.69151],"kirkjuvogur 6":[63.93436,-22.68697],"kirkjuvogur 13":[63.93506,-22.68912],"nesvegur 13":[63.9313,-22.68348],"réttarvegur 10":[63.93311,-22.69173],"seljavogur 2":[63.93359,-22.67939],"seljavogur 4":[63.9337,-22.67998],"nesvegur 19":[63.93014,-22.68306],"kirkjuvogur 5":[63.9326,-22.68558],"kirkjuvogur 13b":[63.93484,-22.69049],"nesvegur 21":[63.92987,-22.68298],"nesvegur 50":[63.90333,-22.69665],"hólshús 2":[63.93463,-22.67355],"nesvegur 4":[63.93179,-22.68428],"hafnagata 3":[63.93516,-22.68567],"hafnagata 31b":[63.93187,-22.69095],"kirkjuvogur 4":[63.93281,-22.6837],"vitabraut 1a":[63.82695,-22.68094],"vitabraut 3":[63.82739,-22.69553],"lónsbraut 1":[63.83179,-22.69865],"vitabraut 1":[63.82701,-22.68417],"vitabraut 7":[63.83133,-22.71613],"hafnagata 1":[63.93528,-22.68532],"reykjanesvitabraut 2":[63.81463,-22.70837],"réttarvegur 9":[63.93332,-22.69131],"reykjanesvitabraut 1":[63.81402,-22.70757],"nesvegur 1a":[63.9319,-22.67811],"vesturbær 1":[63.9196,-22.69789],"seljavogur 2a":[63.93427,-22.6782],"hólshús 1":[63.93351,-22.68892],"nesvegur 13a":[63.93125,-22.68299],"nesvegur 2":[63.93383,-22.67555]}