{"fálkavöllur 13":[63.99393,-22.63155],"fálkavöllur 7":[63.99477,-22.63089],"fálkavöllur 3":[63.995,-22.62883],"fálkavöllur 5":[63.99469,-22.62901],"arnarvöllur 3":[63.99675,-22.6335],"fálkavöllur 8":[63.99642,-22.63826],"fálkavöllur 17":[63.99347,-22.63315],"arnarvöllur 2":[63.99715,-22.6325],"blikavöllur 3":[63.99844,-22.63028],"flugstöð 1a":[63.99645,-22.62363],"fálkavöllur 27":[63.99408,-22.63587],"fálkavöllur 1":[63.9953,-22.62856],"fálkavöllur 2":[63.99628,-22.62965],"fálkavöllur 23":[63.99545,-22.63704],"kjóavöllur 4":[63.99716,-22.63111],"hólsvöllur 14":[63.97955,-22.59743],"háaleitishlað 24b":[63.97911,-22.58395],"fálkavöllur 27a":[63.99333,-22.63851],"hólsvöllur 16":[63.97982,-22.59835],"fálkavöllur 27c":[63.99446,-22.63681],"flugstöð 11":[63.9935,-22.61181],"háaleitishlað 23b":[63.9769,-22.59359],"hólsvöllur 12b":[63.97986,-22.59688],"flugstöð 9":[63.99281,-22.61184],"flugstöð 10":[63.99297,-22.61678],"flugstöð 8":[63.99232,-22.61678],"haraldsvöllur 8":[63.98196,-22.62863],"flugstöð 2":[63.99723,-22.62606],"flugstöð 3":[63.9975,-22.62339],"flugstöð 4":[63.99742,-22.61985],"flugstöð 5":[63.99283,-22.62364],"arnarvöllur 6":[63.99917,-22.63239],"háaleitishlað 1":[63.97389,-22.59469],"háaleitishlað 4":[63.97116,-22.591],"háaleitishlað 2":[63.97149,-22.59289],"háaleitishlað 8":[63.97253,-22.58983],"háaleitishlað 6":[63.97195,-22.59063],"háaleitishlað 19":[63.97668,-22.59473],"háaleitishlað 11":[63.97584,-22.59715],"háaleitishlað 12":[63.97459,-22.5884],"háaleitishlað 17":[63.97664,-22.59595],"háaleitishlað 25":[63.97678,-22.59199],"háaleitishlað 15":[63.977,-22.59722],"háaleitishlað 10":[63.97357,-22.58937],"háaleitishlað 13":[63.9763,-22.59718],"háaleitishlað 21":[63.97647,-22.5937],"háaleitishlað 9":[63.97618,-22.59514],"háaleitishlað 7":[63.97596,-22.59412],"háaleitishlað 22":[63.97784,-22.5861],"háaleitishlað 26":[63.98017,-22.583],"háaleitishlað 29":[63.97926,-22.59168],"háaleitishlað 24":[63.97916,-22.58499],"háaleitishlað 27":[63.97827,-22.5927],"háaleitishlað 20":[63.97665,-22.5872],"pétursvöllur 15":[63.98826,-22.5865],"hólsvöllur 12":[63.97973,-22.59702],"hólsvöllur 2":[63.98432,-22.58356],"hólsvöllur 11":[63.98055,-22.59542],"grænivöllur 10":[63.9783,-22.58464],"grænivöllur 18":[63.97584,-22.58667],"grænivöllur 28":[63.9743,-22.58792],"fálkavöllur 11":[63.99543,-22.63288],"fálkavöllur 19":[63.99533,-22.63386],"fálkavöllur 9":[63.99558,-22.63123],"blikavöllur 2":[63.998,-22.62809],"kjóavöllur 2":[63.99713,-22.62769],"blikavöllur 5":[63.99903,-22.6303],"blikavöllur 1":[63.99737,-22.63015],"arnarvöllur 4":[63.99867,-22.63267],"kílóakbraut 4":[63.98988,-22.61956],"haraldsvöllur 10":[63.98018,-22.63211],"flugstöð 1b":[63.99793,-22.62297]}