{"norðurljósavegur 5":[63.88092,-22.43838],"orkubraut 1":[63.87558,-22.42608],"norðurljósavegur 9":[63.88022,-22.44902],"norðurljósavegur 3":[63.88134,-22.43139],"selskógur 1":[63.87215,-22.43174],"melhólabraut 4":[63.85547,-22.42085],"hof 2":[63.84089,-22.39452],"þórkötlustaðir 3":[63.84015,-22.39091],"norðurljósavegur 7":[63.88073,-22.4416],"orkubraut 3":[63.87871,-22.43112],"norðurljósavegur 7a":[63.88017,-22.44146],"norðurljósavegur 13":[63.87643,-22.45792],"norðurljósavegur 2":[63.92286,-22.47628],"norðurljósavegur 1":[63.88132,-22.42965],"melhólabraut 2":[63.85597,-22.42775],"norðurljósavegur 9a":[63.88159,-22.45255],"hópsheiði 34":[63.84679,-22.40176],"norðurljósavegur 11":[63.87882,-22.45209],"þórkötlustaðir 1":[63.84174,-22.38814],"orkubraut 2":[63.87679,-22.42356],"víkurbraut 51":[63.85201,-22.43379],"mölvík 1":[63.82204,-22.61237]}