{"vallarhús 2":[64.06581,-22.69549],"nátthagi 3":[64.06112,-22.70356],"nátthagi 2":[64.06099,-22.70412],"ásgarður 1":[64.07528,-22.68784],"nátthagi 5":[64.06085,-22.70248],"nátthagi 7":[64.06031,-22.70259],"nátthagi 9":[64.05982,-22.70279],"nátthagi 13":[64.05905,-22.70099],"nátthagi 15":[64.05937,-22.70298],"nátthagi 18":[64.06088,-22.70144],"norðurgata 52":[64.04734,-22.70385],"stafnes 3":[63.97205,-22.74793],"nátthagi 1a":[64.0604,-22.70546],"ásgarður 2":[64.07532,-22.68588],"garðvegur 5":[64.04318,-22.71338],"nátthagi 4":[64.06102,-22.70295],"nátthagi 6":[64.06056,-22.70234],"nátthagi 8":[64.05985,-22.70341],"nátthagi 10":[64.05976,-22.70217],"nátthagi 12":[64.05931,-22.70119],"nátthagi 14":[64.05879,-22.70095],"nátthagi 17":[64.05888,-22.70334],"setberg 2":[64.02443,-22.70259],"bárugerði 2":[64.0201,-22.70101],"bárugerði 1":[64.02025,-22.70629],"stafnes 2":[63.97196,-22.74634],"nátthagi 1":[64.06079,-22.7045],"nátthagi 11":[64.05952,-22.70158],"nátthagi 16":[64.05911,-22.703],"norðurgata 36":[64.04534,-22.70284],"garðvegur 5b":[64.04439,-22.71275],"flugstöð 7":[63.99895,-22.61911],"ásgarður 3":[64.07238,-22.68435],"fjörukot 1":[64.02305,-22.70527],"nátthagi 23":[64.0598,-22.70057],"nátthagi 21":[64.06031,-22.70013],"nátthagi 19":[64.06077,-22.70086],"nátthagi 22":[64.06003,-22.70017],"nátthagi 20":[64.06058,-22.70032],"dreifistöð 748":[63.96156,-22.72703],"kirkjuból 2":[64.06429,-22.69639],"flugstöð 6":[63.99951,-22.62274],"dreifistöð dre 303":[64.04823,-22.70637],"nýlenda 2":[63.97357,-22.74314],"nátthagi 1b":[64.06059,-22.70497],"melaberg 1":[64.00242,-22.7053]}