{"skagabraut 62a":[64.07934,-22.67784],"skálareykjavegur 10":[64.07598,-22.67743],"skagabraut 35":[64.07759,-22.67594],"skagabraut 33":[64.0775,-22.67549],"skagabraut 100":[64.0817,-22.6885],"skagabraut 102":[64.08153,-22.68944],"skagabraut 36":[64.0771,-22.67076],"skagabraut 38":[64.07724,-22.67115],"skagabraut 44a":[64.07793,-22.67083],"skagabraut 56":[64.07861,-22.6761],"skagabraut 71":[64.07797,-22.68195],"skagabraut 72a":[64.08043,-22.68127],"skagabraut 39":[64.07787,-22.67582],"skagabraut 25":[64.07667,-22.67157],"skagabraut 41":[64.07765,-22.67673],"skagabraut 44":[64.07773,-22.67249],"skagabraut 46":[64.07773,-22.67325],"skagabraut 51":[64.07837,-22.67886],"skagabraut 64":[64.07896,-22.67894],"skagabraut 72":[64.0793,-22.68173],"skagabraut 76":[64.07947,-22.68278],"skagabraut 82":[64.0802,-22.6852],"skagabraut 43":[64.0779,-22.67693],"útskálavegur 7b":[64.0774,-22.66574],"útskálavegur 7a":[64.0776,-22.66496],"útskálavegur 3a":[64.07739,-22.66754],"útskálavegur 7":[64.07794,-22.66545],"skagabraut 45":[64.07791,-22.67744],"helguvíkurvegur 5":[64.02884,-22.56882],"helguvíkurvegur 1":[64.02776,-22.57858],"skagabraut 59":[64.07857,-22.6802],"skagabraut 49":[64.07832,-22.67824],"dre 454":[64.04275,-22.60059],"norðurljósavegur 4":[64.0778,-22.68449],"norðurljósavegur 2":[64.0783,-22.68408],"helguvíkurvegur 3":[64.02872,-22.57088],"norðurljósavegur 6":[64.07736,-22.68482],"skagabraut 86":[64.0805,-22.68674],"akurhús 1":[64.0789,-22.67166],"útskálavegur 3":[64.07784,-22.66814],"skagabraut 27":[64.07685,-22.67241],"skagabraut 42":[64.07757,-22.67208],"skagabraut 78b":[64.08047,-22.68335],"skagabraut 57":[64.07823,-22.67995],"skagabraut 37":[64.07775,-22.67559],"skagabraut 48b":[64.07793,-22.67453],"skálareykjavegur 12":[64.07556,-22.67675],"skagabraut 48":[64.07804,-22.67368],"skagabraut 53":[64.07851,-22.6797],"útskálavegur 5":[64.07806,-22.66653],"akurhúsavegur 9":[64.07956,-22.67386],"skagabraut 31":[64.07759,-22.67518],"skagabraut 78":[64.07987,-22.68318]}