{"ferjutröð 540":[63.96383,-22.57319],"keilisbraut 753":[63.97196,-22.57844],"keilisbraut 751":[63.97205,-22.58023],"keilisbraut 749":[63.97247,-22.58065],"keilisbraut 775":[63.96987,-22.57115],"grænásbraut 999":[63.97643,-22.56476],"lindarbraut 639":[63.96915,-22.58541],"lindarbraut 634":[63.96757,-22.5876],"lindarbraut 636":[63.96754,-22.58367],"lindarbraut 637":[63.96822,-22.58767],"lindarbraut 638":[63.96836,-22.58564],"lindarbraut 624":[63.96889,-22.59027],"heiðartröð 2":[63.96604,-22.58353],"breiðbraut 672":[63.96871,-22.57984],"breiðbraut 670a":[63.96905,-22.58164],"seljubraut 645":[63.97039,-22.58948],"breiðbraut 643":[63.96964,-22.59016],"suðurbraut 1233":[63.97476,-22.57203],"suðurbraut 759":[63.97412,-22.57454],"suðurbraut 765":[63.97279,-22.5721],"valhallarbraut 738":[63.97218,-22.58225],"valhallarbraut 868":[63.97696,-22.57565],"valhallarbraut 866":[63.97698,-22.57859],"skógarbraut 1114a":[63.97258,-22.55628],"skógarbraut 1113a":[63.97314,-22.55637],"flugvallarbraut 736":[63.97069,-22.58071],"flugvallarbraut 701":[63.96959,-22.5731],"flugvallarbraut 730":[63.97195,-22.58596],"breiðbraut 673":[63.96967,-22.58301],"kliftröð 1":[63.9618,-22.56967],"breiðbraut 674":[63.96948,-22.58403],"breiðbraut 675":[63.9699,-22.58422],"bogatröð 1":[63.96501,-22.57468],"aðaltröð 4":[63.96597,-22.57779],"aðaltröð 6":[63.96562,-22.57899],"bogatröð 11":[63.96398,-22.57935],"bogatröð 16":[63.96308,-22.58484],"bogatröð 20":[63.96259,-22.58655],"bogatröð 13":[63.96366,-22.58035],"bogatröð 17":[63.96341,-22.5812],"bogatröð 27":[63.96258,-22.58395],"bogatröð 29":[63.96247,-22.58431],"bogatröð 33":[63.96207,-22.5856],"funatröð 1":[63.96228,-22.57872],"funatröð 3":[63.96175,-22.58072],"funatröð 12":[63.96136,-22.58484],"funatröð 7":[63.96082,-22.58385],"klettatröð 6":[63.96217,-22.5756],"klettatröð 1":[63.96277,-22.57032],"klettatröð 3":[63.96259,-22.57134],"klettatröð 5":[63.96212,-22.57292],"klettatröð 9":[63.96165,-22.57425],"klettatröð 11":[63.96149,-22.57488],"klettatröð 10":[63.96109,-22.57914],"klettatröð 12":[63.96097,-22.58112],"klettatröð 14":[63.96011,-22.58214],"klettatröð 16":[63.95995,-22.58278],"klettatröð 13":[63.96051,-22.57551],"klettatröð 15":[63.96043,-22.57784],"klettatröð 19":[63.95971,-22.57998],"kliftröð 7":[63.96113,-22.57174],"kliftröð 19":[63.9596,-22.57685],"kliftröð 21":[63.95898,-22.57739],"kliftröð 25":[63.95842,-22.57926],"kliftröð 16":[63.95897,-22.5812],"grænásbraut 600":[63.96761,-22.58021],"grænásbraut 501":[63.96671,-22.57805],"grænásbraut 920":[63.97037,-22.5668],"keilisbraut 771":[63.972,-22.57511],"keilisbraut 747":[63.97329,-22.57839],"keilisbraut 748":[63.97318,-22.57785],"valhallarbraut 744":[63.97413,-22.57935],"valhallarbraut 743":[63.97371,-22.57889],"fjörubraut 1224":[63.9757,-22.56902],"fjörubraut 1225":[63.97517,-22.57016],"fjörubraut 1227":[63.97475,-22.57064],"fjörubraut 1230":[63.97397,-22.57009],"bogabraut 953":[63.97318,-22.56974],"bogabraut 960":[63.97332,-22.5664],"grænásbraut 1216":[63.97507,-22.56493],"grænásbraut 1219":[63.97532,-22.56777],"grænásbraut 1220":[63.97568,-22.56656],"grænásbraut 1221":[63.97579,-22.56797],"skógarbraut 921":[63.97286,-22.55868],"skógarbraut 922":[63.97286,-22.55952],"skógarbraut 919":[63.97327,-22.55893],"skógarbraut 923":[63.973,-22.56049],"skógarbraut 927a":[63.97117,-22.56053],"skógarbraut 928a":[63.97149,-22.56258],"skógarbraut 929a":[63.97126,-22.56331],"skógarbraut 930a":[63.97154,-22.5641],"skógarbraut 932":[63.97223,-22.55974],"skógarbraut 945":[63.97227,-22.56433],"skógarbraut 946":[63.97222,-22.56344],"skógarbraut 1103":[63.97115,-22.55762],"skógarbraut 1106a":[63.97146,-22.55334],"skógarbraut 1107a":[63.97182,-22.55411],"skógarbraut 1109a":[63.97258,-22.55316],"skógarbraut 1111b":[63.97292,-22.55539],"bogabraut 960c":[63.97318,-22.56653],"bogabraut 952a":[63.97302,-22.56898],"bogabraut 952b":[63.97275,-22.56923],"bogatröð 2":[63.96572,-22.57634],"bogatröð 4":[63.96538,-22.57765],"bogatröð 10":[63.96409,-22.58149],"bogatröð 10a":[63.9637,-22.5825],"bogatröð 14":[63.96339,-22.58392],"bogatröð 23":[63.96293,-22.58275],"bogatröð 25":[63.96273,-22.58348],"bogatröð 31":[63.96221,-22.58517],"funatröð 2":[63.96287,-22.57961],"funatröð 4":[63.96266,-22.58059],"funatröð 8":[63.96183,-22.58318],"funatröð 5":[63.96099,-22.58311],"klettatröð 2":[63.96289,-22.57214],"keilisbraut 754":[63.97183,-22.5777],"keilisbraut 750":[63.97191,-22.57949],"keilisbraut 745":[63.97293,-22.58106],"keilisbraut 774":[63.9705,-22.57138],"valhallarbraut 1222":[63.97618,-22.56753],"grænásbraut 1215":[63.9746,-22.5651],"fjörubraut 1223":[63.97579,-22.57032],"fjörubraut 1226":[63.97508,-22.56876],"fjörubraut 1229":[63.97437,-22.57132],"fjörubraut 1232":[63.97387,-22.57132],"klettatröð 23":[63.95938,-22.58186],"kliftröð 5":[63.9615,-22.57067],"kliftröð 9":[63.96097,-22.5723],"kliftröð 23":[63.95871,-22.57819],"kliftröð 27":[63.95822,-22.57997],"kliftröð 13":[63.96052,-22.57419],"grænásbraut 700":[63.96864,-22.57566],"grænásbraut 614":[63.96646,-22.58296],"grænásbraut 910":[63.96894,-22.57067],"keilisbraut 773":[63.97145,-22.57363],"keilisbraut 755":[63.97142,-22.57724],"skógarbraut 1101":[63.97163,-22.55836],"skógarbraut 1104":[63.97193,-22.55541],"skógarbraut 1108a":[63.97179,-22.55288],"flugvallarbraut 752":[63.97111,-22.58381],"suðurbraut 758":[63.97454,-22.57501],"valhallarbraut 869":[63.97786,-22.5759],"valhallarbraut 872":[63.97633,-22.57732],"grænásbraut 1217":[63.97524,-22.56424],"grænásbraut 1218":[63.97526,-22.56655],"skógarbraut 914":[63.9715,-22.55605],"skógarbraut 915":[63.97204,-22.55653],"skógarbraut 1110a":[63.97255,-22.55486],"skógarbraut 1112a":[63.97291,-22.55372],"flugvallarbraut 731":[63.97174,-22.58483],"bogabraut 960b":[63.97322,-22.56649],"fjörubraut 1231":[63.97388,-22.56893],"keilisbraut 770":[63.972,-22.57358],"grænásbraut 720":[63.9712,-22.56981],"grænásbraut 349":[63.96591,-22.5892],"grænásbraut 619":[63.96703,-22.59085],"flugvallarbraut 772":[63.97222,-22.5881],"dreifistöð dre 717":[63.97344,-22.55814],"grænásbraut 552":[63.9678,-22.57526],"seljubraut 654":[63.97148,-22.58871],"bogabraut 961a":[63.97317,-22.56722],"bogabraut 961d":[63.97351,-22.56696],"skógarbraut 1105c":[63.97162,-22.5553],"ferjutröð 9":[63.96068,-22.56767],"skógarbraut 1105b":[63.97143,-22.55525],"dreifistöð dre 718":[63.97093,-22.55492],"bogabraut 950e":[63.97208,-22.56682],"flugvallarbraut 936":[63.96718,-22.56853],"smiðjutröð 3":[63.96113,-22.58587],"smiðjutröð 11":[63.95873,-22.58209],"skógarbraut 925b":[63.97262,-22.56108],"skógarbraut 925c":[63.97237,-22.56103],"skógarbraut 925a":[63.97287,-22.56105],"breiðbraut 669b":[63.96899,-22.58347],"breiðbraut 669d":[63.969,-22.58319],"breiðbraut 669g":[63.969,-22.58272],"breiðbraut 669h":[63.969,-22.58259],"flugvallarbraut 732a":[63.97113,-22.58066],"skógarbraut 1113b":[63.97293,-22.5564],"skógarbraut 927c":[63.97132,-22.56065],"flugvallarbraut 734a":[63.97117,-22.58163],"smiðjutröð 15":[63.95674,-22.57939],"smiðjutröð 13":[63.9578,-22.58121],"grænásbraut 508d":[63.96667,-22.58086],"bogabraut 963b":[63.97432,-22.56821],"grænásbraut 607b":[63.96659,-22.58731],"breiðbraut 670b":[63.96925,-22.58107],"skógarbraut 931b":[63.97135,-22.56474],"skógarbraut 927b":[63.97126,-22.56059],"skógarbraut 924b":[63.97273,-22.56028],"heiðartröð 517":[63.96622,-22.57961],"klettatröð 6a":[63.9621,-22.57584],"klettatröð 6b":[63.96237,-22.57631],"klettatröð 12b":[63.9604,-22.58098],"klettatröð 12a":[63.96062,-22.58022],"skógarbraut 1109c":[63.97259,-22.5541],"heiðartröð 518":[63.96331,-22.57822],"smiðjutröð 1":[63.96173,-22.5866],"bogabraut 950b":[63.97241,-22.56653],"skógarbraut 916b":[63.9725,-22.55712],"grænásbraut 601":[63.96702,-22.58305],"bogabraut 950f":[63.97198,-22.56695],"dreifistöð hs 724":[63.96927,-22.5774],"dreifistöð dre 712":[63.96567,-22.57487],"grænásbraut 506f":[63.967,-22.58035],"grænásbraut 506c":[63.96707,-22.57999],"grænásbraut 506d":[63.96705,-22.58009],"grænásbraut 506j":[63.96691,-22.58081],"bogabraut 961e":[63.97355,-22.5669],