{"reykjahvoll 13":[64.1536,-21.65398],"reykjadalur 1":[64.17776,-21.61963],"egilsmói 8":[64.17913,-21.63623],"egilsmói 6":[64.17927,-21.63769],"roðamói 3":[64.17953,-21.6065],"lynghólsvegur 23":[64.10549,-21.65397],"lynghólsvegur 19":[64.10507,-21.65057],"lynghólsvegur 17":[64.10598,-21.65109],"miðdalur 2":[64.12301,-21.59857],"minna-mosfell 2":[64.18733,-21.61404],"hraðastaðir 1":[64.17866,-21.58952],"hraðastaðavegur 9":[64.17759,-21.58841],"reykjahvoll 39":[64.1524,-21.65145],"reykjahvoll 16":[64.1523,-21.65524],"sunnuhlíð 2":[64.09399,-21.70255],"reykjahvoll 12":[64.15266,-21.65462],"reykjahvoll 17":[64.15306,-21.65318],"reykjahvoll 23":[64.15271,-21.65319],"reykjahvoll 31":[64.15241,-21.65278],"reykjahvoll 22":[64.15173,-21.6542],"reykjahvoll 34":[64.15135,-21.6542],"reykjahvoll 38":[64.15174,-21.65321],"asparhvammur 6":[64.15546,-21.64759],"seljadalsvegur í miðdal 4":[64.11854,-21.6505],"reynihvammur 3":[64.15431,-21.64429],"reynihvammur 6":[64.15415,-21.64359],"reynihvammur 7":[64.15494,-21.64355],"reynihvammur 8":[64.15444,-21.64323],"birkihvammur 1":[64.15432,-21.64805],"birkihvammur 3":[64.15455,-21.64768],"birkihvammur 4":[64.15445,-21.64679],"birkihvammur 7":[64.15535,-21.64653],"birkihvammur 5":[64.15478,-21.64744],"birkihvammur 6":[64.15496,-21.64618],"birkihvammur 8":[64.15526,-21.64596],"grenihvammur 1":[64.15402,-21.6465],"grenihvammur 5":[64.15486,-21.64543],"grenihvammur 7":[64.15514,-21.64509],"furulundur 21":[64.19348,-21.5779],"furulundur 23":[64.19366,-21.57707],"furulundur 31":[64.19361,-21.57428],"furulundur 35":[64.19337,-21.57273],"furulundur 45":[64.1928,-21.56864],"furulundur 42":[64.19238,-21.56993],"furulundur 34":[64.19286,-21.57347],"furulundur 30":[64.19306,-21.57551],"furulundur 28":[64.193,-21.5769],"furulundur 49":[64.19247,-21.56668],"furulundur 56":[64.19165,-21.56444],"furulundur 57":[64.19204,-21.56351],"furulundur 61":[64.19184,-21.56195],"furulundur 69":[64.1914,-21.55876],"furulundur 75":[64.19117,-21.55677],"furulundur 80":[64.1904,-21.55502],"furulundur 79":[64.19097,-21.55476],"furulundur 82":[64.19025,-21.55404],"furulundur 89":[64.1905,-21.55056],"furulundur 91":[64.19046,-21.54981],"furulundur 95":[64.19038,-21.54814],"furulundur 99":[64.19025,-21.54619],"birkilundur 32":[64.1853,-21.56842],"birkilundur 36":[64.18564,-21.56658],"birkilundur 42":[64.18594,-21.56342],"birkilundur 46":[64.18615,-21.56136],"birkilundur 80":[64.18771,-21.5448],"birkilundur 82":[64.18794,-21.54365],"lævirkjalundur 5":[64.1891,-21.55348],"lævirkjalundur 8":[64.18853,-21.55221],"lævirkjalundur 10":[64.18849,-21.55113],"skógarlundur 5":[64.18722,-21.55565],"grenilundur 4":[64.18717,-21.5598],"grenilundur 8":[64.18785,-21.56098],"grenilundur 11":[64.18868,-21.564],"grenilundur 13":[64.18904,-21.56471],"grenilundur 18":[64.18964,-21.56442],"grenilundur 23":[64.19066,-21.56812],"grenilundur 26":[64.19096,-21.56712],"grenilundur 28":[64.19136,-21.56773],"birkilundur 48":[64.18621,-21.56033],"birkilundur 50":[64.18627,-21.55927],"birkilundur 52":[64.18639,-21.55829],"birkilundur 56":[64.18652,-21.55626],"réttarhvoll 15":[64.15199,-21.65805],"roðamói 1":[64.1802,-21.60648],"roðamói 9":[64.18017,-21.60212],"roðamói 11":[64.17955,-21.60271],"hamrabrekkur 1":[64.10937,-21.63518],"hamrabrekkur 3":[64.11032,-21.63509],"hamrabrekkur 5":[64.11076,-21.63363],"hamrabrekkur 7":[64.1094,-21.63368],"hamrabrekkur 10":[64.11027,-21.632],"hamrabrekkur 14":[64.11044,-21.63083],"hamrabrekkur 17":[64.11101,-21.6292],"hamrabrekkur 20":[64.111,-21.62807],"hamrabrekkur 24":[64.11176,-21.62584],"hamrabrekkur 29":[64.11194,-21.62278],"birkilundur 60":[64.18668,-21.55379],"birkilundur 64":[64.18681,-21.55205],"birkilundur 68":[64.18698,-21.54994],"birkilundur 63":[64.1872,-21.55309],"birkilundur 72":[64.18714,-21.54786],"birkilundur 74":[64.18721,-21.54706],"birkilundur 75":[64.18779,-21.54662],"hamrabrekkur 2":[64.10971,-21.63525],"hamrabrekkur 25":[64.11182,-21.62428],"skógarlundur 19":[64.18969,-21.5608],"skógarlundur 23":[64.19031,-21.56211],"furulundur 77":[64.19105,-21.556],"varmaland 2":[64.17607,-21.61818],"furulundur 53":[64.19231,-21.56522],"furulundur 15":[64.19272,-21.57996],"skógarlundur 7":[64.1878,-21.55689],"skógarlundur 9":[64.18809,-21.5577],"skógarlundur 11":[64.1884,-21.55834],"skógarlundur 13":[64.18874,-21.55911],"skógarlundur 15":[64.18909,-21.55981],"skógarlundur 17":[64.18938,-21.56018],"reykjahvoll 41":[64.1525,-21.65065],"hamrabrekkur 6":[64.11,-21.63345],"hamrabrekkur 27":[64.11117,-21.62357],"hraðastaðir 6":[64.17721,-21.59027],"hraðastaðir 3":[64.17828,-21.58965],"hraðastaðir 5":[64.17967,-21.59021],"reykjadalur 3a":[64.17699,-21.62141],"réttarhvoll 17":[64.15169,-21.65902],"lynghólsvegur 24":[64.10522,-21.66326],"víðihóll 2":[64.18288,-21.62741],"suðurreykir 1":[64.15517,-21.65428],"suður-reykir 5":[64.15415,-21.65762],"hraðastaðavegur 7":[64.17807,-21.58922],"egilsmói 5":[64.17785,-21.63277],"víðihóll 1":[64.18286,-21.62772],"helgadalsvegur 7":[64.17872,-21.59105],"furulundur 32":[64.19296,-21.57435],"furulundur 26":[64.19263,-21.57809],"furulundur 51":[64.19235,-21.56581],"furulundur 59":[64.19193,-21.56274],"furulundur 63":[64.19171,-21.56103],"furulundur 67":[64.19153,-21.55945],"furulundur 73":[64.19134,-21.55763],"furulundur 81":[64.19078,-21.55417],"furulundur 83":[64.19068,-21.55321],"furulundur 86":[64.19009,-21.55194],"furulundur 88":[64.19003,-21.55089],"furulundur 90":[64.18999,-21.54981],"furulundur 93":[64.19046,-21.54899],"furulundur 94":[64.18988,-21.54749],"furulundur 96":[64.18993,-21.54626],"birkilundur 30":[64.18508,-21.56931],"birkilundur 34":[64.1855,-21.56758],"birkilundur 40":[64.18591,-21.56438],"birkilundur 44":[64.18608,-21.56238],"birkilundur 78":[64.18755,-21.54547],"birkilundur 79":[64.18825,-21.54397],"lævirkjalundur 4":[64.18863,-21.55477],"lævirkjalundur 7":[64.18906,-21.55226],"lævirkjalundur 9":[64.18899,-21.551],"lævirkjalundur 12":[64.18851,-21.55],"lævirkjalundur 14":[64.18851,-21.54893],"grenilundur 3":[64.18727,-21.56126],"grenilundur 5":[64.18764,-21.56203],"grenilundur 6":[64.18753,-21.56031],"grenilundur 9":[64.18833,-21.56352],"grenilundur 14":[64.18896,-21.56292],"grenilundur 16":[64.18925,-21.56356],"grenilundur 19":[64.19,-21.56672],"grenilundur 21":[64.19032,-21.56741],"grenilundur 24":[64.19063,-21.56643],"grenilundur 27":[64.19139,-21.56913],"reykjahvoll 14":[64.15246,-21.65482],"reykjahvoll 11":[64.15327,-21.6541],"reykjahvoll 21":[64.15259,-21.65359],"reykjahvoll 33":[64.15229,-21.65316],"reykjahvoll 20":[64.15189,-21.6538],"reykjahvoll 24":[64.15155,-21.65463],"reykjahvoll 36":[64.1515,-21.65373],"reykjahvoll 1":[64.15417,-21.65465],"asparhvammur 1":[64.15526,-21.6488],"asparhvammur 3":[64.15569,-21.64901],"asparhvammur 5":[64.15561,-21.64828],"reykjahvoll 7":[64.15383,-21.65186],"reynihvammur 1":[64.15377,-21.64512],"grenihvammur 2":[64.15387,-21.64568],"grenihvammur 4":[64.15442,-21.64487],"grenihvammur 6":[64.15476,-21.64462],"grenihvammur 8":[64.15505,-21.64438],"furulundur 19":[64.19325,-21.57856],"furulundur 25":[64.1937,-21.57623],"furulundur 29":[64.19369,-21.57504],"furulundur 33":[64.1935,-21.57356],"furulundur 39":[64.19315,-21.57107],"furulundur 43":[64.19296,-21.56939],"furulundur 44":[64.19227,-21.56911],"furulundur 40":[64.1925,-21.5708],"furulundur 36":[64.19272,-21.57249],"hafravatnsvegur 56":[64.11288,-21.63945],"hafravatnsvegur 58":[64.11258,-21.6402],"hafravatnsvegur 54":[64.11252,-21.63872],"hafravatnsvegur 52":[64.11211,-21.63866],"reykjahvoll 9":[64.15375,-21.65069],"laugabakki 2":[64.17845,-21.63141],"suður-reykir 1":[64.15466,-21.65401],"hamrabrekkur 28":[64.11146,-21.62279],"víðigrund 2":[64.17781,-21.63135],"reykjahlíð 2":[64.17753,-21.62564],"hraðastaðavegur 11":[64.17711,-21.58867],"reykjahvoll 37":[64.15228,-21.65205],"réttarhvoll 13":[64.15243,-21.65762],"hamrabrekkur 11":[64.11093,-21.63215],"hamrabrekkur 13":[64.11076,-21.63129],"hamrabrekkur 16":[64.11047,-21.62896],"hamrabrekkur 19":[64.11158,-21.62822],