{"birkilundur 27":[65.00616,-22.71831],"saurar 9":[65.01543,-22.73422],"birkilundur 4":[65.00386,-22.71607],"birkilundur 6":[65.00327,-22.71842],"birkilundur 8":[65.00249,-22.72304],"birkilundur 9":[65.00327,-22.72062],"birkilundur 10":[65.00365,-22.71945],"birkilundur 19":[65.00639,-22.71293],"birkilundur 21":[65.00875,-22.70963],"birkilundur 23":[65.00774,-22.71436],"birkilundur 25":[65.00731,-22.71633],"birkilundur 28":[65.00602,-22.72047],"birkilundur 30":[65.00527,-22.72414],"birkilundur 31":[65.00498,-22.72469],"birkilundur 33":[65.00425,-22.72723],"birkilundur 35":[65.0054,-22.72621],"birkilundur 39a":[65.00781,-22.72315],"birkilundur 48":[65.00935,-22.71613],"hraunháls 2":[64.98781,-22.90231],"birkilundur 38":[65.00725,-22.71896],"birkilundur 43":[65.00834,-22.71501],"bjarnarhöfn 2":[64.99717,-22.96122],"birkilundur 3":[65.00428,-22.71507],"birkilundur 5":[65.00346,-22.71724],"birkilundur 6a":[65.00286,-22.71953],"birkilundur 7a":[65.00205,-22.72387],"birkilundur 8a":[65.00293,-22.72196],"birkilundur 16":[65.00587,-22.71586],"birkilundur 17a":[65.00565,-22.71366],"birkilundur 18a":[65.006,-22.71215],"birkilundur 20":[65.00704,-22.71371],"birkilundur 21a":[65.00847,-22.71089],"birkilundur 22a":[65.00795,-22.71318],"birkilundur 24":[65.00755,-22.71533],"birkilundur 26":[65.00691,-22.71766],"birkilundur 47":[65.01002,-22.71395],"birkilundur 42":[65.00819,-22.71573],"birkilundur 13":[65.00466,-22.71631],"birkilundur 14":[65.00582,-22.71746],"birkilundur 44":[65.00942,-22.71196],"birkilundur 37":[65.00675,-22.72101],"birkilundur 39":[65.00708,-22.72329],"birkilundur 36":[65.00596,-22.72521],"hólar 4":[65.00241,-22.69385],"konungsbraut 1":[64.99958,-22.87461],"konungsbraut 2":[64.99951,-22.87331],"helluland 2":[64.98452,-22.66142],"konungsbraut 5":[65.00087,-22.87048],"amtmannsstígur 1":[64.99943,-22.87163],"bugur 2":[65.00478,-22.82624],"konungsbraut 3":[65.0007,-22.87116],"birkilundur 49":[65.00871,-22.72028],"birkilundur 40a":[65.00824,-22.72007],"birkilundur 50":[65.00947,-22.72467],"birkilundur 40":[65.00811,-22.7222],"birkilundur 15":[65.00501,-22.71526],"birkilundur 12":[65.00441,-22.71767],"birkilundur 32":[65.00459,-22.72603],"birkilundur 29":[65.00555,-22.72312],"birkilundur 22":[65.00822,-22.71194],"birkilundur 18":[65.00559,-22.71125],"birkilundur 7":[65.00155,-22.72472],"birkilundur 2":[65.00461,-22.7139],"birkilundur 1":[65.00512,-22.71255],"birkilundur 41":[65.00806,-22.7186],"bjarnarhöfn 1":[64.99784,-22.96242],"saurar 8":[65.00808,-22.73445],"hólar 3":[64.99914,-22.69506],"birkilundur 17":[65.00527,-22.71459],"birkilundur 34":[65.00358,-22.72847],"hólar 6":[65.01155,-22.68862],"birkilundur 11":[65.00407,-22.71854],"hólar 2":[65.00032,-22.69332],"saurar 3":[65.01563,-22.75191],"saurar 4":[65.01202,-22.75366],"saurar 5":[65.01053,-22.75604],"saurar 6":[65.01202,-22.74594],"helgafell 1":[65.0412,-22.72982],"hólar 7":[65.00049,-22.68916],"hólar 5":[65.00503,-22.69678],"hólar 1":[65.00341,-22.70807],"stekkjargata 1":[65.00139,-22.86668],"hólar 5a":[65.00368,-22.69746],"helgafell 3":[65.03886,-22.74771],"saurar 7":[65.01182,-22.73873]}