{"borg 2":[64.85155,-22.60825],"hrísdalur 1":[64.86094,-22.77429],"skothúsreitur 1":[64.85965,-22.39191],"hjarðarfell 2":[64.87443,-22.74013],"kvíakinn 2":[64.85915,-22.39337],"skothúsreitur 2":[64.85875,-22.39083],"miðhraun 2b":[64.86048,-22.66519],"svarfhóll 1":[64.85528,-22.56729],"miðhraun 2a":[64.86069,-22.66598],"stakkhamar 2":[64.80224,-22.76865],"hofsstaðir 2":[64.83643,-22.79595],"hvammur 2":[64.87535,-22.7367],"langafjara 1":[64.79907,-22.45747],"langafjara 2":[64.79918,-22.45628],"langafjara 3":[64.79944,-22.45491],"langafjara 4":[64.7997,-22.45386],"langafjara 5":[64.79986,-22.45268],"langafjara 6":[64.80045,-22.45008],"kolviðarfjara 3":[64.80271,-22.44651],"kolviðarfjara 1":[64.80025,-22.45349],"langafjara 7":[64.80086,-22.44885],"langafjara 8":[64.80117,-22.44752],"langafjara 9":[64.80134,-22.44606],"skothúsreitur 4":[64.86015,-22.39208],"syðra-lágafell 1":[64.83933,-22.86167],"dalsmynni 1":[64.84767,-22.42776],"miðhraun 2":[64.86116,-22.66661],"kvíakinn 3":[64.85984,-22.39268],"skothúsreitur 3":[64.85913,-22.38993],"miðhraun 3":[64.85985,-22.66014],"svarfhóll 4":[64.85443,-22.56397],"dalur 2":[64.86323,-22.76433],"svarfhóll 5":[64.85326,-22.56392],"svarfhóll 3":[64.8548,-22.56511],"ytra-lágafell 1":[64.84456,-22.86514],"kolviðarnes 2":[64.80056,-22.45417],"kringlumýri 1":[64.82698,-22.54152],"kringlumýri 2":[64.82724,-22.54019],"stórikrókur 5":[64.85744,-22.67327],"stórikrókur 2":[64.85745,-22.67518],"stórikrókur 9":[64.85607,-22.67418],"stórikrókur 6":[64.85603,-22.67537],"stórikrókur 4":[64.85667,-22.67528],"stórikrókur 1":[64.8581,-22.67135],"stórikrókur 3":[64.85812,-22.67366],"stórikrókur 7":[64.85677,-22.67398],"stakkhamar 3":[64.80264,-22.76896],"borgarholt 2":[64.81264,-22.77975],"hofsstaðir 3":[64.82469,-22.82235],"syðra-lágafell 2":[64.84148,-22.8664],"syðra-skógarnes 2":[64.78558,-22.59675],"svarfhóll 2":[64.85505,-22.5661],"borg 3":[64.85238,-22.60815],"kvíakinn 1":[64.85888,-22.39477],"dalsmynni 3":[64.84628,-22.42979],"dalsmynni 4":[64.84839,-22.43355],"dalsmynni 5":[64.84869,-22.43315],"hrísdalur 2":[64.86064,-22.77449],"miðhraun 4":[64.86054,-22.67036],"dalsmynni 2":[64.84693,-22.42753],"kolviðarnes 1":[64.80435,-22.43621],"þverá 1":[64.85916,-22.39269],"hjarðarfell 1":[64.87515,-22.74206],"syðra-lágafell 11":[64.83916,-22.84239],"syðra-lágafell 19":[64.83912,-22.83931],"lynghagi 1":[64.84968,-22.73949],"nýpustaðir 2":[64.82585,-22.63661],"hjarðarfell 3":[64.87531,-22.74118]}