{"tröllendi 4":[65.3718,-22.9286],"flatey 2":[65.37323,-22.91891],"flatey 1":[65.37233,-22.91898],"tröllendi 7":[65.373,-22.92146],"tröllendi 2":[65.37175,-22.92902],"tröllendi 1":[65.37221,-22.92781]}