{"borgarbraut 16":[64.92246,-23.25925],"grundargata 14e":[64.9232,-23.25506],"grundargata 82":[64.92407,-23.27137],"grundargata 52":[64.9246,-23.26755],"grundargata 90":[64.92382,-23.2729],"hjallatún 2":[64.92054,-23.24269],"gröf 3":[64.92099,-23.24745],"ölkelduvegur 5":[64.92125,-23.26083],"fákafell 3":[64.92071,-23.281],"fákafell 2":[64.92081,-23.28055],"fákafell 1":[64.9209,-23.28006],"fákafell 1a":[64.92116,-23.28037],"fákafell 9":[64.92101,-23.27927],"fákafell 10":[64.92125,-23.27846],"fákafell 8":[64.92034,-23.28153],"fákafell 6":[64.92052,-23.28055],"gröf 4":[64.9211,-23.24986],"hrannarstígur 1":[64.92557,-23.25699],"fellasneið 5":[64.92265,-23.26646],"fellabrekka 5":[64.9237,-23.26819],"fellasneið 18":[64.92264,-23.26819],"grundargata 99":[64.92311,-23.27435],"sólvellir 15":[64.92773,-23.26167],"sólvellir 10":[64.92775,-23.25886],"hellnafell 4":[64.92327,-23.26736],"fellasneið 14":[64.92293,-23.26839],"fellasneið 10":[64.92299,-23.26944],"nesvegur 17":[64.92752,-23.25814],"fagurhólstún 11":[64.92392,-23.26524],"grundargata 61":[64.9241,-23.26793],"grundargata 63":[64.92403,-23.26865],"fagurhóll 6":[64.92372,-23.26385],"fellasneið 4":[64.92293,-23.26998],"fellasneið 22":[64.92255,-23.2672],"fellasneið 26":[64.92217,-23.26763],"fellasneið 3":[64.92285,-23.26666],"fellasneið 8":[64.92282,-23.26941],"hrannarstígur 28":[64.92218,-23.26363],"hrannarstígur 30":[64.92221,-23.26385],"hrannarstígur 34":[64.92227,-23.26426],"hrannarstígur 40":[64.92235,-23.26491],"hrannarstígur 24":[64.9224,-23.2625],"ölkelduvegur 1":[64.92123,-23.26028],"ölkelduvegur 7":[64.92126,-23.26109],"ölkelduvegur 17":[64.92149,-23.26274],"ölkelduvegur 21":[64.92126,-23.26356],"ölkelduvegur 25":[64.92169,-23.26328],"ölkelduvegur 29":[64.92185,-23.26401],"ártún 5":[64.92004,-23.23715],"fagurhóll 6a":[64.92369,-23.26407],"fagurhóll 8":[64.92366,-23.26429],"ártún 6":[64.92011,-23.23801],"ártún 2":[64.92095,-23.23772],"grundargata 40":[64.92529,-23.2615],"grundargata 42":[64.92538,-23.26187],"grundargata 44":[64.9254,-23.2633],"grundargata 47":[64.92476,-23.26355],"grundargata 50":[64.92508,-23.26451],"grundargata 51":[64.92458,-23.26467],"grundargata 54":[64.92481,-23.26776],"grundargata 56":[64.92505,-23.26794],"grundargata 58":[64.92522,-23.26812],"grundargata 60":[64.92513,-23.26889],"grundargata 64":[64.92469,-23.26852],"grundargata 68":[64.9244,-23.26915],"grundargata 72":[64.92458,-23.27014],"grundargata 76":[64.92415,-23.27068],"grundargata 80":[64.92433,-23.27164],"grundargata 86":[64.92422,-23.27232],"grundargata 92":[64.9237,-23.27364],"grundargata 98":[64.92362,-23.27432],"hamrahlíð 1":[64.92397,-23.25815],"hamrahlíð 2":[64.92426,-23.25847],"hamrahlíð 4":[64.92447,-23.25891],"hamrahlíð 7":[64.92413,-23.25947],"hellnafell 6":[64.92315,-23.26671],"hlíðarvegur 2":[64.92292,-23.2564],"hlíðarvegur 5":[64.92248,-23.25601],"hlíðarvegur 7":[64.92255,-23.25644],"hlíðarvegur 9":[64.9226,-23.25687],"hlíðarvegur 11":[64.92262,-23.25734],"hlíðarvegur 13":[64.92272,-23.25776],"hlíðarvegur 15":[64.92278,-23.25811],"hlíðarvegur 17":[64.92286,-23.25893],"hlíðarvegur 21":[64.92298,-23.25977],"hlíðarvegur 25":[64.9231,-23.26068],"hrannarstígur 4":[64.92586,-23.25801],"hrannarstígur 10":[64.92414,-23.26089],"hrannarstígur 14":[64.9237,-23.26124],"nesvegur 2":[64.92556,-23.25535],"hellnafell 2":[64.92326,-23.26795],"hellnafell 8":[64.92293,-23.26612],"ártún 1":[64.92108,-23.23625],"borgarbraut 21":[64.92067,-23.26027],"borgarbraut 1a":[64.92388,-23.25746],"borgarbraut 2b":[64.92521,-23.25729],"borgarbraut 5":[64.92358,-23.25762],"nesvegur 4":[64.92625,-23.25612],"nesvegur 4a":[64.92684,-23.25539],"nesvegur 4b":[64.92693,-23.25633],"nesvegur 5":[64.92597,-23.25671],"nesvegur 6":[64.9269,-23.25692],"nesvegur 7":[64.92617,-23.25689],"nesvegur 8":[64.92685,-23.25683],"nesvegur 9":[64.92648,-23.25707],"nesvegur 10":[64.92713,-23.25709],"nesvegur 12":[64.92755,-23.25728],"nesvegur 13":[64.92706,-23.25777],"nesvegur 14":[64.92773,-23.25754],"nesvegur 15":[64.92733,-23.25767],"nesvegur 21":[64.92822,-23.25908],"smiðjustígur 1":[64.92238,-23.26021],"smiðjustígur 2":[64.92269,-23.26],"smiðjustígur 5":[64.92244,-23.26062],"smiðjustígur 7":[64.92244,-23.26081],"smiðjustígur 9":[64.9225,-23.26103],"sólvellir 1":[64.92591,-23.25905],"sólvellir 3":[64.92635,-23.25925],"sólvellir 6":[64.92731,-23.25896],"sólvellir 8":[64.92763,-23.25948],"sólvellir 16":[64.92804,-23.25984],"sólvellir 17":[64.9281,-23.26078],"sæból 3":[64.92623,-23.26099],"sæból 7":[64.92613,-23.26157],"sæból 11":[64.92604,-23.26223],"sæból 16":[64.92629,-23.26346],"sæból 20":[64.92609,-23.26459],"sæból 24":[64.92594,-23.26569],"sæból 25":[64.92563,-23.26498],"sæból 27":[64.92553,-23.2649],"sæból 29":[64.92542,-23.2648],"sæból 31":[64.92515,-23.26552],"sæból 31b":[64.92502,-23.26535],"sæból 32":[64.92577,-23.26679],"sæból 33":[64.92551,-23.2659],"sæból 35":[64.92541,-23.26645],"sæból 37":[64.92512,-23.26626],"sæból 39":[64.92499,-23.26613],"sæból 41":[64.92484,-23.26611],"sæból 42":[64.92531,-23.26741],"sæból 44a":[64.92501,-23.26713],"borgarbraut 6":[64.92421,-23.25802],"borgarbraut 7":[64.92331,-23.25779],"borgarbraut 8":[64.92371,-23.25836],"borgarbraut 9":[64.92309,-23.25793],"borgarbraut 10":[64.9234,-23.25859],"borgarbraut 17":[64.92182,-23.25772],"borgarbraut 18":[64.92222,-23.25944],"eyrarvegur 3":[64.92616,-23.25748],"eyrarvegur 5":[64.92611,-23.25794],"eyrarvegur 7":[64.92604,-23.25814],"eyrarvegur 12":[64.92597,-23.26025],"eyrarvegur 14":[64.92581,-23.26061],"eyrarvegur 17":[64.92449,-23.26122],"eyrarvegur 18":[64.92551,-23.26124],"eyrarvegur 21":[64.92411,-23.26148],"eyrarvegur 23":[64.92395,-23.26158],"eyrarvegur 25":[64.92376,-23.26168],"fagurhóll 2":[64.92395,-23.26306],"fagurhóll 4":[64.92387,-23.2636],"fagurhóll 10":[64.92361,-23.26509],"fagurhólstún 2":[64.92465,-23.26186],"fagurhólstún 4":[64.92471,-23.26257],"fagurhólstún 6":[64.92462,-23.26306],"fagurhólstún 10":[64.92445,-23.26405],"fagurhólstún 14":[64.92431,-23.26503],"fagurhólstún 16":[64.92425,-23.26559],"fossahlíð 1":[64.92344,-23.25864],"fossahlíð 3":[64.92347,-23.25909],"fossahlíð 4":[64.92384,-23.25934],"fossahlíð 6":[64.92393,-23.26003],"grundargata 4":[64.92237,-23.25391],"grundargata 6":[64.92256,-23.25416],"grundargata 8":[64.92272,-23.25444],"grundargata 10":[64.92299,-23.25484],"grundargata 13a":[64.92326,-23.25611],"grundargata 15":[64.92341,-23.25635],"grundargata 17":[64.92355,-23.2565],"grundargata 19":[64.92372,-23.25671],"grundargata 21":[64.92384,-23.25692],"grundargata 24":[64.92413,-23.2565],"grundargata 26":[64.92432,-23.25679],"grundargata 28":[64.92444,-23.25691],"grundargata 30":[64.92486,-23.25772],"grundargata 33":[64.92469,-23.25956],"grundargata 35":[64.92468,-23.26059],"grundargata 37":[64.92485,-23.26105],"fellabrekka 19":[64.92323,-23.27054],"fellabrekka 17":[64.92327,-23.27023],"fellabrekka 21":[64.9232,-23.27077],"sólvellir 17a":[64.92781,-23.26126],"grundargata 65":[64.92378,-23.26973],"nesvegur 19":[64.92785,-23.25851],"grundargata 12b":[64.92314,-23.25505],"grundargata 14b":[64.92328,-23.25512],"grundargata 14c":[64.92325,-23.25516],"grundargata 69":[64.92352,-23.27134],"fellasneið 1":[64.92303,-23.26713],"hrannarstígur 7":[64.92523,-23.25861],"grundargata 12c":[64.9232,-23.255],"grundargata 14d":[64.92324,-23.25507],"fellasneið 7":[64.92246,-23.26628],"fellabrekka 1":[64.92389,-23.26691],"fellasneið 20":[64.92273,-23.26766],"fellasneið 24":[64.92245,-23.26782],"fellasneið 28":[64.92226,-23.26701],"fellasneið 6":[64.9227,-23.26992],"grundargata 67":[64.92369,-23.27035],"fákafell 4":[64.92058,-23.28166],"fákafell 7":[64.92039,-23.28097],"fákafell 5":[64.92053,-23.28],"fellasneið 16":[64.92258,-23.26878],"hrannarstígur 18":[64.92279,-23.26233],"fellasneið 2":[64.92287,-23.27056],"hrannarstígur 9":[64.9255,-23.25939],"hrannarstígur 32":[64.92224,-23.26408],"hrannarstígur 36":[64.92228,-23.26447],"hrannarstígur 38":[64.92231,-23.26469],"hrannarstígur 22":[64.92245,-23.26272],"hrannarstígur 26":[64.9224,-23.2621],