{"háls 3":[64.93183,-23.31366],"grund 2":[64.92497,-23.20723],"mýrarhús 3":[64.94968,-23.37403],"naustáll 12":[64.99197,-23.2253],"naustáll 6":[64.99407,-23.22563],"mýrarhús 1":[64.95003,-23.37337],"háls 2":[64.93199,-23.31412],"mýrarhús 6":[64.95065,-23.37583],"berserkseyri ytri 2":[64.95696,-23.06385],"lækjarhvammur 1":[64.99938,-23.21455],"mýrarhús 5":[64.94955,-23.37516],"grund 3":[64.91643,-23.21986],"naustáll 1":[64.99135,-23.22788],"naustáll 11":[64.99236,-23.22481],"naustáll 14":[64.99287,-23.22569],"naustáll 5":[64.99366,-23.22631],"naustáll 3":[64.99271,-23.22821],"naustáll 8":[64.99378,-23.22319],"naustáll 7":[64.99453,-23.22347],"naustáll 4":[64.99329,-23.22744],"naustáll 15":[64.99235,-23.22667],"naustáll 10":[64.99276,-23.22417],"naustáll 13":[64.99141,-23.22577],"naustáll 9":[64.99313,-23.22359],"naustáll 2":[64.99201,-23.22818],"ártún 21":[64.91776,-23.24359],"látravík 1":[64.94622,-23.40767],"látravík 2":[64.94542,-23.40564],"berserkseyri ytri 3":[64.95803,-23.06574],"berserkseyri 2":[64.95608,-23.06236],"hjarðarból 1":[64.97238,-23.14803],"hallbjarnareyrarland 1":[64.99934,-23.13463],"eiði 2":[64.94638,-23.16577],"mýrarhús 2":[64.9515,-23.37483],"mýrar 1":[64.9359,-23.33939],"mýrarhús 4":[64.95108,-23.37509],"þórdísarstaðir 2":[64.9922,-23.19902],"fjarskiptahús 1":[64.94528,-23.35946]}