{"ennisbraut 11":[64.89689,-23.71271],"hjarðartún 6":[64.89635,-23.71044],"túnbrekka 18":[64.88965,-23.7005],"vallholt 2":[64.89208,-23.7088],"vallholt 4":[64.89201,-23.70834],"vallholt 5":[64.89225,-23.70792],"vallholt 6":[64.89191,-23.70779],"vallholt 7":[64.89218,-23.70752],"vallholt 8":[64.89184,-23.70729],"vallholt 9":[64.89211,-23.70709],"vallholt 10":[64.89175,-23.70685],"vallholt 11":[64.89201,-23.70656],"vallholt 12":[64.89166,-23.70633],"vallholt 13":[64.89193,-23.7061],"vallholt 14":[64.89159,-23.70587],"vallholt 15":[64.89185,-23.7056],"vallholt 16":[64.89151,-23.70539],"vallholt 17":[64.89175,-23.70514],"vallholt 18":[64.8914,-23.70482],"vallholt 22":[64.89123,-23.70388],"vallholt 26":[64.89104,-23.703],"borgarholt 2":[64.89408,-23.71057],"borgarholt 8":[64.89386,-23.71142],"brautarholt 2":[64.89272,-23.70902],"brautarholt 4":[64.89263,-23.70843],"brautarholt 8":[64.89242,-23.70718],"brautarholt 11":[64.8925,-23.70616],"brautarholt 13":[64.8924,-23.70557],"brautarholt 15":[64.89231,-23.70509],"brautarholt 17":[64.89224,-23.70457],"brautarholt 19":[64.89208,-23.70397],"brautarholt 21":[64.89201,-23.70351],"brautarholt 24":[64.89159,-23.7027],"brautarholt 28":[64.89145,-23.70181],"brúarholt 2":[64.89487,-23.70994],"brúarholt 4":[64.8949,-23.71035],"brúarholt 8":[64.89444,-23.71226],"brúarholt 9":[64.89438,-23.71299],"bæjartún 7":[64.8962,-23.71107],"bæjartún 11":[64.89582,-23.71066],"engihlíð 2":[64.89708,-23.7159],"engihlíð 6":[64.89627,-23.71553],"engihlíð 10":[64.89591,-23.71527],"engihlíð 18":[64.89413,-23.71428],"engihlíð 22":[64.8937,-23.71543],"ennisbraut 2":[64.89688,-23.70973],"ennisbraut 6":[64.89707,-23.71103],"ennisbraut 8":[64.89718,-23.71211],"ennisbraut 12":[64.89731,-23.71313],"ennisbraut 18":[64.8975,-23.71475],"ólafsbraut 28":[64.89458,-23.70657],"ólafsbraut 32":[64.89441,-23.70614],"ólafsbraut 36":[64.89415,-23.70556],"ólafsbraut 40":[64.8939,-23.70486],"ólafsbraut 44":[64.89376,-23.70445],"ólafsbraut 46":[64.89362,-23.7042],"ólafsbraut 50":[64.89338,-23.70344],"ólafsbraut 54":[64.89315,-23.70259],"ólafsbraut 58":[64.89291,-23.70176],"ólafsbraut 62":[64.89266,-23.70077],"ólafsbraut 66":[64.89242,-23.69977],"sandholt 2":[64.89326,-23.70905],"sandholt 5a":[64.89354,-23.70857],"sandholt 7":[64.89332,-23.70789],"sandholt 9":[64.89323,-23.70737],"sandholt 11":[64.89315,-23.70691],"sandholt 14":[64.89295,-23.70715],"sandholt 17":[64.89278,-23.70488],"sandholt 19":[64.89269,-23.70429],"sandholt 21":[64.8926,-23.70377],"sandholt 24":[64.89232,-23.70376],"sandholt 28":[64.89214,-23.70275],"sandholt 32":[64.89197,-23.70168],"sandholt 36":[64.8918,-23.70068],"sandholt 40":[64.89163,-23.69974],"sandholt 44":[64.89144,-23.69875],"skálholt 4":[64.89439,-23.70721],"ennisbraut 23":[64.89739,-23.71674],"ennisbraut 27":[64.89747,-23.7176],"ennisbraut 29":[64.89752,-23.71812],"ennisbraut 33":[64.89762,-23.71894],"ennisbraut 35":[64.89776,-23.71971],"ennisbraut 37":[64.89789,-23.7202],"ennishlíð 1":[64.89698,-23.71682],"ennishlíð 2":[64.89705,-23.71738],"ennishlíð 3":[64.89711,-23.71783],"ennishlíð 4":[64.89715,-23.71841],"grundarbraut 1":[64.89517,-23.70805],"grundarbraut 3":[64.89489,-23.70868],"grundarbraut 4":[64.89514,-23.70878],"grundarbraut 4a":[64.89535,-23.70914],"grundarbraut 5":[64.89473,-23.70916],"grundarbraut 6":[64.89503,-23.70929],"grundarbraut 6b":[64.89523,-23.70954],"grundarbraut 9":[64.8944,-23.70956],"grundarbraut 10":[64.89445,-23.71012],"grundarbraut 12":[64.8942,-23.71021],"grundarbraut 14":[64.89387,-23.71013],"grundarbraut 16":[64.8938,-23.71014],"grundarbraut 20":[64.89353,-23.71],"grundarbraut 24":[64.89304,-23.70988],"grundarbraut 28":[64.89255,-23.70966],"grundarbraut 32":[64.89194,-23.70945],"grundarbraut 36":[64.89154,-23.7093],"grundarbraut 39":[64.8911,-23.70824],"grundarbraut 42":[64.89086,-23.70873],"grundarbraut 44":[64.89071,-23.70818],"skálholt 9":[64.89399,-23.70661],"skálholt 11":[64.89381,-23.70639],"skálholt 11a":[64.89373,-23.70591],"skálholt 13":[64.89356,-23.70633],"skálholt 15":[64.89338,-23.70623],"skipholt 1":[64.89177,-23.7087],"skipholt 2":[64.89145,-23.7086],"skipholt 3":[64.89168,-23.70813],"skipholt 4":[64.89134,-23.70793],"skipholt 5":[64.89157,-23.70752],"skipholt 6":[64.89124,-23.70723],"skipholt 7":[64.8915,-23.70713],"skipholt 8":[64.89114,-23.70679],"skipholt 9":[64.89141,-23.70663],"skipholt 10":[64.89106,-23.70623],"skipholt 11":[64.89132,-23.70608],"skipholt 14":[64.89086,-23.70511],"stekkjarholt 2":[64.89361,-23.71131],"stekkjarholt 4":[64.89335,-23.7112],"stekkjarholt 6":[64.89311,-23.7111],"stekkjarholt 8":[64.89289,-23.71104],"stekkjarholt 11":[64.89274,-23.71033],"túnbrekka 3":[64.89016,-23.70493],"túnbrekka 7":[64.88995,-23.70398],"túnbrekka 11":[64.88968,-23.70296],"túnbrekka 13":[64.88959,-23.70252],"túnbrekka 16":[64.88974,-23.70104],"grundarbraut 50":[64.89042,-23.70652],"hábrekka 2":[64.88985,-23.70523],"hábrekka 3":[64.88942,-23.70462],"hábrekka 5":[64.88928,-23.70416],"hábrekka 7":[64.88917,-23.70365],"hábrekka 9":[64.88907,-23.70321],"hábrekka 12":[64.8893,-23.70276],"hábrekka 14":[64.88922,-23.70213],"hábrekka 15":[64.88875,-23.7008],"hábrekka 18":[64.88908,-23.70114],"hjallabrekka 1":[64.89019,-23.70641],"hjallabrekka 3":[64.88998,-23.70629],"hjallabrekka 6":[64.88968,-23.70605],"hjallabrekka 8":[64.88945,-23.70596],"hjarðartún 2":[64.8967,-23.71075],"hjarðartún 7":[64.89603,-23.70949],"hjarðartún 12":[64.89573,-23.7099],"holtabrún 4":[64.89306,-23.70493],"holtabrún 8":[64.89346,-23.70565],"lindarholt 2":[64.89381,-23.70889],"lindarholt 4":[64.89377,-23.70848],"lindarholt 6":[64.89367,-23.70793],"lindarholt 10":[64.89349,-23.70701],"miðbrekka 5":[64.8904,-23.70277],"mýrarholt 3":[64.89488,-23.70791],"mýrarholt 7":[64.89469,-23.70748],"mýrarholt 14":[64.89409,-23.70716],"ólafsbraut 6":[64.89719,-23.71012],"ólafsbraut 19":[64.8954,-23.70665],"ólafsbraut 21":[64.89494,-23.70581],"ólafsbraut 55":[64.89387,-23.70348],"mýrarholt 2":[64.8943,-23.70849],"sandholt 45":[64.89155,-23.69776],"túnbrekka 14":[64.8898,-23.70173],"hábrekka 11":[64.88885,-23.7019],"klifbrekka 6":[64.8906,-23.69624],"klifbrekka 6a":[64.89028,-23.6958],"dalbraut 9":[64.88968,-23.69032],"dalbraut 2":[64.89089,-23.68712],"dalbraut 5":[64.88797,-23.68756],"ennisbraut 40":[64.9006,-23.72737],"ennisbraut 1":[64.89666,-23.70998],"ólafsbraut 24":[64.89476,-23.707],"ólafsbraut 4":[64.89734,-23.71021],"ólafsbraut 1a":[64.89792,-23.70967],"ólafsbraut 1":[64.89789,-23.70982],"norðurtangi 9b":[64.89849,-23.70488],"norðurtangi 9c":[64.89851,-23.7047],"norðurtangi 13":[64.89841,-23.70315],"ólafsbraut 80":[64.89133,-23.67625],"túnbrekka 4":[64.89032,-23.70411],"túnbrekka 6":[64.89026,-23.70382],"túnbrekka 6b":[64.8902,-23.70353],"túnbrekka 8b":[64.89003,-23.70302],"túnbrekka 10a":[64.88996,-23.70269],"túnbrekka 10b":[64.88993,-23.70245],"miðbrekka 3":[64.89047,-23.70331],"grundarbraut 7":[64.89448,-23.70962],"grundarbraut 2":[64.89549,-23.70857],"bankastræti 1a":[64.8955,-23.7055],"ennisbraut 44":[64.90062,-23.72987],"ennisbraut 55":[64.89959,-23.72751],"ennisbraut 38":[64.90017,-23.72623],"ennisbraut 34":[64.89957,-23.72435],"ennisbraut 30":[64.89903,-23.72211],"ennisbraut 13":[64.89704,-23.71462],"engihlíð 23":[64.89358,-23.71251],"ólafsbraut 12":[64.89613,-23.7086],"norðurtangi 6":[64.897,-23.70612],"norðurtangi 9a":[64.89849,-23.70509],"snoppuvegur 4":[64.89851,-23.70616],"norðurtangi 5":[64.8977,-23.70633],"norðurtangi 1":[64.89751,-23.70893],"snoppuvegur 3":[64.89827,-23.70917],"snoppuvegur 6":[64.89862,-23.70929],"bankastræti 1":[64.8952,-23.70458],"bankastræti 3":[64.89467,-23.70353],"engihlíð 12":[64.8957,-23.71515],"grundarbraut 40":[64.8911,-23.70911],"lækjarbrekka 3":[64.8908,-23.70029],"lækjarbrekka 5":[64.89076,-23.70081],"lækjarbrekka 7":[64.89063,-23.70153],"ólafsbraut 57":[64.89355,-23.7027],"engihlíð 16c":[64.89504,-23.7147],"engihlíð 16d":[64.89495,-23.71462],"engihlíð 16f":[64.89467,-23.71442],"miðbrekka 17":[64.88989,-23.70003],"miðbrekka 19":[64.88977,-23.69951],