{"ytri-garðar 3":[64.81413,-23.14294],"grundarslóð 6":[64.7682,-23.62697],"gilbakki 1":[64.76758,-23.6255],"grundarslóð 10":[64.76857,-23.62552],"brekkustígur 2":[64.75193,-23.64823],"böðvarsholt 2":[64.84525,-23.33774],"sölvaslóð 5":[64.77398,-23.63003],"sölvaslóð 11":[64.77321,-23.63451],"kjarvalströð 5":[64.7515,-23.65643],"kjarvalströð 13":[64.75112,-23.6576],"kjarvalströð 18":[64.75125,-23.65793],"kjarvalströð 14":[64.75148,-23.65768],"kjarvalströð 1":[64.75161,-23.65593],"kjarvalströð 2":[64.75174,-23.65617],"lækjarbakki 1":[64.76622,-23.64418],"lækjarbakki 3":[64.76586,-23.6425],"móar 3":[64.76607,-23.63769],"móar 5":[64.76593,-23.63646],"hraunbalar 3":[64.81622,-23.50554],"hraunbalar 6":[64.81678,-23.50878],"hraunbalar 7":[64.81719,-23.50991],"hlíðarholt 2":[64.84649,-23.33815],"sölvaslóð 1":[64.77318,-23.62673],"sölvaslóð 4":[64.77367,-23.6295],"sölvaslóð 8":[64.77346,-23.63192],"sölvaslóð 10":[64.77388,-23.63404],"hraunbalar 5":[64.81696,-23.50765],"hraunbalar 8":[64.81737,-23.51102],"jaðar 2":[64.7646,-23.64017],"lækjarbakki 4":[64.7656,-23.64384],"brekkustígur 1":[64.75212,-23.64717],"brekkustígur 7":[64.75159,-23.64748],"lækjarbakki 10":[64.765,-23.64172],"grundarslóð 2":[64.76781,-23.62817],"hraunbalar 4":[64.81681,-23.50657],"traðarland 1":[64.92609,-23.4909],"móar 1":[64.76616,-23.63886],"baulumýri 6":[64.81309,-23.57849],"hraunbalar 9":[64.81676,-23.51192],"móar 4":[64.76563,-23.63806],"brekkustígur 4":[64.75257,-23.64814],"brekkustígur 6":[64.75233,-23.64663],"ölkelda 2":[64.83787,-22.97486],"bústaðabrekka 1":[64.85762,-23.03644],"akrar 2":[64.74812,-23.64429],"ytri-garðar 1":[64.81393,-23.14011],"jaðar 1":[64.76499,-23.63972],"jaðar 4":[64.76436,-23.63927],"jaðar 6":[64.76412,-23.63847],"jaðar 7":[64.76439,-23.63769],"jaðar 9":[64.76425,-23.63695],"jaðar 11":[64.76399,-23.636],"jaðar 13":[64.76373,-23.63501],"jaðar 14":[64.76315,-23.63462],"jaðar 16":[64.76287,-23.63358],"jaðar 18":[64.76318,-23.63291],"lækjarbakki 2":[64.76582,-23.64468],"lækjarbakki 8":[64.76522,-23.64252],"móar 6":[64.76552,-23.63705],"móar 8":[64.76548,-23.63626],"móar 10":[64.7654,-23.63542],"músaslóð 8":[64.77139,-23.62965],"músaslóð 13":[64.77226,-23.62932],"músaslóð 10":[64.77276,-23.62846],"músaslóð 6":[64.77137,-23.62837],"músaslóð 9":[64.7707,-23.62977],"brekkustígur 3":[64.7518,-23.64692],"brekkustígur 5":[64.75152,-23.64679],"hraunbalar 2":[64.81623,-23.5045],"hraunbalar 1":[64.81644,-23.50378],"sölvaslóð 2":[64.7733,-23.62835],"sölvaslóð 6":[64.77449,-23.63001],"kjarvalströð 3":[64.75155,-23.65626],"kjarvalströð 7":[64.75141,-23.6567],"kjarvalströð 11":[64.75121,-23.65727],"kjarvalströð 15":[64.75137,-23.65744],"kjarvalströð 16":[64.75139,-23.65808],"kjarvalströð 12":[64.75154,-23.65737],"kjarvalströð 8":[64.75172,-23.65678],"kjarvalströð 4":[64.75186,-23.65635],"móar 7":[64.76588,-23.63511],"gilbakki 14":[64.76756,-23.6235],"tröð 2":[64.92511,-23.49092],"sölvaslóð 3":[64.77336,-23.62952],"sölvaslóð 7":[64.77377,-23.63124],"sölvaslóð 9":[64.77348,-23.63334],"brimilsvellir 2":[64.91107,-23.56773],"lækjarbakki 5":[64.76566,-23.64164],"ytri-garðar 2":[64.81487,-23.13958],"jaðar 3":[64.76482,-23.6391],"jaðar 5":[64.76465,-23.63848],"jaðar 8":[64.76387,-23.63744],"jaðar 10":[64.76362,-23.63647],"jaðar 12":[64.76338,-23.63537],"jaðar 15":[64.76342,-23.63384],"jaðar 17":[64.76378,-23.63335],"jaðar 20":[64.76356,-23.63237],"lækjarbakki 6":[64.76539,-23.64316],"böðvarsholt 1":[64.84573,-23.33784],"músaslóð 11":[64.77224,-23.62844],"sölvaslóð 15":[64.77284,-23.63106],"geirakot 1":[64.89705,-23.5848],"músaslóð 7":[64.77073,-23.62831],"sölvaslóð 14":[64.77235,-23.6317],"móar 2":[64.76576,-23.63913],"brekkustígur 8":[64.75183,-23.6488],"jörundarflöt 2":[64.92243,-23.48526],"jörundarflöt 1":[64.92224,-23.48731],"tröð 3":[64.92391,-23.4913],"melabúð 1":[64.74833,-23.64234],"kjarvalströð 10":[64.75163,-23.65706],"kjarvalströð 9":[64.75132,-23.65698],"kjarvalströð 6":[64.75177,-23.65661],"gilbakki 3":[64.76766,-23.62476],"fellaslóð 2":[64.76683,-23.63061],"kjarvalströð 20":[64.75187,-23.65738],"gröf 2":[64.8161,-23.57685],"fellaslóð 3":[64.76673,-23.63108],"laugarbrekka 1":[64.7524,-23.66991],"laugarbrekka 2":[64.75228,-23.66873],"laugarbrekka 3":[64.75224,-23.66747],"grundarslóð 8":[64.76841,-23.62617],"grundarslóð 11":[64.76895,-23.6259],"grundarslóð 13":[64.76918,-23.62517],"fjárhúsalóð 1":[64.81403,-23.1443],"fjárhúsalóð 2":[64.81404,-23.1439],"stekkjarvellir 1":[64.82896,-22.86124],"sölvaslóð 12":[64.77265,-23.63289],"brekkustígur 10":[64.75153,-23.64619],"gilbakki 12":[64.76742,-23.62415],"gilbakki 10":[64.76723,-23.62488],"grundarslóð 3":[64.76847,-23.62851],"ölkelda 1":[64.8371,-22.97869],"brimilsvellir 3":[64.91088,-23.57098],"álfaslóð 9":[64.7695,-23.6369],"fellaslóð 1":[64.76692,-23.63018],"grundarslóð 5":[64.76857,-23.628],"barðastaðir 3":[64.83933,-23.29181],"barðastaðir 2":[64.82699,-23.29853],"gilbakki 5":[64.76776,-23.62431],"brekkustígur 9":[64.75123,-23.64734],"grundarslóð 9":[64.7688,-23.62658],"grundarslóð 12":[64.76878,-23.62505],"álfaslóð 18":[64.77161,-23.63546],"álfaslóð 17":[64.77031,-23.63382],"álfaslóð 16":[64.76974,-23.63469],"álfaslóð 15":[64.77069,-23.63501],"álfaslóð 14":[64.77009,-23.63589],"álfaslóð 13":[64.771,-23.63635],"álfaslóð 12":[64.77046,-23.63718],"álfaslóð 11":[64.76917,-23.63558],"álfaslóð 8":[64.76885,-23.63721],"álfaslóð 7":[64.76982,-23.63811],"álfaslóð 6":[64.76918,-23.63843],"álfaslóð 23":[64.77146,-23.63199],"álfaslóð 22":[64.77092,-23.63289],"álfaslóð 21":[64.77183,-23.63328],"álfaslóð 20":[64.77126,-23.63412],"álfaslóð 19":[64.77218,-23.63453],"álfaslóð 5":[64.76837,-23.63849],"álfaslóð 4":[64.76801,-23.63741],"álfaslóð 3":[64.76784,-23.63914],"álfaslóð 2":[64.76727,-23.63849],"bústaðabrekka 3":[64.85707,-23.03527],"bústaðabrekka 5":[64.85684,-23.03434],"bústaðabrekka 7":[64.85664,-23.03331],"bústaðabrekka 9":[64.85631,-23.0323],"bústaðabrekka 11":[64.8562,-23.03148],"gilbakki 4":[64.76678,-23.62539],"gilbakki 2":[64.76706,-23.62579],"grundarslóð 1":[64.76835,-23.62925],"grundarslóð 14":[64.76897,-23.62464],"kjarvalströð 22":[64.75197,-23.65702],"músaslóð 4":[64.7699,-23.62926],"músaslóð 1":[64.76953,-23.62794],"músaslóð 2":[64.76988,-23.62795],"músaslóð 3":[64.76959,-23.62931],"músaslóð 5":[64.76977,-23.63074],"ölkelda 3":[64.83654,-22.97483],"kjarvalströð 24":[64.75209,-23.65676],"kjarvalströð 26":[64.75213,-23.65633],"akrar 1":[64.74748,-23.64235],"brekkustígur 13":[64.75116,-23.64898],"brekkustígur 15":[64.7508,-23.64903],"brekkustígur 11":[64.75123,-23.64812],"gilbakki 8":[64.76678,-23.6243],"gilbakki 6":[64.76655,-23.62503],"kjarvalströð 30":[64.75208,-23.65584],"kjarvalströð 32":[64.75197,-23.65557],"kjarvalströð 34":[64.75184,-23.65535],"grundarslóð 4":[64.76801,-23.6276],"brekkustígur 17":[64.75083,-23.64841],"brekkustígur 19":[64.75087,-23.6477],"brekkustígur 21":[64.75091,-23.6471],"grundarslóð 7":[64.76865,-23.62747],"grundarslóð 16":[64.7692,-23.62415],"kjarvalströð 28":[64.75219,-23.65611],"baulumýri 1":[64.81449,-23.57865],"baulumýri 2":[64.8141,-23.5797],"baulumýri 3":[64.8138,-23.578],"baulumýri 4":[64.8136,-23.57888],"baulumýri 5":[64.81323,-23.57749]}