{"hellisbraut 5":[64.91793,-23.88551],"snæfellsás 2":[64.91709,-23.88421],"munaðarhóll 27":[64.91545,-23.89038],"hellisbraut 4":[64.91755,-23.88735],"keflavíkurgata 11":[64.91946,-23.88166],"naustabúð 6":[64.91885,-23.87934],"hafnargata 4":[64.92389,-23.81717],"hafnargata 2b":[64.9242,-23.81686],"hafnargata 2d":[64.92417,-23.81662],"hafnargata 2f":[64.92411,-23.81638],"hafnargata 2h":[64.92407,-23.81612],"norðurgarður 8":[64.92471,-23.81558],"norðurgarður 12":[64.92479,-23.81597],"háarif 89a":[64.92088,-23.83062],"háarif 75a":[64.92127,-23.82924],"keflavíkurgata 12":[64.91924,-23.88054],"munaðarhóll 13":[64.91539,-23.88694],"háarif 59b":[64.92136,-23.82805],"selhóll 4":[64.91842,-23.87666],"selhóll 8":[64.91788,-23.87723],"selhóll 5":[64.91817,-23.87606],"selhóll 9":[64.91789,-23.87632],"selhóll 11":[64.91769,-23.87647],"selhóll 10":[64.91753,-23.87732],"hellisbraut 20":[64.91534,-23.89189],"hellisbraut 18":[64.91568,-23.89106],"hellisbraut 16":[64.91581,-23.89047],"hellisbraut 18a":[64.91591,-23.89104],"hellisbraut 14":[64.91614,-23.8897],"útnesvegur 10":[64.91508,-23.88431],"hellisbraut 21":[64.91632,-23.88901],"hellisbraut 10":[64.91692,-23.88862],"hellisbraut 15":[64.91685,-23.88792],"hellisbraut 11":[64.91725,-23.88717],"skólabraut 10":[64.91716,-23.88675],"skólabraut 6":[64.91724,-23.88596],"skólabraut 3":[64.9172,-23.88519],"skólabraut 2":[64.91768,-23.88432],"keflavíkurgata 2":[64.9185,-23.88273],"hellisbraut 1":[64.91849,-23.88528],"klettsbúð 7":[64.91647,-23.882],"naustabúð 3":[64.9189,-23.87819],"hafnargata 26":[64.92132,-23.8205],"hafnargata 20":[64.92188,-23.81988],"hafnargata 16":[64.92227,-23.81957],"smiðjugata 3":[64.92193,-23.81501],"smiðjugata 6":[64.92138,-23.81442],"hafnargata 6":[64.92352,-23.81735],"norðurgarður 1":[64.92444,-23.81576],"hafnargata 18":[64.92204,-23.82071],"melnes 7":[64.92086,-23.81425],"háarif 19a":[64.92249,-23.82177],"háarif 21":[64.92241,-23.82279],"keflavíkurgata 21":[64.91954,-23.87875],"háarif 7":[64.92385,-23.81989],"hraunás 6":[64.91496,-23.88792],"hraunás 9":[64.91465,-23.88795],"háarif 1":[64.9246,-23.8191],"hellisbraut 2":[64.91774,-23.88681],"helluhóll 5":[64.91634,-23.87736],"helluhóll 9":[64.91591,-23.87775],"hraunás 2":[64.9151,-23.88699],"hraunás 5":[64.91481,-23.88702],"hraunás 10":[64.91487,-23.88902],"hraunás 12":[64.91479,-23.88965],"hraunás 13":[64.91454,-23.88894],"keflavíkurgata 1":[64.91903,-23.88417],"keflavíkurgata 14":[64.91915,-23.87978],"keflavíkurgata 16":[64.91911,-23.87939],"keflavíkurgata 18":[64.91917,-23.87893],"keflavíkurgata 4":[64.91911,-23.88234],"keflavíkurgata 8":[64.9192,-23.88136],"keflavíkurgata 10":[64.91924,-23.88073],"keflavíkurgata 3":[64.91921,-23.88373],"keflavíkurgata 5":[64.91929,-23.88322],"keflavíkurgata 7":[64.91936,-23.88268],"keflavíkurgata 9":[64.91945,-23.88217],"keflavíkurgata 17":[64.91967,-23.87989],"klettsbúð 3":[64.9174,-23.88256],"laufás 2":[64.91567,-23.88067],"laufás 4":[64.91576,-23.88012],"laufás 8":[64.91582,-23.87898],"munaðarhóll 8":[64.91574,-23.88494],"munaðarhóll 10":[64.9157,-23.88564],"munaðarhóll 12":[64.91568,-23.88618],"munaðarhóll 15":[64.91537,-23.88712],"munaðarhóll 17":[64.91537,-23.88763],"munaðarhóll 19":[64.91535,-23.88816],"munaðarhóll 21":[64.91534,-23.88877],"munaðarhóll 24":[64.91564,-23.88921],"naustabúð 8":[64.91866,-23.8798],"naustabúð 10":[64.91851,-23.88021],"naustabúð 12":[64.9184,-23.88064],"naustabúð 15":[64.91803,-23.88046],"naustabúð 18":[64.91799,-23.88224],"naustabúð 21":[64.91776,-23.8819],"naustabúð 17":[64.91765,-23.88071],"snæfellsás 3":[64.91665,-23.88437],"snæfellsás 7":[64.91663,-23.88525],"snæfellsás 11":[64.91659,-23.88654],"snæfellsás 15":[64.91688,-23.88738],"bárðarás 1":[64.91604,-23.88347],"bárðarás 2":[64.91633,-23.88355],"bárðarás 3":[64.91602,-23.88396],"bárðarás 4":[64.91632,-23.88424],"bárðarás 5":[64.91602,-23.88449],"bárðarás 6":[64.91627,-23.8847],"bárðarás 7":[64.91602,-23.88504],"bárðarás 8":[64.91632,-23.88522],"bárðarás 10":[64.91627,-23.88602],"bárðarás 12":[64.91625,-23.88654],"bárðarás 14":[64.91625,-23.88707],"bárðarás 16":[64.91623,-23.88749],"bárðarás 17":[64.91598,-23.88779],"bárðarás 19":[64.91596,-23.88831],"bárðarás 21":[64.91592,-23.8889],"dyngjubúð 1":[64.91899,-23.88109],"dyngjubúð 3":[64.91869,-23.88097],"háarif 2":[64.92494,-23.81708],"háarif 4":[64.92497,-23.81865],"háarif 6":[64.92509,-23.81948],"háarif 9":[64.92359,-23.82033],"háarif 13":[64.92328,-23.82083],"háarif 23a":[64.92226,-23.8234],"háarif 27":[64.92197,-23.82447],"háarif 33":[64.92143,-23.82505],"háarif 37":[64.92164,-23.82605],"háarif 43":[64.92103,-23.82617],"háarif 45":[64.92128,-23.82643],"háarif 49":[64.92144,-23.82728],"háarif 53":[64.92092,-23.82695],"háarif 57":[64.92112,-23.8279],"háarif 61":[64.92135,-23.82856],"háarif 65":[64.92082,-23.82834],"háarif 69":[64.92056,-23.82901],"háarif 71":[64.92075,-23.82913],"háarif 87a":[64.92063,-23.83051],"helluhóll 1":[64.91683,-23.87719],"helluhóll 4":[64.9165,-23.87822],"selhóll 3":[64.91825,-23.876],"hellisbraut 19":[64.91649,-23.88862],"hellisbraut 13":[64.91698,-23.8878],"skólabraut 9":[64.91697,-23.88665],"hellisbraut 9":[64.91735,-23.88704],"skólabraut 8":[64.9172,-23.88648],"skólabraut 5":[64.91709,-23.88589],"skólabraut 4":[64.91753,-23.88497],"hellisbraut 6":[64.9174,-23.8877],"skólabraut 1":[64.91737,-23.88427],"klettsbúð 4":[64.9171,-23.88153],"naustabúð 1":[64.91903,-23.87779],"klettsbúð 9":[64.91575,-23.8816],"hafnargata 24":[64.92112,-23.81949],"hafnargata 22":[64.92151,-23.81894],"hafnargata 10":[64.92257,-23.81816],"hafnargata 12":[64.92202,-23.81834],"hafnargata 11":[64.92242,-23.81605],"hafnargata 8":[64.92316,-23.81763],"hafnargata 2a":[64.92422,-23.81695],"norðurgarður 4":[64.92465,-23.81518],"helluhóll 12b":[64.91669,-23.88118],"háarif 1a":[64.92439,-23.81743],"háarif 87b":[64.92069,-23.83052],"háarif 89b":[64.92096,-23.83063],"háarif 91b":[64.92127,-23.83069],"hellisbraut 7":[64.91749,-23.88664],"snæfellsás 3a":[64.91665,-23.88422],"hafnargata 2c":[64.92419,-23.81677],"hafnargata 2e":[64.92414,-23.81649],"hafnargata 2g":[64.92409,-23.81623],"norðurgarður 6":[64.92468,-23.81538],"norðurgarður 10":[64.92475,-23.81577],"norðurgarður 14":[64.92483,-23.81621],"keflavíkurgata 13":[64.9195,-23.88126],"háarif 75b":[64.92133,-23.82928],"munaðarhóll 25":[64.91534,-23.89008],"helluhóll 8":[64.91611,-23.87846],"hafnargata 14":[64.9221,-23.81882],"melnes 1":[64.92194,-23.81366],"helluhóll 12a":[64.91668,-23.88136],"hraunás 4":[64.91502,-23.88761],"hraunás 8":[64.91491,-23.88846],"hraunás 15":[64.91447,-23.88944],"keflavíkurgata 19":[64.91965,-23.87926],"selhóll 2":[64.9186,-23.87611],"selhóll 6":[64.91818,-23.87692],"selhóll 7":[64.918,-23.87622],"háarif 59a":[64.92144,-23.82805],"helluhóll 14b":[64.91672,-23.88025],"helluhóll 7":[64.91617,-23.8775],"hraunás 1":[64.91507,-23.88601],"hraunás 3":[64.91488,-23.8865],"hraunás 7":[64.91475,-23.88745],"hraunás 11":[64.91462,-23.88847],"bárðarás 9":[64.91597,-23.8856],"bárðarás 11":[64.91587,-23.88605],"bárðarás 13":[64.91598,-23.88673],"bárðarás 15":[64.91594,-23.8874],"bárðarás 18":[64.91622,-23.88802],"bárðarás 20":[64.91617,-23.88867],"hraunás 18":[64.91524,-23.89085],"dyngjubúð 2":[64.91884,-23.88161],"dyngjubúð 4":[64.91843,-23.88139],"háarif 17a":[64.92274,-23.82099],"háarif 3":[64.92443,-23.8193],"háarif 5":[64.92409,-23.8197],"háarif 11":[64.92343,-23.82058],"háarif 15":[64.92312,-23.82108],"háarif 25":[64.92211,-23.82397],"háarif 29":[64.92185,-23.82498],"háarif 35":[64.92171,-23.82557],"háarif 41":[64.92116,-23.82556],"háarif 47":[64.9215,-23.82657],"háarif 51":[64.92116,-23.82713],"háarif 55":[64.92089,-23.82773],"háarif 59":[64.9214,-23.82804],"háarif 63":[64.92108,-23.82842],"háarif 67":[64.92059,-23.82829],"háarif 85":[64.92046,-23.83039],"háarif 83":[64.92051,-23.82959],"helluhóll 10":[64.91586,-23.87827],"helluhóll 3":[64.91661,-23.87715],"keflavíkurgata 15":[64.91958,-23.88075],"keflavíkurgata 23":[64.91948,-23.8781],"laufás 1":[64.91604,-23.88086],"laufás 3":[64.91605,-23.88038],