{"vesturbraut 12a":[65.10869,-21.762],"vesturbraut 12b":[65.10861,-21.7621],"vesturbraut 12c":[65.10853,-21.76226],"vesturbraut 12d":[65.10845,-21.76183],"vesturbraut 12e":[65.1084,-21.76159],"ægisbraut 4":[65.10964,-21.77267],"brekkuhvammur 6":[65.10579,-21.76918],"brekkuhvammur 10":[65.1058,-21.76805],"búðarbraut 1":[65.11064,-21.77167],"búðarbraut 6":[65.11103,-21.77006],"búðarbraut 10":[65.11141,-21.76897],"búðarbraut 12b":[65.11168,-21.76804],"dalbraut 2":[65.10998,-21.76546],"dalbraut 4":[65.11011,-21.76492],"dalbraut 6":[65.11021,-21.76437],"dalbraut 8":[65.1103,-21.76381],"dalbraut 10":[65.11041,-21.76331],"dalbraut 12":[65.11052,-21.76283],"gunnarsbraut 2":[65.10971,-21.76238],"gunnarsbraut 3":[65.10975,-21.76349],"gunnarsbraut 5":[65.10994,-21.76326],"gunnarsbraut 6":[65.11079,-21.7612],"gunnarsbraut 7":[65.11015,-21.763],"gunnarsbraut 8":[65.11193,-21.75965],"iðjubraut 2":[65.11074,-21.75963],"lækjarhvammur 1":[65.10554,-21.7693],"lækjarhvammur 3":[65.10527,-21.76934],"lækjarhvammur 5":[65.10507,-21.76932],"lækjarhvammur 7":[65.10483,-21.76933],"lækjarhvammur 9":[65.10462,-21.76929],"lækjarhvammur 13":[65.10408,-21.76945],"miðbraut 2":[65.10958,-21.76787],"miðbraut 4":[65.10972,-21.76746],"miðbraut 6":[65.10951,-21.76679],"miðbraut 8":[65.10881,-21.76536],"miðbraut 10":[65.10829,-21.76494],"miðbraut 13":[65.10925,-21.76425],"stekkjarhvammur 1":[65.10621,-21.76986],"stekkjarhvammur 3":[65.10635,-21.76968],"stekkjarhvammur 6":[65.10661,-21.76858],"sunnubraut 3a":[65.11225,-21.76712],"sunnubraut 4":[65.1119,-21.7679],"sunnubraut 5b":[65.11214,-21.7663],"sunnubraut 7":[65.11205,-21.76582],"sunnubraut 9":[65.11197,-21.7653],"sunnubraut 11":[65.1119,-21.76485],"sunnubraut 12":[65.11162,-21.76578],"sunnubraut 14":[65.11156,-21.7652],"sunnubraut 21":[65.11182,-21.76196],"sunnubraut 25":[65.11147,-21.76031],"vesturbraut 8":[65.10759,-21.76187],"vesturbraut 14":[65.10906,-21.76095],"vesturbraut 18":[65.11014,-21.76015],"vesturbraut 22":[65.11026,-21.7595],"ægisbraut 3":[65.10887,-21.77118],"ægisbraut 7":[65.10842,-21.77081],"stekkjarhvammur 9b":[65.10734,-21.77015],"ægisbraut 19":[65.10681,-21.77045],"bakkahvammur 1":[65.10576,-21.7673],"bakkahvammur 4":[65.10529,-21.76853],"bakkahvammur 6":[65.10507,-21.76853],"bakkahvammur 9":[65.10487,-21.76772],"borgarbraut 3":[65.10985,-21.76868],"lækjarhvammur 10":[65.10494,-21.77017],"lækjarhvammur 12":[65.10483,-21.77014],"lækjarhvammur 14":[65.1046,-21.77012],"lækjarhvammur 16":[65.10449,-21.77009],"stekkjarhvammur 17":[65.10822,-21.76994],"gunnarsbraut 10":[65.1126,-21.75925],"stekkjarhvammur 7":[65.10686,-21.76946],"stekkjarhvammur 11":[65.10744,-21.76921],"stekkjarhvammur 12":[65.10717,-21.76851],"gunnarsbraut 11a":[65.11215,-21.76102],"stekkjarhvammur 5":[65.10661,-21.76962],"stekkjarhvammur 8":[65.10684,-21.76854],"gunnarsbraut 1":[65.10953,-21.76375],"borgarbraut 5":[65.10947,-21.76896],"lækjarhvammur 18":[65.1043,-21.77008],"lækjarhvammur 20":[65.1042,-21.7701],"bakkahvammur 11":[65.10461,-21.76765],"sunnubraut 16":[65.11148,-21.76491],"stekkjarhvammur 9a":[65.1071,-21.76936],"stekkjarhvammur 13":[65.10769,-21.76929],"ægisbraut 2":[65.11013,-21.77246],"vesturbraut 15":[65.11035,-21.76173],"gunnarsbraut 11b":[65.11225,-21.76092],"stekkjarhvammur 15":[65.108,-21.76972],"stekkjarhvammur 10":[65.10693,-21.76849],"brekkuhvammur 4":[65.10592,-21.77113],"brekkuhvammur 8":[65.10582,-21.76865],"brekkuhvammur 12a":[65.10556,-21.7665],"búðarbraut 3":[65.11236,-21.76837],"búðarbraut 8":[65.11121,-21.76921],"búðarbraut 12":[65.1117,-21.76875],"lækjarhvammur 2":[65.10585,-21.77004],"lækjarhvammur 4":[65.10566,-21.77023],"lækjarhvammur 6":[65.10541,-21.77014],"lækjarhvammur 8":[65.1052,-21.77018],"lækjarhvammur 11":[65.10439,-21.76927],"miðbraut 1":[65.11044,-21.76967],"miðbraut 5":[65.10991,-21.76664],"miðbraut 7":[65.10984,-21.76647],"miðbraut 9":[65.10971,-21.76588],"miðbraut 11":[65.10946,-21.765],"miðbraut 15":[65.10901,-21.76321],"stekkjarhvammur 2":[65.10614,-21.76898],"stekkjarhvammur 4":[65.10638,-21.76879],"sunnubraut 1a":[65.11232,-21.76766],"sunnubraut 2":[65.11195,-21.76837],"sunnubraut 3b":[65.11221,-21.7669],"sunnubraut 5a":[65.11218,-21.7665],"sunnubraut 6":[65.11183,-21.76727],"sunnubraut 8":[65.11176,-21.76669],"sunnubraut 10":[65.11168,-21.76623],"sunnubraut 13":[65.11186,-21.76433],"sunnubraut 15":[65.11188,-21.76361],"sunnubraut 19":[65.11193,-21.76242],"sunnubraut 23":[65.11171,-21.7615],"brekkuhvammur 15":[65.10645,-21.76607],"vesturbraut 10":[65.10809,-21.76275],"vesturbraut 16":[65.1096,-21.7609],"vesturbraut 20":[65.11025,-21.76005],"ægisbraut 1":[65.10903,-21.77135],"ægisbraut 5":[65.10862,-21.77091],"ægisbraut 11":[65.10787,-21.77048],"ægisbraut 17":[65.10704,-21.77016],"bakkahvammur 3":[65.10553,-21.76734],"bakkahvammur 5":[65.10532,-21.76764],"bakkahvammur 7":[65.10508,-21.76768],"borgarbraut 1":[65.10982,-21.76898],"brekkuhvammur 1":[65.10636,-21.77081],"vesturbraut 6":[65.10757,-21.76316],"fjósar 2":[65.10742,-21.76113],"brekkuhvammur 12b":[65.10555,-21.76631],"borgarbraut 7":[65.1095,-21.76873],"hófgerði 3":[65.10399,-21.75333],"hófatún 2":[65.10396,-21.75449],"hófgerði 2":[65.10423,-21.75362],"hófgerði 1":[65.10444,-21.75393],"hófatún 1":[65.10416,-21.75479],"hófavellir 2":[65.105,-21.75627],"vesturbraut 4":[65.10701,-21.76335],"hófavellir 3":[65.1048,-21.75597],"vesturbraut 2a":[65.10606,-21.7646],"hófasel 1":[65.10515,-21.75536],"hófasel 2":[65.10493,-21.75504],"hófasel 3":[65.10473,-21.75434],"hófavellir 1":[65.10441,-21.75719],"vesturbraut 2":[65.10632,-21.76381],"bakkahvammur 8a":[65.10484,-21.76859],"sunnubraut 17":[65.1119,-21.76304],"bakkahvammur 8b":[65.10478,-21.76858],"lækjarhvammur 22":[65.10487,-21.77087],"lækjarhvammur 24":[65.10457,-21.77088],"bakkahvammur 15":[65.10412,-21.7677],"bakkahvammur 8c":[65.10469,-21.76857],"sunnubraut 1b":[65.11227,-21.76744],"miðbraut 6b":[65.1092,-21.76624],"búðarbraut 2":[65.11063,-21.77073],"iðjubraut 4":[65.1104,-21.75792],"bakkahvammur 8e":[65.10449,-21.76855],"lækjarhvammur 26":[65.10426,-21.77072],"bakkahvammur 8d":[65.1046,-21.76856],"búðarbraut 4":[65.1108,-21.77056],"ægisbraut 21":[65.10656,-21.77047],"ægisbraut 4b":[65.10939,-21.77207]}