{"klifmýri 2":[65.30712,-22.24744],"fellsendi 1":[64.97833,-21.56529],"dunkur 1":[65.0102,-21.92612],"geirshlíð 1":[65.00664,-21.76198],"tunga 2":[64.9659,-21.72031],"magnússkógar 3":[65.2178,-21.74583],"skarð 2":[65.27851,-22.31403],"hvítidalur 2":[65.35626,-21.80984],"kleifar 2":[65.45388,-21.66456],"áarland 40":[65.26294,-22.32174],"fornistekkur 4":[65.02167,-22.20112],"stóra holt 2":[65.3998,-21.89514],"jörfi 2":[65.05286,-21.48529],"fellsendi 2":[64.97846,-21.56228],"engihlíð 1":[65.14805,-21.57214],"fornistekkur 2":[65.02322,-22.19821],"fornistekkur 5":[65.02251,-22.20152],"neðri-hundadalur 1":[64.97266,-21.60918],"hnúkur 2":[65.19701,-22.47499],"lambeyrar 2":[65.18351,-21.48094],"laugar 15":[65.24416,-21.79478],"magnússkógar 1b":[65.21936,-21.72394],"kleifar 3":[65.45381,-21.66285],"akureyjar 1":[65.37045,-22.23294],"kjarlaksstaðir 2":[65.16107,-22.3762],"heinaberg 2":[65.33144,-22.13321],"sólheimar 1":[65.21868,-21.36921],"tunguskógur 23":[65.23558,-21.78712],"tunguskógur 27":[65.23568,-21.78956],"tunguskógur 28":[65.23504,-21.79054],"ljárskógahlíð 8":[65.16762,-21.70032],"ljárskógahlíð 9":[65.16919,-21.70022],"oddsstaðir 1":[65.01669,-21.59108],"sámsstaðir 2":[65.19024,-21.49223],"sámsstaðir 3":[65.19252,-21.48967],"búðardalur 2":[65.29454,-22.21533],"fornistekkur 1":[65.02382,-22.19671],"fornistekkur 3":[65.02339,-22.20103],"fornistekkur 7":[65.02146,-22.20539],"hvítidalur 1":[65.35605,-21.80451],"fremri-brekka 2":[65.35984,-21.77895],"laugar 7":[65.24673,-21.79471],"sólheimar 2":[65.21831,-21.36792],"tjaldanesland 1":[65.38483,-21.95708],"neðri-hundadalur 2":[64.97384,-21.60902],"brautarholt 2":[65.05656,-21.72124],"skarð 1":[65.27997,-22.31236],"fornistekkur 6":[65.02079,-22.20454],"kjarlaksstaðir 8":[65.16363,-22.36294],"kjarlaksstaðir 7":[65.16279,-22.36085],"kjarlaksstaðir 9":[65.16374,-22.36058],"hóll 2":[65.14946,-21.9772],"ketilsstaðaland 2":[65.01164,-21.86361],"ósland 6":[65.03394,-22.56115],"sámsstaðir 1":[65.19333,-21.48906],"tjaldanes 3":[65.38802,-21.95655],"gautaland 1":[64.99471,-21.8904],"rauðbarðaholt 2":[65.15463,-21.94391],"ósland 3":[65.03201,-22.56203],"lyngbrekka 2":[65.15133,-22.23461],"ósland 9a":[65.03436,-22.5606],"ósland 9b":[65.03472,-22.55972],"ósland 10":[65.03418,-22.5581],"ósland 7c":[65.03759,-22.55801],"ósland 7a":[65.03442,-22.56335],"ósland 5":[65.03347,-22.56299],"kjarlaksvellir 2":[65.33971,-21.90819],"ósland 1":[65.03074,-22.55965],"svínaskógur 2":[65.1479,-22.19076],"ósland 4":[65.03237,-22.56011],"knarrarhöfn 2":[65.16201,-21.88006],"kjarlaksstaðir 1":[65.16228,-22.37638],"ytra-fell 2":[65.15403,-22.35566],"tunguskógur 25":[65.23564,-21.78821],"laugar 8":[65.24609,-21.79439],"svalbarð 2":[65.02321,-21.62127],"áarland 30":[65.26307,-22.32408],"áarland 80":[65.26231,-22.30848],"áarland 100":[65.26229,-22.30661],"hvítidalur 4":[65.36026,-21.82874],"snóksdalur 1":[65.01583,-21.73862],"laugar 16":[65.24319,-21.79275],"laugar 6":[65.24659,-21.79579],"tjaldanesland 2":[65.39002,-21.95713],"steinahlíð 2":[65.00993,-21.82275],"nýpur 1":[65.32313,-22.13867],"svínaskógur 1":[65.14767,-22.19084],"lyngbrekka 1":[65.15202,-22.23597],"hróðnýjarstaðir 1":[65.16765,-21.64746],"foss 2":[65.3486,-22.07978],"dalkot 2":[64.97159,-21.73156],"ósland 2":[65.03136,-22.5601],"hörðuból 1":[65.01182,-21.77108],"krummaklettar 1":[65.01635,-21.76916],"sælingsdalur 2":[65.2779,-21.85033],"grafarland 1":[64.94861,-21.54909],"sælingsdalsland 2":[65.27752,-21.84541],"sælingsdalstunga 32":[65.23842,-21.79027],"sælingsdalstunga 34":[65.23775,-21.79035],"kjarlaksstaðir 11":[65.16593,-22.35762],"grafarland 2":[64.9481,-21.54895],"ósland 7b":[65.03485,-22.56304],"ósland 8a":[65.03514,-22.5615],"ósland 8b":[65.03566,-22.56049],"hólar 2":[65.22784,-21.79075],"staðarfell 2":[65.12542,-22.18751],"tjaldnes 2":[65.38191,-21.94244],"hvalgrafaland 2":[65.30917,-22.24812],"leysingjastaðaland 2":[65.25566,-21.75703],"akureyjar 2":[65.35815,-22.24969],"sælingsdalstunga 37":[65.23702,-21.78967],"glæsisvellir 5":[65.00787,-21.57345],"ólafsdalur 2":[65.41947,-21.746],"laugar 1":[65.24781,-21.79726],"laugar 2":[65.24787,-21.79626],"laugar 3":[65.24749,-21.79571],"laugar 4":[65.24728,-21.79693],"laugar 5":[65.24609,-21.79603],"laugar 9":[65.24586,-21.79479],"laugar 10":[65.24547,-21.7956],"laugar 11":[65.24569,-21.79695],"laugar 12":[65.24531,-21.79679],"laugar 13":[65.24492,-21.79649],"laugar 14":[65.24452,-21.79623],"snóksdalur 2":[65.01638,-21.73646],"fellsendaland 2":[64.9779,-21.56062],"fellsendaland 1":[64.97844,-21.56347],"lambastaðir 6":[65.00167,-21.61446],"ljárskógarströnd 2":[65.15967,-21.70842],"sauðafellsland 2":[65.00378,-21.59948],"glæsisvellir 3":[65.00812,-21.57801],"glæsisvellir 7":[65.00807,-21.57459]}