{"suðurbraut 5":[65.44358,-22.20628],"suðurbraut 1":[65.44447,-22.20617],"hellisbraut 2":[65.44677,-22.2065],"reykjabraut 4":[65.44581,-22.20394],"reykjabraut 3":[65.44619,-22.20418],"reykjabraut 7":[65.44626,-22.20302],"reykjabraut 11":[65.44639,-22.20205],"reykjabraut 13":[65.44657,-22.2011],"hellisbraut 12":[65.44676,-22.20244],"hellisbraut 8b":[65.44661,-22.20348],"hellisbraut 6":[65.4466,-22.20455],"hellisbraut 18":[65.44699,-22.20069],"hellisbraut 22":[65.44739,-22.20081],"hellisbraut 30":[65.44794,-22.20021],"hellisbraut 28":[65.44788,-22.19946],"hellisbraut 32":[65.44823,-22.20002],"hellisbraut 36":[65.44858,-22.19923],"hellisbraut 44":[65.44923,-22.19948],"skólabraut 1":[65.44789,-22.2024],"kirkjutröð 2":[65.44842,-22.20341],"vesturbraut 1":[65.4492,-22.20489],"hellisbraut 72":[65.45161,-22.20162],"maríutröð 5b":[65.45444,-22.19942],"hellisbraut 48":[65.44942,-22.20015],"hellisbraut 52":[65.44976,-22.19975],"reykjabraut 8":[65.44588,-22.20276],"suðurbraut 4":[65.44489,-22.20812],"maríutröð 5a":[65.45453,-22.19928],"hellisbraut 50":[65.44946,-22.19953],"hellisbraut 54":[65.44969,-22.20042],"suðurbraut 10":[65.44325,-22.20766],"suðurbraut 2":[65.4448,-22.20701],"hellisbraut 4":[65.44666,-22.20555],"reykjabraut 2":[65.44575,-22.20492],"reykjabraut 1":[65.44616,-22.20472],"reykjabraut 5":[65.44618,-22.20364],"reykjabraut 9":[65.44632,-22.20253],"reykjabraut 12":[65.44596,-22.20072],"hellisbraut 14":[65.44701,-22.20169],"hellisbraut 10":[65.44667,-22.20296],"hellisbraut 8a":[65.44659,-22.20401],"hellisbraut 16":[65.44716,-22.20125],"hellisbraut 20":[65.44728,-22.20025],"hellisbraut 24":[65.44765,-22.20049],"hellisbraut 34":[65.4482,-22.19927],"hellisbraut 38":[65.44855,-22.19991],"hellisbraut 42":[65.44893,-22.19929],"hellisbraut 39":[65.44878,-22.20078],"suðurbraut 6":[65.44472,-22.20905],"hólatröð 1":[65.44707,-22.20297],"hólatröð 3":[65.44704,-22.20328],"hólatröð 6":[65.44733,-22.20425],"hólatröð 5":[65.44697,-22.20377],"hólatröð 2":[65.44739,-22.20339],"hólatröð 8":[65.4473,-22.20456],"hólatröð 4":[65.44735,-22.20371],"maríutröð 9":[65.45434,-22.19817],"hellisbraut 70":[65.45079,-22.20033],"hellisbraut 46":[65.44913,-22.20011],"vesturbraut 3":[65.44924,-22.20569],"mávavatn 2":[65.44906,-22.20997],"hólatröð 7":[65.44696,-22.20393],"hellisbraut 40":[65.44883,-22.19995],"suðurbraut 3":[65.44397,-22.20627],"reykjabraut 6":[65.44584,-22.20343],"hólatröð 9":[65.44694,-22.20412]}