{"hafrafell 3":[65.50961,-22.05532],"skerðingsstaðir 1":[65.45772,-22.26239],"hafrafell 1":[65.51332,-22.05238],"hríshóll 2":[65.5384,-22.06682],"stekkjarlundur 2":[65.55391,-22.09968],"stekkjarlundur 4":[65.55403,-22.09865],"skerðingsstaðir 2":[65.45502,-22.26572],"skáldsstaðir 2":[65.53581,-22.10267],"hafrafell 2":[65.5139,-22.04972],"brekka 3":[65.55877,-22.38307],"hólar 2":[65.48868,-21.96404],"stekkjarlundur 1":[65.55438,-22.10025],"stekkjarlundur 3":[65.55468,-22.10044],"stekkjarlundur 7":[65.55489,-22.09914],"kvígindisfjarðarland 12":[65.62615,-22.61996],"hamar 2":[65.53485,-22.78636],"bær bæjarnesi 2":[65.54714,-22.54402],"mýrartunga 2":[65.51412,-22.00153],"hríshóll 1":[65.53839,-22.06398],"mýrartunga 1":[65.51321,-22.00584],"gufudalsland 1":[65.57637,-22.41049],"stekkjarlundur 9":[65.55512,-22.09764],"kirkjuból á bæjarnesi 5":[65.58439,-22.58766],"skálmanesmúli 1":[65.51387,-22.74949],"gufudalsland 2":[65.57466,-22.41196],"stekkjarlundur 8":[65.55473,-22.09736],"hafrahlíð 2":[65.52688,-22.07814],"litlanes 2":[65.56701,-22.90847],"kirkjuból á bæjarnesi 6":[65.5801,-22.5862],"stekkjarlundur 5":[65.55453,-22.09899],"stekkjarlundur 6":[65.55428,-22.09707],"brekka 1":[65.55562,-22.39125],"skáldastaðir 3":[65.53591,-22.10232],"gufudalsland 7":[65.57612,-22.41132],"gufudalsland 3":[65.57386,-22.41162],"gufudalsland 4":[65.57236,-22.40489],"gufudalsland 5":[65.57497,-22.41069],"kirkjuból 18":[65.54951,-22.59066],"kvígindisfjarðarland 1":[65.62557,-22.62053],"kvígindisfjarðarland 2":[65.62489,-22.62279],"kvígindisfjarðarland 3":[65.62504,-22.62385],"kvígindisfjarðarland 4":[65.6234,-22.62369],"miðjanes 2":[65.46526,-22.2895],"hofstaðaland 1":[65.54853,-22.41922],"brekka 2":[65.55752,-22.36155]}