{"heimabær 1":[66.33499,-22.87642],"þernuvík 5":[65.97147,-22.58732],"eyri 2":[65.94184,-22.82588],"bæir 1":[66.08963,-22.54706],"bæir 2":[66.08796,-22.54886],"furufjörður 1":[66.2651,-22.24026],"heimabær 2":[66.33489,-22.87649],"eyri 1":[65.80876,-22.51961],"þúfur 3":[65.90785,-22.48994],"oddsflöt 1":[66.24238,-22.86119],"eyri í mjóafirði 2":[65.888,-22.61123],"uppsalir 1a":[65.99328,-22.94376],"vigur 2b":[66.0475,-22.82712],"sætún 2":[66.24538,-22.87156],"bæir 3":[66.08943,-22.54555],"eiði 2a":[65.96371,-22.90543],"eyri og traðir 2a":[66.00577,-22.93526],"vigur 2a":[66.04762,-22.82821],"látrakot 2":[65.96028,-22.5829]}