{"skólavegur 3":[66.10958,-23.12096],"skólavegur 7":[66.10937,-23.12163],"skólavegur 11":[66.10905,-23.1224],"smárateigur 1":[66.1109,-23.12689],"smárateigur 3":[66.11112,-23.12708],"smárateigur 6":[66.11144,-23.12646],"stekkjargata 4":[66.11062,-23.12095],"stekkjargata 7":[66.11068,-23.12038],"stekkjargata 21":[66.11,-23.11915],"stekkjargata 31":[66.10967,-23.11849],"stekkjargata 38":[66.10924,-23.11698],"strandgata 1":[66.11103,-23.12166],"strandgata 3b":[66.11114,-23.12178],"strandgata 7":[66.11135,-23.12208],"strandgata 7b":[66.11127,-23.12247],"strandgata 17":[66.11199,-23.12236],"strandgata 19a":[66.11216,-23.12237],"garðavegur 1":[66.10844,-23.12128],"garðavegur 2":[66.10823,-23.12001],"garðavegur 6":[66.10814,-23.1199],"heimabær 4":[66.11272,-23.12323],"árvellir 1":[66.11064,-23.12649],"árvellir 26":[66.10941,-23.127],"bakkavegur 1":[66.10935,-23.11948],"bakkavegur 3":[66.10923,-23.11988],"bakkavegur 5":[66.10913,-23.12013],"heimabæjarstígur 2":[66.11256,-23.12357],"ísafjarðarvegur 2":[66.1092,-23.11901],"hreggnasi 2":[66.11068,-23.1216],"heiðarbraut 12":[66.10846,-23.12049],"heiðarbraut 3":[66.1087,-23.11864],"heiðarbraut 5":[66.10859,-23.11914],"heiðarbraut 7":[66.10845,-23.1196],"heiðarbraut 14":[66.1083,-23.1211],"hlégerði 1":[66.10813,-23.12192],"bakkavegur 6":[66.10919,-23.12076],"bakkavegur 8":[66.10908,-23.12116],"bakkavegur 9":[66.10891,-23.12091],"bakkavegur 10":[66.109,-23.12151],"bakkavegur 12":[66.10882,-23.12199],"bakkavegur 13":[66.10845,-23.1223],"bakkavegur 14":[66.10868,-23.12252],"bakkavegur 17":[66.10821,-23.12313],"bakkavegur 25":[66.10774,-23.1254],"bakkavegur 29":[66.10761,-23.12645],"bakkavegur 33":[66.10758,-23.12759],"bakkavegur 37":[66.10765,-23.12885],"bakkavegur 39":[66.10775,-23.12937],"dalbraut 5":[66.10818,-23.11738],"dalbraut 9":[66.10808,-23.11839],"dalbraut 11":[66.108,-23.11886],"dalbraut 13":[66.10795,-23.11939],"fitjateigur 1":[66.11118,-23.12509],"fitjateigur 2":[66.11132,-23.12441],"fitjateigur 3":[66.11138,-23.1253],"fitjateigur 4":[66.11152,-23.12455],"fitjateigur 5":[66.11157,-23.1256],"búðartún 3":[66.11442,-23.12229],"búðartún 5":[66.11461,-23.12225],"hreggnasi 3":[66.11038,-23.12087],"stekkjargata 5":[66.11078,-23.12092],"stekkjargata 31a":[66.10977,-23.11818],"dalbraut 1a":[66.10826,-23.1156],"dalbraut 1b":[66.10821,-23.11592],"skólavegur 1":[66.10969,-23.12073],"skólavegur 5":[66.1095,-23.12121],"skólavegur 9":[66.10925,-23.12197],"skólavegur 13":[66.10889,-23.12291],"smárateigur 2":[66.11103,-23.12616],"smárateigur 4":[66.11125,-23.12628],"stekkjargata 11":[66.1103,-23.11963],"stekkjargata 29":[66.10974,-23.11865],"stekkjargata 33":[66.10952,-23.11789],"stekkjargata 40":[66.10916,-23.1167],"strandgata 3":[66.11119,-23.12148],"strandgata 5":[66.11131,-23.12163],"strandgata 7a":[66.11151,-23.12191],"strandgata 13":[66.11173,-23.12281],"strandgata 19":[66.11209,-23.12236],"bakkavegur 11":[66.10869,-23.1217],"ísafjarðarvegur 6":[66.1086,-23.1177],"hreggnasi 12":[66.10965,-23.12028],"heimabæjarstígur 3":[66.11233,-23.12413],"hreggnasi 10":[66.10976,-23.12041],"ísafjarðarvegur 4":[66.10888,-23.11825],"hlégerði 3":[66.10794,-23.12273],"árvellir 7":[66.11,-23.12592],"bakkavegur 4b":[66.1095,-23.1205],"búðartún 9":[66.11498,-23.12245],"bakkavegur 2":[66.10951,-23.11993],"bakkavegur 4":[66.10932,-23.12038],"heiðarbraut 2":[66.10905,-23.11866],"heiðarbraut 4":[66.1089,-23.11914],"heiðarbraut 6":[66.10876,-23.11965],"heiðarbraut 8":[66.10859,-23.12011],"heimabær 5":[66.11277,-23.12316],"hlégerði 2":[66.10804,-23.12222],"bakkavegur 15":[66.10833,-23.12271],"bakkavegur 23":[66.10785,-23.12484],"bakkavegur 27":[66.10767,-23.12583],"bakkavegur 31":[66.10759,-23.127],"bakkavegur 35":[66.10759,-23.12819],"dalbraut 3":[66.10822,-23.11679],"dalbraut 7":[66.10813,-23.11786],"dalbraut 10":[66.1083,-23.11885],"dalbraut 12":[66.10824,-23.11937],"garðavegur 4":[66.10819,-23.11993],"heimabæjarstígur 1a":[66.11224,-23.12325],"heimabæjarstígur 1":[66.11211,-23.12307],"heiðarbraut 15":[66.10815,-23.12087],"stekkjargata 25":[66.10982,-23.11882],"fitjateigur 6":[66.1117,-23.12483],"heimabæjarstígur 4":[66.11258,-23.12262]}