{"aðalstræti 21":[66.15736,-23.24978],"aðalstræti 3":[66.15972,-23.24786],"aðalstræti 5":[66.15946,-23.24795],"aðalstræti 7":[66.15926,-23.24814],"aðalstræti 9":[66.15888,-23.24841],"aðalstræti 9a":[66.1587,-23.24862],"aðalstræti 11a":[66.15868,-23.24797],"aðalstræti 17":[66.15798,-23.24859],"aðalstræti 19":[66.15781,-23.24937],"árbæjarkantur 3":[66.15614,-23.24838],"bakkastígur 6b":[66.16174,-23.25031],"bakkastígur 8b":[66.1616,-23.2498],"bakkastígur 10":[66.16142,-23.24959],"bakkastígur 12":[66.16115,-23.24972],"brúnaland 1":[66.15908,-23.26335],"brúnaland 5":[66.15915,-23.264],"brúnaland 9":[66.15913,-23.26462],"grundarhóll 1":[66.1536,-23.25226],"grundarhóll 3":[66.15389,-23.25262],"grundarstígur 14":[66.15322,-23.24758],"grænahlíð 19":[66.16075,-23.25619],"hafnargata 9":[66.15587,-23.24995],"hafnargata 49":[66.15762,-23.24811],"hafnargata 80":[66.15926,-23.24621],"hafnargata 99":[66.15984,-23.24724],"hafnargata 110":[66.16046,-23.24701],"hafnargata 115a":[66.16067,-23.24769],"hafnargata 117":[66.16081,-23.24791],"hafnargata 120":[66.1609,-23.24735],"hafnargata 121":[66.16112,-23.24807],"hafnargata 123":[66.16128,-23.24819],"hafnargata 125":[66.16155,-23.24832],"heiðarbrún 2":[66.15995,-23.26043],"heiðarbrún 4":[66.16015,-23.26031],"heiðarbrún 6":[66.16032,-23.26009],"heiðarbrún 8":[66.16051,-23.2599],"hjallastræti 2":[66.16182,-23.25272],"hjallastræti 18":[66.16061,-23.25716],"hjallastræti 20":[66.16038,-23.25735],"hjallastræti 22":[66.16017,-23.25762],"hjallastræti 24":[66.15993,-23.25785],"hjallastræti 26":[66.15972,-23.25799],"hjallastræti 28":[66.15949,-23.2582],"hjallastræti 32":[66.15908,-23.25857],"hjallastræti 35":[66.15896,-23.25778],"hjallastræti 37":[66.15876,-23.25803],"hjallastræti 39":[66.15852,-23.25824],"hlíðarstræti 3":[66.15983,-23.25488],"hlíðarstræti 4":[66.16017,-23.25447],"hlíðarstræti 6":[66.16015,-23.25509],"hlíðarstræti 8":[66.16009,-23.25579],"hlíðarstræti 11":[66.15904,-23.25595],"hlíðarstræti 13":[66.15877,-23.25626],"hlíðarstræti 16":[66.15927,-23.2567],"bakkastígur 12b":[66.16128,-23.25019],"hafnargata 103":[66.15995,-23.24752],"hafnargata 58":[66.15784,-23.2472],"hafnargata 7":[66.15569,-23.25015],"sjávarbraut 9":[66.15423,-23.24722],"þuríðarbraut 7":[66.15394,-23.25019],"hafnargata 47":[66.15753,-23.24841],"aðalstræti 24":[66.15752,-23.25092],"búðarkantur 7":[66.15837,-23.24624],"hafnargata 5":[66.15553,-23.25081],"hafnargata 12":[66.15589,-23.2492],"aðalstræti 13":[66.1585,-23.24867],"hafnargata 76":[66.15868,-23.24669],"sjávarbraut 7":[66.15433,-23.24766],"grundarstígur 2":[66.15429,-23.25009],"hafnargata 14":[66.15605,-23.24894],"höfðastígur 17":[66.15616,-23.25669],"strandgata 3":[66.15909,-23.24549],"hafnargata 41":[66.1571,-23.24856],"traðarland 21":[66.15988,-23.26728],"ljósaland 13":[66.15912,-23.26586],"vitastígur 1":[66.15728,-23.24877],"vitastígur 3":[66.15732,-23.24913],"traðarland 4":[66.16029,-23.26226],"traðarland 6":[66.16057,-23.26204],"traðarland 10":[66.1603,-23.26322],"traðarland 12":[66.16028,-23.26382],"traðarland 15":[66.15984,-23.26367],"traðarland 18":[66.16039,-23.26594],"traðarland 22":[66.1603,-23.26704],"traðarstígur 1":[66.15837,-23.25133],"traðarstígur 3":[66.15838,-23.25197],"traðarstígur 5":[66.1585,-23.2523],"traðarstígur 7":[66.15855,-23.25275],"traðarstígur 9":[66.15862,-23.25332],"traðarstígur 11":[66.15873,-23.25378],"traðarstígur 13":[66.1588,-23.25433],"traðarstígur 14":[66.15919,-23.25402],"vitastígur 8":[66.1581,-23.25172],"vitastígur 11":[66.15788,-23.25278],"vitastígur 13":[66.15783,-23.25301],"vitastígur 15":[66.15796,-23.25335],"vitastígur 17":[66.15792,-23.25358],"vitastígur 19":[66.15806,-23.25403],"vitastígur 21":[66.15802,-23.25424],"vitastígur 25":[66.15814,-23.25493],"völusteinsstræti 2":[66.16159,-23.25271],"völusteinsstræti 3":[66.1618,-23.25159],"völusteinsstræti 5":[66.16111,-23.25211],"völusteinsstræti 7":[66.16085,-23.2524],"völusteinsstræti 9":[66.16063,-23.25264],"völusteinsstræti 11":[66.16016,-23.25305],"völusteinsstræti 13":[66.15993,-23.25325],"völusteinsstræti 14":[66.16017,-23.25398],"völusteinsstræti 15":[66.15977,-23.25345],"völusteinsstræti 16":[66.15988,-23.25426],"völusteinsstræti 17":[66.15953,-23.25361],"völusteinsstræti 18":[66.15958,-23.25457],"völusteinsstræti 20":[66.15936,-23.25489],"völusteinsstræti 22":[66.15908,-23.25515],"völusteinsstræti 24":[66.15885,-23.25534],"völusteinsstræti 26":[66.15857,-23.25565],"völusteinsstræti 28":[66.1583,-23.25567],"völusteinsstræti 30":[66.15812,-23.25586],"völusteinsstræti 32":[66.15787,-23.25608],"völusteinsstræti 34":[66.15745,-23.25653],"þjóðólfsvegur 3":[66.15769,-23.25727],"þjóðólfsvegur 7":[66.15793,-23.25836],"þjóðólfsvegur 14":[66.15881,-23.26088],"þuríðarbraut 5":[66.15426,-23.25082],"þuríðarbraut 9":[66.15374,-23.24971],"þuríðarbraut 13":[66.15304,-23.24866],"þuríðarbraut 17":[66.15221,-23.24707],"hlíðarstræti 15":[66.15854,-23.25646],"hlíðarstræti 20":[66.15889,-23.25703],"hlíðarstræti 22":[66.15869,-23.25733],"hlíðarstræti 26":[66.15815,-23.25766],"hlíðarvegur 15":[66.16042,-23.25093],"hlíðarvegur 17":[66.16034,-23.25167],"hlíðarvegur 19":[66.16053,-23.252],"hólastígur 1":[66.16005,-23.24814],"hólastígur 3":[66.16009,-23.24837],"hólastígur 6":[66.16039,-23.24866],"holtabrún 1":[66.16067,-23.25777],"holtabrún 3":[66.16047,-23.25812],"holtabrún 5":[66.16025,-23.25832],"holtabrún 7":[66.16008,-23.2585],"holtabrún 9":[66.15987,-23.25873],"holtabrún 11":[66.15963,-23.25891],"holtabrún 13":[66.15945,-23.25915],"holtabrún 17":[66.15904,-23.25948],"holtabrún 21":[66.15862,-23.25994],"holtabrún 16":[66.15947,-23.26055],"holtastígur 4":[66.15962,-23.24907],"holtastígur 9":[66.15968,-23.25101],"holtastígur 11":[66.15969,-23.25195],"holtastígur 13":[66.15943,-23.25212],"holtastígur 20":[66.15968,-23.25285],"höfðastígur 7":[66.15567,-23.25512],"höfðastígur 10":[66.15679,-23.25457],"höfðastígur 14":[66.157,-23.25592],"höfðastígur 15":[66.15625,-23.2561],"höfðastígur 20":[66.15738,-23.25842],"ljósaland 2":[66.15987,-23.26657],"ljósaland 4":[66.15969,-23.26658],"ljósaland 6":[66.15944,-23.26656],"ljósaland 9":[66.1595,-23.26513],"miðstræti 1":[66.16081,-23.2488],"miðstræti 4":[66.16079,-23.24931],"miðstræti 6":[66.1605,-23.24961],"miðstræti 10":[66.16004,-23.24992],"miðstræti 14":[66.15955,-23.25023],"miðstræti 16":[66.15928,-23.25059],"miðstræti 18":[66.15898,-23.25087],"móholt 2":[66.16152,-23.25176],"móholt 6":[66.16147,-23.25118],"móholt 8":[66.16143,-23.25088],"skólastígur 4":[66.15675,-23.24981],"skólastígur 7":[66.15696,-23.25276],"skólastígur 9":[66.15691,-23.25295],"skólastígur 11":[66.15705,-23.25344],"skólastígur 13":[66.15702,-23.25365],"skólastígur 15":[66.15716,-23.25412],"skólastígur 17":[66.15713,-23.25432],"skólastígur 19":[66.15727,-23.25485],"skólastígur 21":[66.15723,-23.25502],"skólastígur 23":[66.15729,-23.25552],"skólastígur 24":[66.15778,-23.25509],"skólastígur 6":[66.15709,-23.252],"traðarland 2":[66.16005,-23.26247],"grundarstígur 6":[66.15409,-23.24959],"hafnargata 10":[66.15574,-23.24949],"hafnargata 111":[66.1605,-23.2477],"hafnargata 129":[66.16174,-23.24843],"hafnargata 44":[66.15716,-23.24803],"hafnargata 51":[66.15778,-23.24788],"hafnargata 79":[66.15902,-23.24698],"hafnargata 83":[66.15944,-23.24696],"hafnargata 61":[66.15843,-23.24759],"hafnargata 71":[66.15858,-23.24721],"hafnargata 9b":[66.15601,-23.25044],"hóll 1":[66.15348,-23.25768],"holtagata 9":[66.15931,-23.25144],"hafnargata 48":[66.1574,-23.24779],"ljósaland 11":[66.15914,-23.26531],"holtabrún 14":[66.15933,-23.26046],"hóll 2":[66.15405,-23.25904],"vitastígur 9":[66.15772,-23.25219],"hlíðarstræti 18":[66.15923,-23.25687],"miðstræti 7":[66.15992,-23.24926],"aðalstræti 10":[66.15906,-23.24921],"hafnargata 56":[66.15777,-23.24723],"sjávarbraut 5":[66.15443,-23.24787],"kirkjuvegur 2":[66.15361,-23.25297],"þuríðarbraut 8":[66.15395,-23.25154],"hafnargata 53":[66.15818,-23.24772],"höfðastígur 3":[66.15601,-23.25389],"hafnargata 76b":[66.15866,-23.24653],"hafnargata 46":[66.15731,-23.24793],