{"múrhúsaland 1":[66.14644,-23.24872],"múrhúsavegur 1":[66.14534,-23.24752],"múrhúsavegur 11":[66.1446,-23.24859],"múrhúsavegur 7":[66.14494,-23.24863],"múrhúsavegur 5":[66.14512,-23.24872],"sandhólar 1":[66.14798,-23.24655],"múrhúsavegur 9":[66.14477,-23.24871],"sandhólar 3b":[66.14831,-23.24734],"sandhólar 8":[66.14869,-23.24594],"sandhólar 4":[66.14815,-23.24578],"minni-hlíð 34":[66.15971,-23.28402],"minni-hlíð 8":[66.15893,-23.2835],"minni-hlíð 10":[66.15901,-23.28354],"minni-hlíð 16":[66.15915,-23.28362],"minni-hlíð 14":[66.1592,-23.28321],"minni-hlíð 30":[66.15967,-23.28353],"minni-hlíð 26":[66.15948,-23.28389],"minni-hlíð 2":[66.15881,-23.28351],"minni-hlíð 18":[66.15928,-23.28345],"minni-hlíð 36":[66.1598,-23.28408],"minni-hlíð 42":[66.15988,-23.28416],"minni-hlíð 44":[66.15996,-23.28422],"minni-hlíð 32":[66.15976,-23.28357],"minni-hlíð 20":[66.15929,-23.2838],"minni-hlíð 28":[66.15954,-23.28393],"sandhólar 5a":[66.14868,-23.24667],"sandhólar 5b":[66.14862,-23.24751],"sandhólar 3a":[66.14829,-23.24658],"múrhúsavegur 13":[66.14441,-23.24858],"múrhúsavegur 3":[66.14533,-23.24882],"múrhúsavegur 15":[66.14424,-23.24842],"sandhólar 7":[66.149,-23.24673],"sandhólar 6":[66.14839,-23.24587],"sandhólar 2":[66.14792,-23.24581]}