{"grundarstræti 1":[66.02598,-22.99159],"aðalgata 56":[66.03205,-22.98962],"aðalgata 38":[66.03422,-22.98964],"aðalgata 34":[66.03485,-22.98927],"aðalgata 30":[66.03562,-22.98975],"aðalgata 26":[66.03611,-22.98943],"aðalgata 12":[66.03733,-22.98805],"njarðarbraut 14":[66.03881,-22.98594],"aðalgata 6":[66.03855,-22.98709],"aðalgata 2a":[66.03931,-22.98644],"aðalgata 2":[66.03951,-22.98631],"aðalgata 20":[66.03661,-22.9888],"grundarstræti 2":[66.02695,-22.99017],"njarðarbraut 18":[66.03893,-22.98578],"holtagata 12":[66.02713,-22.99393],"eyrardalur 3":[66.02996,-22.99108],"aðalgata 54":[66.03229,-22.98923],"holtagata 31":[66.02928,-22.99343],"eyrardalur 1":[66.03006,-22.98997],"eyrardalur 5":[66.02988,-22.99186],"holtagata 25":[66.02855,-22.99371],"holtagata 27":[66.02882,-22.9936],"holtagata 29":[66.02904,-22.99346],"álfabyggð 1":[66.0272,-22.99253],"álfabyggð 2":[66.02757,-22.99228],"holtagata 2":[66.02574,-22.99387],"holtagata 4":[66.02603,-22.99396],"holtagata 6":[66.02626,-22.99406],"holtagata 9":[66.02678,-22.99485],"holtagata 11":[66.02702,-22.99473],"holtagata 14":[66.02742,-22.99371],"holtagata 16":[66.02778,-22.99348],"arnarflöt 3":[66.02782,-22.99022],"arnarflöt 7":[66.02753,-22.99132],"víkurgata 3":[66.0284,-22.99013],"víkurgata 7":[66.02887,-22.98998],"víkurgata 11":[66.02936,-22.98986],"vallargata 2":[66.02807,-22.99085],"vallargata 4":[66.02814,-22.99091],"vallargata 6":[66.02837,-22.9911],"vallargata 12":[66.02897,-22.99084],"holtagata 26":[66.02854,-22.99287],"holtagata 18":[66.02797,-22.99332],"holtagata 22":[66.02822,-22.99313],"holtagata 24":[66.02828,-22.99307],"aðalgata 16":[66.03689,-22.98818],"nesvegur 3":[66.03984,-22.98709],"nesvegur 9":[66.04045,-22.98754],"nesvegur 13":[66.04071,-22.98663],"nesvegur 15b":[66.04074,-22.98743],"nesvegur 17b":[66.04106,-22.98733],"túngata 10":[66.03857,-22.98864],"túngata 12":[66.03832,-22.98887],"túngata 14":[66.03808,-22.98898],"túngata 16":[66.03787,-22.98911],"aðalgata 1a":[66.03847,-22.98594],"aðalgata 8b":[66.03787,-22.98773],"aðalgata 40":[66.03375,-22.99006],"aðalgata 42b":[66.03337,-22.99001],"aðalgata 44b":[66.03317,-22.99001],"hlíðargata 3":[66.02371,-22.99404],"hlíðargata 7":[66.02423,-22.99366],"túngata 18":[66.03745,-22.98968],"aðalgata 1":[66.03834,-22.98609],"aðalgata 8":[66.03814,-22.98725],"álfabyggð 3":[66.02733,-22.99306],"álfabyggð 4":[66.02766,-22.99282],"eyrardalur 2":[66.0305,-22.99024],"holtagata 1":[66.02565,-22.99472],"holtagata 3":[66.02591,-22.99485],"holtagata 5":[66.02616,-22.99482],"holtagata 7":[66.02655,-22.9949],"holtagata 10":[66.02686,-22.994],"holtagata 13":[66.02724,-22.99463],"holtagata 23":[66.02835,-22.9939],"arnarflöt 5":[66.02771,-22.99082],"arnarflöt 9":[66.02735,-22.99169],"víkurgata 5":[66.02866,-22.99013],"víkurgata 9":[66.02911,-22.98987],"vallargata 1":[66.02792,-22.99167],"vallargata 3":[66.02819,-22.99182],"vallargata 5":[66.02845,-22.99186],"vallargata 8":[66.02844,-22.99111],"holtagata 28":[66.0286,-22.99284],"holtagata 20":[66.02805,-22.99326],"vallargata 14":[66.02923,-22.99066],"aðalgata 14":[66.03706,-22.98796],"aðalgata 22":[66.03643,-22.98888],"nesvegur 2":[66.0399,-22.98639],"nesvegur 4":[66.04017,-22.98626],"nesvegur 11":[66.04044,-22.98685],"nesvegur 15a":[66.04073,-22.98725],"nesvegur 17a":[66.04106,-22.98713],"nesvegur 19":[66.04102,-22.98657],"túngata 9":[66.03846,-22.98787],"túngata 11":[66.03824,-22.98804],"túngata 13":[66.03801,-22.98818],"túngata 15":[66.03741,-22.98879],"hlíðargata 1":[66.02347,-22.99416],"hlíðargata 5":[66.02398,-22.99386],"hlíðargata 9":[66.02455,-22.9934],"aðalgata 62":[66.0313,-22.98972],"aðalgata 32":[66.03529,-22.98939],"aðalgata 28":[66.03579,-22.98925],"aðalgata 18":[66.03686,-22.98899],"aðalgata 10":[66.03754,-22.98771],"aðalgata 52":[66.03268,-22.98974],"túngata 15b":[66.03751,-22.98845],"njarðarbraut 16":[66.03887,-22.98588],"njarðarbraut 20":[66.03901,-22.98579],"holtagata 8":[66.0266,-22.99407],"vallargata 10":[66.02868,-22.99106],"vallargata 7":[66.02868,-22.99199],"túngata 17":[66.0372,-22.98902],"túngata 20":[66.03726,-22.98994],"eyrardalur 4":[66.03041,-22.99144],"eyrardalur 7":[66.02989,-22.99344],"holtagata 17":[66.02773,-22.99429],"njarðarbraut 7":[66.03819,-22.98565],"holtagata 19":[66.02793,-22.99415],"holtagata 21":[66.02814,-22.99402],"grundarstræti 3":[66.02539,-22.99205],"langeyrarvegur 1b":[66.02043,-22.99179],"nesvegur 5":[66.04014,-22.98696],"aðalgata 58":[66.03171,-22.98925],"langeyrarvegur 17":[66.02027,-22.98912],"langeyrarvegur 5a":[66.02047,-22.99067],"víkurgata 1":[66.02816,-22.99006],"langeyrarvegur 5b":[66.0204,-22.99072],"langeyrarvegur 5c":[66.02032,-22.99075],"grundarstræti 9":[66.0252,-22.99237],"langeyrarvegur 15":[66.02007,-22.98924],"langeyrarvegur 13":[66.02035,-22.98975],"langeyrarvegur 11":[66.02016,-22.98992],"langeyrarvegur 19":[66.02023,-22.98827],"langeyrarvegur 3a":[66.02051,-22.99175],"langeyrarvegur 3b":[66.02058,-22.9917],"holtagata 15":[66.02749,-22.99444],"langeyrarvegur 1a":[66.02038,-22.99182],"langeyrarvegur 2":[66.02015,-22.99336],"grundarstræti 11":[66.02515,-22.99243],"grundarstræti 13":[66.02511,-22.99249],"grundarstræti 15":[66.02506,-22.99254],"grundarstræti 17":[66.02501,-22.9926],"langeyrarvegur 9":[66.02031,-22.99036]}