{"hlíð 2":[66.01187,-23.01423],"hlíð 1":[66.01127,-23.01512],"hlíðarkot 16":[66.01223,-23.01343]}