{"hafnarstræti 1":[66.04763,-23.51191],"hjallavegur 2":[66.0523,-23.51341],"hjallavegur 14":[66.05259,-23.5134],"eyrarvegur 6":[66.05072,-23.51371],"eyrarvegur 8":[66.05104,-23.51441],"eyrarvegur 12":[66.05172,-23.5155],"tjarnargata 8":[66.05212,-23.51778],"hafnarstræti 14":[66.05002,-23.51257],"oddavegur 14":[66.0458,-23.5084],"hafnarbakki 8":[66.04654,-23.50988],"oddavegur 3":[66.04659,-23.51265],"hafnarbakki 3":[66.04697,-23.51181],"hafnarstræti 6":[66.04736,-23.51091],"grundarstígur 7":[66.04787,-23.51323],"hafnarstræti 27a":[66.04903,-23.51284],"grundarstígur 16":[66.04872,-23.51325],"bárugata 3":[66.04801,-23.51372],"grundarstígur 13":[66.04824,-23.51352],"bárugata 4":[66.04818,-23.5139],"grundarstígur 15":[66.04843,-23.51362],"vallargata 3":[66.04866,-23.51425],"ránargata 11":[66.04938,-23.51546],"öldugata 11":[66.04986,-23.51599],"öldugata 1b":[66.05004,-23.51414],"öldugata 6":[66.05012,-23.51582],"brimnesvegur 4b":[66.04752,-23.51368],"hafnarstræti 47a":[66.05189,-23.51157],"hjallavegur 16":[66.05265,-23.51339],"túngata 4":[66.04732,-23.51311],"brimnesvegur 22a":[66.04915,-23.51514],"ránargata 3":[66.04966,-23.51388],"grundarstígur 22":[66.04922,-23.5136],"brimnesvegur 4a":[66.04745,-23.51362],"oddavegur 12":[66.04561,-23.50867],"drafnargata 14":[66.05143,-23.51638],"drafnargata 15":[66.05129,-23.51726],"drafnargata 17":[66.05141,-23.51739],"eyrarvegur 1":[66.05039,-23.51434],"eyrarvegur 3":[66.05052,-23.51447],"eyrarvegur 5":[66.05063,-23.5146],"eyrarvegur 7":[66.05091,-23.51498],"eyrarvegur 9":[66.05112,-23.51528],"eyrarvegur 11":[66.0513,-23.51554],"eyrarvegur 13":[66.0515,-23.51584],"oddavegur 11":[66.0458,-23.50933],"goðatún 2":[66.05216,-23.51481],"goðatún 4":[66.05238,-23.51478],"goðatún 6":[66.0526,-23.51484],"goðatún 14":[66.05322,-23.51577],"grundarstígur 1":[66.04737,-23.5127],"grundarstígur 2":[66.04745,-23.51227],"grundarstígur 6":[66.04779,-23.51244],"grundarstígur 8":[66.04795,-23.51256],"grundarstígur 10":[66.04816,-23.51268],"hafnarstræti 7":[66.04803,-23.51215],"hjallavegur 9":[66.05314,-23.51414],"ólafstún 2":[66.05325,-23.51132],"ólafstún 4":[66.05342,-23.51211],"ólafstún 5":[66.05309,-23.5128],"ólafstún 7":[66.05314,-23.5133],"ólafstún 12":[66.05366,-23.51423],"ránargata 1":[66.04961,-23.51334],"ránargata 4":[66.0498,-23.51417],"ránargata 6":[66.04976,-23.51463],"unnarstígur 4":[66.05168,-23.51344],"unnarstígur 8":[66.05155,-23.51441],"hjallavegur 1":[66.05228,-23.51401],"hjallavegur 7":[66.05277,-23.51412],"brimnesvegur 6":[66.04765,-23.51372],"brimnesvegur 10":[66.04798,-23.51405],"brimnesvegur 12a":[66.04836,-23.5144],"brimnesvegur 14":[66.0485,-23.51458],"brimnesvegur 18":[66.04882,-23.51479],"brimnesvegur 26":[66.04955,-23.51574],"drafnargata 7":[66.05083,-23.51667],"drafnargata 9":[66.05096,-23.51683],"drafnargata 11":[66.05107,-23.51696],"hafnarstræti 3":[66.0478,-23.51196],"hafnarstræti 11":[66.04834,-23.51238],"hafnarstræti 15":[66.04867,-23.51258],"ránargata 7":[66.0495,-23.51485],"ránargata 12":[66.04958,-23.51541],"hafnarbakki 5":[66.04646,-23.51031],"eyrarvegur 10":[66.05142,-23.51514],"grundarstígur 26":[66.04947,-23.5138],"hafnarstræti 9":[66.04824,-23.51232],"hjallavegur 18":[66.05273,-23.51338],"túngata 5":[66.0471,-23.51249],"vallargata 5":[66.04874,-23.51434],"hjallavegur 3":[66.05236,-23.51404],"hjallavegur 11":[66.05328,-23.51425],"oddavegur 9":[66.04568,-23.50979],"oddavegur 10":[66.04539,-23.50938],"flateyrarhöfn 6":[66.04677,-23.5081],"flateyrarhöfn 4":[66.04672,-23.50887],"oddavegur 5":[66.04611,-23.5119],"túngata 7":[66.04699,-23.5132],"hafnarbakki 6":[66.04702,-23.51045],"grundarstígur 5":[66.04766,-23.51308],"hafnarstræti 13":[66.0485,-23.51252],"hafnarstræti 23":[66.04885,-23.51274],"grundarstígur 18":[66.04894,-23.5134],"grundarstígur 9":[66.04804,-23.51339],"vallargata 1":[66.04836,-23.51407],"grundarstígur 13a":[66.049,-23.514],"brimnesvegur 20":[66.04898,-23.51499],"brimnesvegur 22":[66.0491,-23.5151],"grundarstígur 21":[66.04934,-23.51431],"brimnesvegur 28":[66.04972,-23.51586],"öldugata 2":[66.05026,-23.51498],"öldugata 5":[66.05003,-23.51489],"drafnargata 2":[66.0504,-23.51507],"hrannargata 2":[66.05115,-23.5135],"hafnarstræti 4":[66.04705,-23.51083],"brimnesvegur 2":[66.04726,-23.51343],"brimnesvegur 8":[66.04777,-23.51383],"brimnesvegur 12":[66.04815,-23.51425],"grundarstígur 4":[66.04762,-23.51241],"vallargata 7":[66.04903,-23.51454],"vallargata 9":[66.04923,-23.51464],"grundarstígur 12":[66.04832,-23.51289],"hjallavegur 20":[66.05279,-23.51334],"ólafstún 3":[66.053,-23.51219],"ólafstún 6":[66.05343,-23.51255],"ólafstún 9":[66.05334,-23.51477],"ólafstún 14":[66.05371,-23.51475],"ránargata 2":[66.04988,-23.51365],"ránargata 5":[66.04951,-23.51443],"ránargata 8":[66.04967,-23.51492],"unnarstígur 6":[66.05161,-23.51396],"brimnesvegur 16":[66.04863,-23.51471],"brimnesvegur 24":[66.04931,-23.51514],"drafnargata 6":[66.05081,-23.51552],"drafnargata 10":[66.05117,-23.51607],"drafnargata 13":[66.05117,-23.51706],"hafnarstræti 27b":[66.04901,-23.51302],"ránargata 10":[66.04976,-23.51533],"hafnarstræti 29":[66.04931,-23.51309],"melagata 1":[66.05037,-23.51167],"melagata 2":[66.0504,-23.51207],"melagata 3":[66.05045,-23.51246],"melagata 4":[66.05063,-23.5115],"melagata 5":[66.05068,-23.5119],"melagata 6":[66.05074,-23.51229],"melagata 7":[66.05085,-23.51132],"melagata 8":[66.05091,-23.51169],"melagata 9":[66.05099,-23.51207],"oddavegur 2":[66.04553,-23.51117],"oddavegur 4":[66.04547,-23.51079],"drafnargata 4":[66.05064,-23.51538],"hjallavegur 5":[66.05269,-23.51414],"hjallavegur 8":[66.05217,-23.51226],"hafnarstræti 47":[66.05174,-23.51191],"tjarnargata 1":[66.0519,-23.51252],"tjarnargata 3":[66.05196,-23.5131],"tjarnargata 5":[66.05199,-23.51374],"unnarstígur 1":[66.05147,-23.51284],"hjallavegur 4":[66.05225,-23.51292],"hjallavegur 6":[66.0522,-23.51257],"hjallavegur 12":[66.05205,-23.51175],"hafnarstræti 45":[66.05161,-23.5121],"hafnarstræti 43":[66.05146,-23.5123],"hafnarstræti 41":[66.05131,-23.51249],"hafnarstræti 2":[66.04764,-23.51122],"öldugata 1":[66.05021,-23.51393],"unnarstígur 2":[66.05165,-23.51274],"unnarstígur 3":[66.05144,-23.51333],"oddavegur 13":[66.04616,-23.5089]}