{"sæból 1":[66.05692,-23.70884],"hjarðardalur-ytri 1":[66.01626,-23.4763],"hjarðardalur-ytri 2":[66.01657,-23.47707],"hóll 2":[65.9701,-23.33197],"fremri breiðadalur 2":[66.02242,-23.37748],"mosvellir 1":[65.98658,-23.42374],"hraun 3":[66.02657,-23.68691],"sæból 2":[66.05763,-23.70567],"sólbakki 6":[66.05244,-23.50109],"breiðadalur neðri 4":[66.02022,-23.40507],"breiðadalur 2":[66.02049,-23.40358],"veðrará 2":[66.02453,-23.32676],"þverárgerði 5":[65.97437,-23.44012],"þverárgerði 4":[65.97394,-23.44004],"þverárgerði 2":[65.97349,-23.43877],"sæból 3":[66.05583,-23.70499],"kaldá 1":[66.03663,-23.43807],"ástún 2":[66.04608,-23.69915],"vífilsmýrar 2":[65.97619,-23.3465],"þverárgerði 3":[65.97344,-23.44005],"þverárgerði 6":[65.97449,-23.43832],"hjarðardalur-ytri 3":[66.01574,-23.47785],"kirkjuból í korpudal 2":[65.98484,-23.34115],"þverárgerði 1":[65.97352,-23.43743],"selakirkjuból 1":[66.03475,-23.43456],"ból 2":[66.03612,-23.43246]}