{"túngata 19":[66.12764,-23.51983],"túngata 21":[66.12768,-23.51975],"hjallavegur 2":[66.12914,-23.52764],"hjallavegur 16":[66.12983,-23.53014],"hlíðarvegur 6":[66.12857,-23.52665],"eyrargata 3":[66.12992,-23.52751],"túngata 9":[66.12831,-23.52128],"hlíðarvegur 1":[66.12898,-23.52722],"aðalgata 9":[66.12959,-23.52792],"aðalgata 16":[66.13005,-23.52885],"stefnisgata 2":[66.13026,-23.52758],"skólagata 1":[66.13052,-23.5286],"skipagata 4":[66.13077,-23.52862],"eyrargata 14":[66.13079,-23.52996],"eyrargata 18":[66.1309,-23.53084],"aðalgata 59":[66.13197,-23.53767],"stefnisgata 1":[66.13035,-23.52788],"freyjugata 3a":[66.13022,-23.52641],"skipagata 2":[66.13059,-23.52899],"aðalgata 13":[66.12976,-23.52857],"aðalgata 35":[66.13068,-23.53249],"túngata 6":[66.12877,-23.5246],"túngata 13":[66.12772,-23.52085],"túngata 23":[66.12774,-23.51965],"túngata 27":[66.12782,-23.51949],"aðalgata 3":[66.12929,-23.52674],"aðalgata 10":[66.12978,-23.52776],"aðalgata 12":[66.12986,-23.52817],"aðalgata 18":[66.13021,-23.5293],"aðalgata 21":[66.13026,-23.53028],"aðalgata 23":[66.13034,-23.53059],"aðalgata 26":[66.1306,-23.53076],"aðalgata 27":[66.13057,-23.53151],"aðalgata 29":[66.13067,-23.53184],"aðalgata 32":[66.13083,-23.53143],"aðalgata 36":[66.13093,-23.53233],"aðalgata 38":[66.13108,-23.53285],"aðalgata 49":[66.13135,-23.53463],"eyrargata 2":[66.12995,-23.52657],"eyrargata 5":[66.13002,-23.52789],"eyrargata 7":[66.13013,-23.52828],"eyrargata 12":[66.1305,-23.52906],"hjallabyggð 1":[66.12992,-23.53575],"hjallabyggð 3":[66.1299,-23.53639],"hjallabyggð 5":[66.1299,-23.53694],"hjallabyggð 7":[66.12968,-23.53715],"hjallabyggð 9":[66.12979,-23.53766],"hjallavegur 1":[66.12912,-23.527],"hjallavegur 5":[66.12901,-23.52838],"hjallavegur 7":[66.12913,-23.52886],"hjallavegur 13":[66.12934,-23.5297],"hjallavegur 23":[66.12984,-23.53165],"hjallavegur 27":[66.13001,-23.53255],"hjallavegur 31":[66.1302,-23.53364],"túngata 8b":[66.12811,-23.52347],"sætún 1":[66.12902,-23.52116],"sætún 4":[66.12862,-23.52096],"sætún 5":[66.12872,-23.52029],"sætún 6":[66.12856,-23.52075],"sætún 10":[66.12824,-23.51992],"túngata 2":[66.12893,-23.52592],"sætún 12":[66.12816,-23.51964],"hlíðarvegur 14":[66.12785,-23.52431],"skipagata 1":[66.1306,-23.52943],"túngata 8":[66.12841,-23.52405],"sætún 3":[66.12886,-23.52085],"sætún 7":[66.12864,-23.51988],"túngata 10":[66.12757,-23.52153],"túngata 15":[66.12759,-23.52065],"túngata 17":[66.1276,-23.51991],"túngata 6b":[66.1285,-23.52502],"túngata 12":[66.12734,-23.52129],"túngata 14":[66.12716,-23.52099],"túngata 25":[66.12778,-23.51957],"freyjugata 2":[66.13036,-23.52557],"skólagata 6":[66.13063,-23.52795],"skipagata 3":[66.1309,-23.52917],"eyrargata 16":[66.13088,-23.53026],"aðalgata 43":[66.13096,-23.53358],"hjallavegur 3":[66.12889,-23.52787],"hjallavegur 11":[66.12925,-23.5293],"hjallavegur 14":[66.12968,-23.52978],"hjallavegur 17":[66.12956,-23.53045],"hjallavegur 19":[66.12965,-23.53077],"hlíðarvegur 3":[66.1289,-23.52667],"túngata 1":[66.12928,-23.52536],"aðalgata 15":[66.12991,-23.52904],"eyrargata 6":[66.13024,-23.52806],"aðalgata 17":[66.13002,-23.52977],"skipagata 6":[66.13096,-23.52832],"hjallavegur 21":[66.12976,-23.53117],"hjallavegur 25":[66.12994,-23.53213],"hjallavegur 29":[66.13009,-23.53307],"hlíðarvegur 2":[66.12876,-23.52742],"hlíðarvegur 4":[66.12867,-23.52705],"hlíðarvegur 5":[66.12862,-23.52562],"hlíðarvegur 10":[66.12832,-23.52579],"hlíðarvegur 12":[66.12821,-23.52535],"sætún 2":[66.12868,-23.52119],"sætún 8":[66.12849,-23.52052],"sætún 9":[66.12852,-23.5195],"sætún 11":[66.12838,-23.5191],"túngata 4":[66.1289,-23.52514],"aðalgata 2":[66.1294,-23.52603],"aðalgata 8":[66.12963,-23.52729],"aðalgata 11":[66.12967,-23.52823],"aðalgata 14":[66.13,-23.52857],"aðalgata 20":[66.13028,-23.52969],"aðalgata 22":[66.1304,-23.53006],"aðalgata 25":[66.13042,-23.53093],"aðalgata 28":[66.13071,-23.53105],"aðalgata 31":[66.13073,-23.53212],"aðalgata 34":[66.13089,-23.53206],"aðalgata 37":[66.13093,-23.53275],"aðalgata 47":[66.13124,-23.53416],"aðalgata 51":[66.13145,-23.53509],"eyrargata 1":[66.12981,-23.52712],"eyrargata 4":[66.13007,-23.52688],"eyrargata 9":[66.13024,-23.52868],"eyrargata 15":[66.13041,-23.52944],"brekkustígur 7":[66.12928,-23.5281],"höfðastígur 2":[66.12765,-23.5172],"höfðastígur 3":[66.12765,-23.5172],"höfðastígur 5":[66.12725,-23.51751],"hafnarbakki 2":[66.12939,-23.52387],"rómarstígur 3":[66.13041,-23.5282],"rómarstígur 5":[66.13045,-23.5283],"höfðastígur 6":[66.12707,-23.51763],"höfðastígur 8":[66.1268,-23.51817],"höfðastígur 7":[66.12688,-23.51758],"höfðastígur 1":[66.12799,-23.51759],"skólagata 3":[66.13069,-23.52836],"aðalgata 1":[66.12922,-23.5263],"freyjugata 4":[66.13088,-23.52571],"eyrargata 8":[66.13033,-23.52838],"skólagata 5":[66.13087,-23.52811],"rómarstígur 2":[66.13043,-23.52778],"rómarstígur 4":[66.1305,-23.52795],"rómarstígur 6":[66.13054,-23.52814],"stefnisgata 10":[66.13068,-23.52672],"aðalgata 45b":[66.13109,-23.53398],"freyjugata 7":[66.13059,-23.52626],"aðalgata 19":[66.13013,-23.53004],"brekkustígur 5":[66.12942,-23.52862],"eyrargata 11":[66.13031,-23.52904],"hafnarbakki 1":[66.12937,-23.52467],"skólagata 8":[66.13074,-23.52775],"höfðastígur 9":[66.12697,-23.51824],"freyjugata 3c":[66.13016,-23.52647],"freyjugata 5":[66.13039,-23.52662],"freyjugata 6":[66.13097,-23.52703],"höfðastígur 4":[66.12742,-23.51732],"eyrargata 10":[66.13043,-23.52883]}