{"birkihlíð 1":[66.07986,-23.36607],"selárdalur 1":[66.12184,-23.44876],"botn 2":[66.08088,-23.36699],"botn 1":[66.08059,-23.36716],"birkihlíð 2":[66.08,-23.36799],"selárdalur 3":[66.12122,-23.44812],"selárdalur 5":[66.1209,-23.44792],"selárdalur 7":[66.12056,-23.44747],"súgandafjarðarvegur 1":[66.1113,-23.45949],"selárdalur 2":[66.12169,-23.44974],"selárdalur 4":[66.12128,-23.44945],"kleif 1":[66.12054,-23.4828],"kleif 2":[66.12051,-23.4829],"selárdalur 8":[66.12057,-23.44889],"selárdalur 6":[66.12089,-23.44911]}