{"fjósadalsá 2":[65.60261,-24.01298],"engjar 4":[65.60352,-24.0137],"engjar 2":[65.60341,-24.01331],"engjar 1":[65.60336,-24.01308],"aðalstræti 53a":[65.59679,-23.98813],"stekkar 17":[65.59536,-23.9817],"stekkar 20":[65.59496,-23.98065],"stekkar 23":[65.59513,-23.98046],"strandgata 3":[65.59722,-23.99602],"strandgata 11a":[65.5976,-23.99418],"strandgata 15":[65.59743,-23.99345],"strandgata 15a":[65.59762,-23.99366],"strandgata 17":[65.59744,-23.99308],"strandgata 17a":[65.5976,-23.99292],"strandgata 19":[65.59746,-23.9925],"strandgata 21":[65.59712,-23.99196],"túngata 14":[65.59739,-23.99901],"túngata 15":[65.59754,-23.99932],"túngata 16":[65.59755,-23.99857],"túngata 17":[65.59768,-23.99894],"túngata 18":[65.59768,-23.99822],"túngata 19":[65.59786,-23.99852],"urðargata 2":[65.59793,-23.99535],"urðargata 5":[65.59823,-23.99624],"urðargata 6":[65.59836,-23.99565],"urðargata 7":[65.59833,-23.99665],"urðargata 9":[65.5984,-23.99699],"urðargata 12":[65.59864,-23.99697],"urðargata 17":[65.59868,-23.99843],"urðargata 19":[65.59878,-23.99891],"urðargata 22":[65.5991,-23.99895],"urðargata 26":[65.59925,-23.99989],"vatnskrókur 2":[65.59982,-24.0082],"vatnskrókur 3":[65.59978,-24.00815],"vatnskrókur 7":[65.59952,-24.00812],"vatnskrókur 5":[65.59965,-24.00817],"vatnskrókur 9":[65.59942,-24.00806],"vatnskrókur 11":[65.59927,-24.00805],"vatnskrókur 13":[65.59916,-24.00799],"vatnskrókur 15":[65.59905,-24.0081],"vatnskrókur 17":[65.59897,-24.00805],"vatnskrókur 19":[65.59886,-24.00787],"vatnskrókur 21":[65.59878,-24.00782],"vatnskrókur 23":[65.59861,-24.00773],"þórsgata 1":[65.59701,-23.9992],"þórsgata 2":[65.59721,-23.99865],"þórsgata 6":[65.5978,-23.99996],"þórsgata 8":[65.59805,-24.00045],"þórsgata 10":[65.59835,-24.00118],"þórsgata 14":[65.59884,-24.00214],"aðalstræti 1":[65.5961,-24.00055],"aðalstræti 3":[65.59627,-24.0001],"aðalstræti 6":[65.59743,-23.99591],"aðalstræti 8":[65.59751,-23.99551],"aðalstræti 10":[65.59761,-23.99508],"aðalstræti 12":[65.59767,-23.99474],"aðalstræti 14":[65.59774,-23.9944],"aðalstræti 16":[65.59781,-23.99396],"aðalstræti 17":[65.59731,-23.99737],"aðalstræti 27":[65.59786,-23.99469],"aðalstræti 31":[65.59803,-23.9935],"aðalstræti 37":[65.59776,-23.99219],"aðalstræti 41":[65.59755,-23.99148],"aðalstræti 45":[65.5973,-23.99091],"aðalstræti 49":[65.597,-23.99],"aðalstræti 51":[65.59687,-23.98963],"aðalstræti 52":[65.59661,-23.98986],"aðalstræti 55":[65.59617,-23.98741],"aðalstræti 57":[65.59601,-23.98666],"aðalstræti 62":[65.59538,-23.98538],"aðalstræti 63":[65.59559,-23.98484],"aðalstræti 67":[65.59525,-23.9834],"aðalstræti 71":[65.59503,-23.98229],"aðalstræti 73":[65.59485,-23.9815],"aðalstræti 74":[65.5943,-23.98098],"aðalstræti 75":[65.5945,-23.9805],"aðalstræti 76":[65.59415,-23.98062],"aðalstræti 77a":[65.59469,-23.97984],"aðalstræti 78":[65.59392,-23.98017],"aðalstræti 82a":[65.59356,-23.97958],"aðalstræti 83":[65.59372,-23.979],"aðalstræti 84":[65.59343,-23.97936],"aðalstræti 84a":[65.59328,-23.97931],"aðalstræti 85":[65.59351,-23.9787],"aðalstræti 87":[65.59329,-23.97842],"aðalstræti 87a":[65.59338,-23.97772],"aðalstræti 88":[65.59318,-23.97896],"aðalstræti 89":[65.59309,-23.97783],"aðalstræti 90":[65.59297,-23.97868],"aðalstræti 97":[65.59221,-23.97708],"aðalstræti 100":[65.59171,-23.97696],"aðalstræti 110":[65.59097,-23.97606],"aðalstræti 112a":[65.58961,-23.97432],"aðalstræti 115":[65.58959,-23.97354],"aðalstræti 116a":[65.58898,-23.97433],"aðalstræti 118a":[65.58879,-23.97406],"aðalstræti 120":[65.58871,-23.97315],"aðalstræti 121":[65.58901,-23.97247],"aðalstræti 122":[65.58846,-23.97286],"aðalstræti 123":[65.58883,-23.97215],"aðalstræti 125":[65.58866,-23.9719],"aðalstræti 126a":[65.58785,-23.97281],"aðalstræti 129":[65.58824,-23.97134],"aðalstræti 31a":[65.59801,-23.9933],"balar 19":[65.59376,-23.97766],"balar 23":[65.59387,-23.97813],"bjarkargata 3":[65.59773,-23.99721],"bjarkargata 5":[65.59776,-23.99771],"bjarkargata 6":[65.59807,-23.99782],"bjarkargata 8":[65.59829,-23.99825],"bjarkargata 11":[65.59834,-23.99978],"brunnar 2":[65.59446,-23.9789],"brunnar 4":[65.59432,-23.97837],"brunnar 6":[65.59421,-23.97792],"brunnar 8":[65.59409,-23.97742],"brunnar 10":[65.59397,-23.97696],"brunnar 12":[65.59386,-23.9765],"brunnar 14":[65.59375,-23.97607],"brunnar 15":[65.59408,-23.97563],"brunnar 18":[65.59351,-23.97509],"brunnar 20":[65.59338,-23.97463],"brunnar 22":[65.59327,-23.97417],"brunnar 25":[65.59354,-23.97344],"hjallar 4":[65.595,-23.97805],"hjallar 9":[65.59494,-23.97623],"hjallar 10":[65.59466,-23.9767],"hjallar 13":[65.59471,-23.97538],"hjallar 16":[65.59435,-23.97538],"hjallar 18":[65.59423,-23.97483],"hjallar 20":[65.5941,-23.97437],"hjallar 25":[65.59408,-23.97256],"hlíðarvegur 2":[65.59503,-23.97973],"hólar 17":[65.6008,-24.00371],"mikladalsvegur 2":[65.59025,-23.97364],"mikladalsvegur 5":[65.59061,-23.9729],"mýrar 1":[65.60105,-24.0082],"mýrar 2":[65.60074,-24.00834],"mýrar 4":[65.60063,-24.00786],"mýrar 6":[65.60055,-24.00741],"mýrar 8":[65.60043,-24.00693],"mýrar 10":[65.60034,-24.00645],"mýrar 12":[65.60024,-24.00598],"mýrar 13":[65.60046,-24.00537],"mýrar 15":[65.60033,-24.00488],"mýrar 17":[65.60024,-24.00443],"sigtún 1":[65.595,-23.97359],"sigtún 4":[65.59475,-23.9741],"sigtún 6":[65.59463,-23.97363],"sigtún 8":[65.59452,-23.97319],"sigtún 9":[65.59454,-23.97172],"sigtún 11":[65.59424,-23.97129],"sigtún 13":[65.59404,-23.97162],"sigtún 17":[65.59353,-23.97237],"sigtún 21":[65.59329,-23.97272],"sigtún 25":[65.59305,-23.97338],"sigtún 29":[65.59285,-23.97437],"sigtún 33":[65.59272,-23.97413],"sigtún 35":[65.59265,-23.97401],"sigtún 39":[65.59265,-23.97491],"sigtún 43":[65.59256,-23.97475],"sigtún 47":[65.59247,-23.97458],"sigtún 51":[65.59249,-23.97554],"sigtún 55":[65.59237,-23.97533],"sigtún 59":[65.5924,-23.97632],"sigtún 61":[65.59233,-23.97622],"stekkar 1":[65.59641,-23.98523],"stekkar 7":[65.5958,-23.98379],"stekkar 9":[65.59569,-23.98333],"þórsgata 10b":[65.59832,-24.00078],"mikladalsvegur 2a":[65.5902,-23.97422],"stekkar 5":[65.59588,-23.98429],"mikladalsvegur 7":[65.59065,-23.97165],"aðalstræti 107":[65.59128,-23.9741],"aðalstræti 4":[65.59727,-23.99647],"engjar 3":[65.60346,-24.01349],"stekkar 14":[65.59522,-23.98216],"stekkar 19":[65.5953,-23.98123],"stekkar 21":[65.59522,-23.98087],"stekkar 23a":[65.59538,-23.9801],"strandgata 5":[65.59731,-23.99545],"strandgata 11":[65.59739,-23.99421],"strandgata 13":[65.59741,-23.99386],"aðalstræti 47":[65.59716,-23.99049],"aðalstræti 50":[65.59678,-23.99024],"aðalstræti 51a":[65.59706,-23.98931],"aðalstræti 53":[65.59704,-23.9882],"aðalstræti 55a":[65.59666,-23.98669],"aðalstræti 60":[65.59558,-23.98588],"aðalstræti 61":[65.59568,-23.98529],"aðalstræti 65":[65.59531,-23.98374],"aðalstræti 69":[65.59515,-23.98301],"aðalstræti 71a":[65.5949,-23.98192],"aðalstræti 72":[65.59446,-23.98157],"brunnar 5":[65.59464,-23.97793],"brunnar 7":[65.59455,-23.97748],"brunnar 9":[65.59441,-23.97704],"brunnar 11":[65.5943,-23.97656],"brunnar 13":[65.59422,-23.97594],"brunnar 16":[65.59362,-23.97556],"brunnar 19":[65.59387,-23.97483],"brunnar 21":[65.59376,-23.97442],"brunnar 23":[65.59365,-23.9739],"hjallar 2":[65.5951,-23.97839],"hjallar 7":[65.59504,-23.97666],"hjallar 11":[65.59483,-23.97582],"hjallar 15":[65.59461,-23.97484],"hjallar 17":[65.59448,-23.9744],"hjallar 19":[65.59437,-23.97395],"hjallar 21":[65.59431,-23.9735],"strandgata 7":[65.59736,-23.99494],"aðalstræti 92":[65.5927,-23.97852],"aðalstræti 98":[65.59206,-23.9777],"aðalstræti 105":[65.59133,-23.97535],"aðalstræti 112":[65.59022,-23.97533],"aðalstræti 114":[65.58939,-23.97402],"aðalstræti 116":[65.58918,-23.97374],"aðalstræti 117":[65.58948,-23.97299],"aðalstræti 119":[65.58926,-23.97267],"aðalstræti 120a":[65.58855,-23.97375],"aðalstræti 122a":[65.58828,-23.97342],"aðalstræti 124":[65.58825,-23.97263],"aðalstræti 126":[65.58797,-23.97218],"aðalstræti 127":[65.58845,-23.97162],"aðalstræti 130":[65.5875,-23.97153],"balar 4":[65.59302,-23.97645],"balar 17":[65.59371,-23.97745],