{"brjánslækur 2":[65.57217,-23.1783],"kjarrholt 1":[65.52165,-23.40281],"kvígindisdalur 2":[65.55644,-24.01144],"hnjótur 1":[65.56328,-24.1531],"hnjótur 2":[65.56399,-24.15268],"hvammsholt 2":[65.58431,-24.13279],"heimabær 1":[65.52793,-24.45553],"stakkar 1":[65.48723,-24.06068],"heimabær 2":[65.52703,-24.45582],"brjánslækur 1":[65.52428,-23.20082],"kvígindisdalur 1":[65.55592,-24.01232],"kjarrholt 2":[65.52164,-23.4027],"kjarrholt 4":[65.52163,-23.40239],"kjarrholt 3":[65.52163,-23.40252],"húsabær 1":[65.52848,-24.45729],"hænuvík-innri 2":[65.6122,-24.20041],"sauðlauksdalur 5":[65.53686,-23.99863],"brjánslækur 3":[65.52497,-23.19541],"húsabær 2":[65.52845,-24.45746],"hvammsholt 4":[65.58403,-24.13355],"grænhóll 1":[65.50077,-23.44478],"hvammsholt 8":[65.58299,-24.13534],"langholt 1":[65.52171,-23.42001],"langholt 2":[65.52246,-23.41957],"langholt 3":[65.52335,-23.41755],"sauðlauksdalur 3":[65.53662,-23.9994]}