{"kirkjubraut 2":[65.62735,-23.83517],"tunguland 2":[65.62701,-23.81951],"móatún 7a":[65.62836,-23.82194],"strandgata 42b":[65.62645,-23.82881],"strandgata 45":[65.62596,-23.82896],"strandgata 50":[65.62644,-23.83096],"hrafnadalsvegur 3":[65.62725,-23.82915],"strandgata 2":[65.6243,-23.8133],"strandgata 5":[65.62429,-23.81522],"strandgata 4":[65.62463,-23.81415],"strandgata 6":[65.62481,-23.81466],"strandgata 11":[65.62488,-23.81665],"strandgata 10":[65.62528,-23.81601],"strandgata 14":[65.62568,-23.81759],"strandgata 12":[65.62547,-23.81678],"strandgata 22":[65.62612,-23.82002],"strandgata 23":[65.62573,-23.82114],"strandgata 25":[65.626,-23.8217],"strandgata 28":[65.62659,-23.82213],"strandgata 32":[65.62675,-23.82314],"túngata 13":[65.62757,-23.82063],"túngata 15":[65.62769,-23.82116],"túngata 19":[65.6279,-23.82222],"túngata 24":[65.62794,-23.82083],"móatún 1":[65.6281,-23.82004],"móatún 4":[65.62847,-23.81965],"móatún 6":[65.62856,-23.8201],"móatún 8":[65.62868,-23.82077],"móatún 9":[65.62861,-23.82222],"móatún 11":[65.62875,-23.82283],"móatún 15":[65.62899,-23.82392],"móatún 14":[65.62903,-23.82258],"móatún 18":[65.62929,-23.8235],"móatún 25":[65.62964,-23.82701],"túngata 46":[65.62921,-23.82671],"túngata 42":[65.62898,-23.82558],"túngata 40":[65.62885,-23.82501],"túngata 21":[65.62803,-23.82294],"túngata 25":[65.62826,-23.82388],"túngata 29":[65.62847,-23.82485],"túngata 33":[65.62867,-23.8258],"túngata 37":[65.62888,-23.82678],"túngata 42b":[65.62902,-23.82558],"miðtún 1":[65.62744,-23.82346],"miðtún 4":[65.62794,-23.8238],"miðtún 8":[65.62803,-23.82462],"miðtún 10":[65.62816,-23.82508],"miðtún 14":[65.62836,-23.82607],"bugatún 14":[65.62784,-23.82669],"bugatún 10":[65.62763,-23.82563],"bugatún 8":[65.62752,-23.82513],"strandgata 36":[65.62686,-23.82551],"strandgata 40":[65.62657,-23.82772],"strandgata 39":[65.6262,-23.82691],"strandgata 42a":[65.62647,-23.82857],"kirkjubraut 1":[65.62743,-23.83448],"móatún 22":[65.62943,-23.82452],"kirkjubraut 5":[65.62794,-23.83536],"kirkjubraut 19":[65.62896,-23.83997],"kirkjubraut 18":[65.62893,-23.83805],"kirkjubraut 20":[65.62921,-23.83916],"kirkjubraut 15":[65.62852,-23.83666],"kirkjubraut 14":[65.62884,-23.83529],"kirkjubraut 16":[65.62883,-23.83621],"strandgata 44":[65.6264,-23.82965],"strandgata 43":[65.62602,-23.8284],"strandgata 48":[65.62641,-23.83059],"hrafnadalsvegur 1":[65.62687,-23.82908],"þinghólsgata 2":[65.6281,-23.83598],"strandgata 20":[65.62599,-23.81936],"strandgata 23b":[65.62581,-23.82066],"strandgata 27":[65.62619,-23.82258],"strandgata 30":[65.62668,-23.82254],"túngata 17":[65.6278,-23.82168],"túngata 22":[65.62789,-23.8203],"túngata 28":[65.62821,-23.82175],"móatún 2":[65.62831,-23.81918],"móatún 3":[65.62826,-23.82055],"móatún 5":[65.62836,-23.82106],"móatún 7":[65.62847,-23.82156],"móatún 13":[65.62887,-23.82342],"móatún 17":[65.62911,-23.82456],"móatún 16":[65.62914,-23.82308],"móatún 23":[65.62949,-23.82633],"túngata 48":[65.62933,-23.82732],"túngata 44":[65.62913,-23.82617],"túngata 30":[65.62834,-23.82258],"túngata 23":[65.62816,-23.82338],"túngata 27":[65.62836,-23.82435],"túngata 31":[65.62857,-23.82535],"túngata 35":[65.62878,-23.82628],"túngata 39":[65.62899,-23.82728],"miðtún 2":[65.6278,-23.82314],"miðtún 3":[65.62752,-23.82398],"miðtún 7":[65.62777,-23.82483],"miðtún 12":[65.62826,-23.82555],"miðtún 13":[65.62808,-23.8263],"miðtún 18":[65.6286,-23.82705],"bugatún 12":[65.62771,-23.82608],"strandgata 38":[65.62671,-23.82662],"strandgata 37":[65.62635,-23.82568],"kirkjubraut 7":[65.628,-23.83712],"kirkjubraut 8":[65.62819,-23.83778],"þinghólsgata 1":[65.62741,-23.8331],"móatún 20":[65.62937,-23.82423],"kirkjubraut 6":[65.62775,-23.83627],"kirkjubraut 4":[65.6275,-23.83574],"kirkjubraut 17":[65.62864,-23.83841],"kirkjubraut 13":[65.6283,-23.83468],"kirkjubraut 12":[65.62871,-23.83436],"bugatún 16":[65.62775,-23.82766],"strandgata 3":[65.62411,-23.81475],"miðtún 15":[65.62818,-23.8268],"tunguland 1":[65.62693,-23.82018],"bugatún 15":[65.62749,-23.82765],"miðtún 16":[65.62844,-23.82648],"strandgata 52":[65.62648,-23.83163],"bugatún 13":[65.62753,-23.82735],"strandgata 20a":[65.62589,-23.81891],"strandgata 41":[65.62613,-23.82765],"eyrarhús 1":[65.62962,-23.84797],"tunguland 3":[65.62846,-23.81738]}