{"dalbraut 58a":[65.67947,-23.61154],"sælundur 3":[65.68086,-23.60766],"sæbakki 2":[65.68367,-23.6046],"sæbakki 6":[65.68318,-23.60576],"hafnarbraut 2":[65.68522,-23.59942],"hafnarbraut 3":[65.68362,-23.60302],"hafnarteigur 4":[65.68616,-23.59481],"strandgata 5":[65.6861,-23.59709],"strandgata 13":[65.68759,-23.59694],"arnarbakki 3":[65.67949,-23.6101],"arnarbakki 7":[65.67929,-23.60902],"brekkustígur 1":[65.6864,-23.59957],"dalbraut 2":[65.68567,-23.60256],"dalbraut 7":[65.68493,-23.60247],"dalbraut 9":[65.68476,-23.60292],"dalbraut 11":[65.68455,-23.60334],"dalbraut 12":[65.68464,-23.60414],"dalbraut 14":[65.68447,-23.6045],"dalbraut 16":[65.68432,-23.60487],"dalbraut 17":[65.68395,-23.60472],"dalbraut 18":[65.68415,-23.60526],"dalbraut 19":[65.68383,-23.60498],"dalbraut 20":[65.68399,-23.60569],"dalbraut 20a":[65.68384,-23.60575],"dalbraut 21":[65.68359,-23.60557],"dalbraut 22":[65.68376,-23.60608],"dalbraut 24":[65.68359,-23.60657],"dalbraut 25":[65.68325,-23.60623],"dalbraut 26":[65.68342,-23.60696],"dalbraut 27":[65.68307,-23.6067],"dalbraut 28":[65.68326,-23.60734],"dalbraut 30":[65.68306,-23.60772],"dalbraut 32":[65.68287,-23.60804],"dalbraut 34":[65.68266,-23.6085],"dalbraut 35":[65.68232,-23.60803],"dalbraut 39":[65.68196,-23.60834],"dalbraut 42":[65.68187,-23.60924],"dalbraut 46":[65.68105,-23.61001],"dalbraut 54":[65.68026,-23.61078],"gilsbakki 5":[65.68056,-23.60839],"gilsbakki 8":[65.68012,-23.60821],"grænibakki 3":[65.68004,-23.60955],"grænibakki 5":[65.67996,-23.60905],"tjarnarbraut 19":[65.68749,-23.59793],"tjarnarbraut 21a":[65.68783,-23.5976],"tjarnarbraut 27a":[65.68902,-23.59737],"tjarnarbraut 29a":[65.68911,-23.59736],"tjarnarbraut 11":[65.68655,-23.59911],"grænibakki 8":[65.67952,-23.60878],"hafnarbraut 8":[65.68486,-23.60187],"hafnarbraut 12":[65.6843,-23.6028],"hafnarbraut 14":[65.68403,-23.60338],"kríubakki 4":[65.67855,-23.61085],"langahlíð 3":[65.68626,-23.60135],"langahlíð 5":[65.68648,-23.60137],"langahlíð 7":[65.68663,-23.60098],"langahlíð 10":[65.68662,-23.6002],"langahlíð 12":[65.68679,-23.59992],"langahlíð 20":[65.68808,-23.59801],"langahlíð 24":[65.68864,-23.59787],"langahlíð 27":[65.68899,-23.59811],"langahlíð 31":[65.68921,-23.59801],"langahlíð 36":[65.68956,-23.59742],"langahlíð 43":[65.69013,-23.59765],"smiðjustígur 2":[65.68532,-23.60042],"strandgata 2":[65.68552,-23.59773],"strandgata 7":[65.68656,-23.59704],"strandgata 9":[65.68706,-23.59713],"tjarnarbraut 2":[65.68548,-23.6008],"tjarnarbraut 4":[65.68562,-23.60011],"tjarnarbraut 7":[65.68615,-23.59955],"tjarnarbraut 9":[65.6863,-23.59922],"tjarnarbraut 17":[65.68717,-23.59848],"langahlíð 21b":[65.68845,-23.59861],"sæbakki 4":[65.68349,-23.60505],"langahlíð 21a":[65.68835,-23.59868],"bakkatún 1":[65.67819,-23.61111],"tjarnarbraut 18a":[65.68716,-23.59754],"járnhóll 8":[65.67293,-23.62163],"dalbraut 40":[65.68211,-23.60869],"dalbraut 43":[65.681,-23.60821],"dalbraut 50":[65.68065,-23.61039],"dalbraut 56":[65.67996,-23.61127],"gilsbakki 3":[65.68076,-23.60941],"gilsbakki 7":[65.68047,-23.6079],"grænibakki 2":[65.6798,-23.6104],"grænibakki 4":[65.67972,-23.60986],"grænibakki 6":[65.67962,-23.6093],"grænibakki 7":[65.67985,-23.60844],"hafnarbraut 6":[65.68502,-23.60153],"hafnarbraut 10":[65.68457,-23.60238],"hafnarbraut 12a":[65.68421,-23.60302],"hafnarbraut 16":[65.68389,-23.60368],"kríubakki 3":[65.67882,-23.61031],"langahlíð 1":[65.68611,-23.60157],"langahlíð 4":[65.6861,-23.601],"langahlíð 6":[65.68632,-23.60075],"langahlíð 8":[65.68648,-23.6005],"langahlíð 18":[65.68771,-23.59814],"langahlíð 22":[65.68837,-23.59782],"langahlíð 26":[65.68899,-23.5978],"langahlíð 29":[65.68906,-23.59807],"langahlíð 33":[65.68927,-23.598],"langahlíð 38":[65.6898,-23.59744],"smiðjustígur 1":[65.68524,-23.60065],"strandgata 1":[65.68571,-23.59855],"strandgata 6":[65.68623,-23.59653],"strandgata 10":[65.68678,-23.59649],"strandgata 16":[65.68788,-23.59671],"tjarnarbraut 1":[65.68579,-23.60075],"tjarnarbraut 3":[65.68591,-23.60038],"tjarnarbraut 5":[65.68603,-23.59996],"tjarnarbraut 8":[65.686,-23.59891],"tjarnarbraut 10":[65.68605,-23.59842],"arnarbakki 1":[65.67956,-23.61064],"arnarbakki 6":[65.67906,-23.60996],"arnarbakki 8":[65.67894,-23.60935],"brekkustígur 2":[65.68669,-23.59962],"dalbraut 1":[65.68526,-23.60146],"dalbraut 4":[65.68526,-23.60231],"dalbraut 8":[65.68494,-23.60341],"dalbraut 10":[65.68481,-23.60369],"dalbraut 13":[65.68433,-23.60369],"dalbraut 15":[65.68413,-23.60418],"strandgata 3":[65.68594,-23.59755],"strandgata 8":[65.68632,-23.59663],"gilsbakki 1":[65.68071,-23.60945],"dalbraut 58b":[65.67981,-23.61223],"járnhóll 12":[65.67261,-23.62455],"járnhóll 14":[65.67298,-23.62379],"járnhóll 10":[65.67232,-23.62526],"hafnarbraut 9b":[65.68302,-23.60509],"hafnarbraut 9c":[65.68298,-23.60515],"hafnarbraut 9d":[65.68296,-23.60521],"hafnarbraut 9f":[65.68302,-23.60496],"hafnarbraut 9a":[65.68306,-23.60496],"járnhóll 13":[65.6735,-23.62435],"brekkustígur 3":[65.68654,-23.59994],"járnhóll 11":[65.67292,-23.62531],"tjarnarbraut 15":[65.68687,-23.59832],"strandgata 1a":[65.68545,-23.59909],"strandgata 14b":[65.68729,-23.59647],"langahlíð 16b":[65.68753,-23.59861],"langahlíð 16a":[65.68736,-23.59889],"iðnaðarhóll 13":[65.67237,-23.62757],"hafnarbraut 9g":[65.683,-23.60502],"gilsbakki 4":[65.68036,-23.60925],"dalbraut 6":[65.68516,-23.60269],"hafnarbraut 9e":[65.68293,-23.60527],"hafnarbraut 9i":[65.68292,-23.60514],"gilsbakki 2":[65.68041,-23.60959],"járnhóll 1":[65.67325,-23.62707],"hafnarbraut 9h":[65.68294,-23.6051],"arnarbakki 5":[65.67941,-23.60958],"hafnarbraut 9j":[65.6829,-23.6052]}