{"tagl 1":[65.66553,-23.63234],"tagl 2":[65.66481,-23.63113],"tagl 3":[65.66535,-23.63375],"tagl 4":[65.6645,-23.63239],"tagl 5":[65.66498,-23.63509],"tagl 6":[65.66413,-23.63349],"tagl 7":[65.66451,-23.63609],"tagl 8":[65.6635,-23.63327],"tagl 9":[65.66387,-23.63622],"tagl 10":[65.66295,-23.63323],"tagl 11":[65.66331,-23.63548],"tagl 12":[65.66247,-23.63431],"auðkúla 1":[65.76089,-23.48217]}