{"hafnarstræti 1":[65.8776,-23.49085],"hafnarstræti 2":[65.87766,-23.4902],"aðalstræti 11":[65.87761,-23.49347],"aðalstræti 12":[65.87786,-23.49285],"aðalstræti 31":[65.87842,-23.49669],"aðalstræti 37":[65.87854,-23.49721],"hafnarstræti 20":[65.88042,-23.49027],"fjarðargata 72":[65.86879,-23.47746],"sjávargata 4":[65.87662,-23.48908],"sjávargata 10":[65.87557,-23.48672],"sjávargata 14":[65.87521,-23.48615],"sjávargata 6":[65.87578,-23.48739],"aðalstræti 1":[65.87717,-23.49126],"aðalstræti 2":[65.87746,-23.49124],"vallargata 5":[65.87806,-23.49298],"vallargata 1":[65.87806,-23.49113],"aðalstræti 40":[65.87905,-23.49774],"hafnarstræti 23":[65.88098,-23.49122],"sjávargata 8":[65.87569,-23.4879],"fjarðargata 24":[65.87508,-23.48767],"aðalstræti 49":[65.879,-23.49885],"fjarðargata 53a":[65.87242,-23.48046],"hrunastígur 1":[65.87536,-23.49057],"hrunastígur 2":[65.87572,-23.49086],"hrunastígur 4":[65.87577,-23.49146],"brekkugata 13":[65.87572,-23.48936],"hafnarstræti 19":[65.88031,-23.49104],"vallargata 21":[65.8791,-23.49623],"fjarðargata 60a":[65.87077,-23.47987],"brekkugata 55":[65.8721,-23.48267],"aðalstræti 4":[65.87757,-23.49177],"hafnarstræti 7":[65.87824,-23.49112],"hafnarstræti 9":[65.87863,-23.49129],"hafnarstræti 14":[65.87927,-23.49042],"aðalstræti 14":[65.87791,-23.49334],"aðalstræti 21":[65.87794,-23.49458],"aðalstræti 25":[65.87817,-23.49537],"aðalstræti 41":[65.87887,-23.49835],"aðalstræti 42a":[65.87916,-23.49807],"aðalstræti 44":[65.87926,-23.49842],"aðalstræti 46":[65.87933,-23.49878],"aðalstræti 51":[65.87919,-23.49948],"aðalstræti 55":[65.87947,-23.50038],"brekkugata 1":[65.87649,-23.49057],"brekkugata 4":[65.87629,-23.49102],"brekkugata 6":[65.87614,-23.4908],"brekkugata 8":[65.87602,-23.49056],"brekkugata 14":[65.87565,-23.48999],"brekkugata 20":[65.87507,-23.48964],"brekkugata 24":[65.87473,-23.48897],"brekkugata 28":[65.87439,-23.48838],"brekkugata 32":[65.87405,-23.48775],"brekkugata 36":[65.8737,-23.48705],"brekkugata 40":[65.87333,-23.4862],"brekkugata 42":[65.87315,-23.48577],"brekkugata 46":[65.87282,-23.48514],"brekkugata 50":[65.87248,-23.48427],"brekkugata 54":[65.87215,-23.48353],"brekkugata 58":[65.87177,-23.48296],"fjarðargata 2":[65.87704,-23.49056],"fjarðargata 4a":[65.87674,-23.49039],"fjarðargata 10":[65.87631,-23.48955],"fjarðargata 13":[65.87623,-23.48899],"fjarðargata 16":[65.87558,-23.48881],"fjarðargata 35a":[65.87431,-23.4852],"fjarðargata 40":[65.87323,-23.48447],"fjarðargata 44":[65.87286,-23.48339],"fjarðargata 47":[65.87284,-23.48207],"fjarðargata 51":[65.87249,-23.48146],"fjarðargata 54":[65.87165,-23.48112],"fjarðargata 56":[65.87119,-23.48062],"fjarðargata 58":[65.87098,-23.48023],"fjarðargata 62":[65.86939,-23.47976],"fjarðargata 68":[65.86926,-23.47787],"fjarðargata 45":[65.87294,-23.48264],"hafnarstræti 2a":[65.8776,-23.48978],"hafnarstræti 3":[65.87776,-23.4909],"hafnarstræti 6a":[65.87823,-23.48984],"hafnarstræti 10":[65.87864,-23.49031],"hafnarstræti 11":[65.87903,-23.49123],"hafnarstræti 15":[65.87978,-23.49125],"hlíðargata 20":[65.87553,-23.49236],"hlíðargata 38":[65.87369,-23.48914],"vallargata 2":[65.87869,-23.49331],"vallargata 4":[65.87875,-23.4936],"vallargata 8":[65.87904,-23.49442],"vallargata 12":[65.87914,-23.4951],"vallargata 14":[65.87934,-23.49526],"vallargata 16":[65.87938,-23.49558],"vallargata 27":[65.87944,-23.49763],"vallargata 31":[65.87966,-23.49851],"brekkugata 51":[65.87252,-23.48342],"brekkugata 18a":[65.87508,-23.49019],"fjarðargata 5":[65.87696,-23.48986],"brekkugata 31":[65.87386,-23.48651],"brekkugata 53":[65.87231,-23.48295],"kirkjugata 2":[65.88055,-23.49251],"aðalstræti 9":[65.87753,-23.4928],"aðalstræti 22":[65.87816,-23.49458],"aðalstræti 26":[65.87837,-23.49532],"aðalstræti 29":[65.87829,-23.49616],"aðalstræti 19":[65.87782,-23.49445],"hafnarstræti 17":[65.88019,-23.49111],"hafnarstræti 24":[65.88113,-23.4901],"hlíðargata 1":[65.87705,-23.4919],"vallargata 3":[65.87802,-23.49191],"hafnarstræti 6":[65.87799,-23.49006],"vallargata 7":[65.87832,-23.49377],"aðalstræti 39":[65.87867,-23.49783],"aðalstræti 42":[65.87912,-23.49793],"aðalstræti 42b":[65.8792,-23.49821],"aðalstræti 44a":[65.87923,-23.4983],"aðalstræti 53":[65.87932,-23.49998],"aðalstræti 57":[65.87956,-23.501],"brekkugata 2":[65.87645,-23.49109],"brekkugata 5":[65.87622,-23.49037],"brekkugata 7":[65.8761,-23.49013],"brekkugata 10":[65.87587,-23.49033],"brekkugata 18":[65.8753,-23.48988],"brekkugata 22":[65.8749,-23.48931],"brekkugata 26":[65.87455,-23.48874],"brekkugata 30":[65.87422,-23.48802],"brekkugata 34":[65.87388,-23.48737],"brekkugata 38":[65.87353,-23.48672],"brekkugata 44":[65.87299,-23.48544],"brekkugata 48":[65.87267,-23.48472],"brekkugata 52":[65.8723,-23.48387],"brekkugata 56":[65.87195,-23.48313],"brekkugata 60":[65.87152,-23.4834],"fjarðargata 4":[65.87691,-23.49023],"fjarðargata 8":[65.87658,-23.48986],"fjarðargata 10a":[65.87626,-23.48983],"fjarðargata 14":[65.87587,-23.48912],"fjarðargata 30":[65.87456,-23.48674],"fjarðargata 35":[65.87438,-23.48537],"fjarðargata 36":[65.87385,-23.4853],"fjarðargata 42":[65.87303,-23.48373],"fjarðargata 46":[65.87268,-23.48305],"fjarðargata 49":[65.87261,-23.48172],"fjarðargata 52":[65.87195,-23.48176],"fjarðargata 55a":[65.87223,-23.48016],"fjarðargata 60":[65.8706,-23.47949],"fjarðargata 64":[65.87015,-23.47919],"hlíðargata 22":[65.87536,-23.492],"hlíðargata 37":[65.87364,-23.48811],"hlíðargata 40":[65.87352,-23.48869],"hlíðargata 44":[65.87315,-23.48801],"vallargata 6":[65.87881,-23.49394],"vallargata 10":[65.87911,-23.49476],"hafnarstræti 22":[65.88084,-23.49023],"vallargata 15":[65.87859,-23.49474],"vallargata 18":[65.87939,-23.49598],"vallargata 29":[65.87954,-23.49802],"vallargata 33":[65.87983,-23.49902],"hafnarstræti 18":[65.87991,-23.49007],"fjarðargata 34":[65.8741,-23.48597],"aðalstræti 40b":[65.87856,-23.49839],"vallargata 25":[65.87931,-23.49715],"kirkjugata 2b":[65.88074,-23.49432],"aðalstræti 23":[65.87804,-23.49493],"hlíðargata 42":[65.87335,-23.48833],"aðalstræti 50":[65.87968,-23.5],"hlíðargata 35":[65.87372,-23.48827],"sjávargata 16":[65.87487,-23.48584],"hafnarstræti 5":[65.87796,-23.49085],"sjávargata 12":[65.87537,-23.48728],"hafnarstræti 21":[65.88057,-23.49126]}