{"sandavegur 15":[65.8675,-23.52681],"sandavegur 17":[65.86608,-23.52674],"gerðhamrar 1":[65.94485,-23.66281],"alviðra 3":[65.93126,-23.60384],"neðsti-hvammur 1":[65.85663,-23.41357],"neðri hjarðardalur 1":[65.88491,-23.41994],"sandavegur 12":[65.8684,-23.52857],"neðri mið hvammur 1":[65.855,-23.41452],"lokinhamrar 1":[65.83679,-23.82437],"hjarðardalur neðri 2":[65.8847,-23.43328],"haukadalur 4":[65.88023,-23.63458],"gemlufall 1":[65.89564,-23.46022],"mið hvammur 2":[65.8536,-23.41388],"sandavegur 10":[65.86871,-23.52869],"sandavegur 14":[65.86807,-23.52838],"syðri haukadalur 3":[65.88046,-23.63509],"lokinhamrar 2":[65.83813,-23.82401],"gerðhamrar 2":[65.9415,-23.65581],"mýrar 1":[65.90465,-23.51342],"arnarnúpur 1":[65.90412,-23.73678],"neðsti-hvammur 2":[65.85696,-23.43328],"meðaldalur 1":[65.87026,-23.59112],"sandasker 1":[65.88034,-23.52974],"sandasker 2":[65.88028,-23.5296],"sandasker 3":[65.88045,-23.52944],"sandasker 4":[65.88039,-23.5293],"sandasker 5":[65.88056,-23.52916],"sandasker 6":[65.88049,-23.52902],"sandasker 7":[65.88067,-23.52887],"sandasker 8":[65.8806,-23.52872],"sandasker 10":[65.8807,-23.52843],"sandasker 9":[65.88077,-23.52857],"sandavegur 8":[65.86892,-23.52875],"hrafnabjörg 1":[65.83432,-23.82427],"núpsvegur 7":[65.92917,-23.58517],"núpsvegur 9":[65.92917,-23.58497],"núpsvegur 11":[65.9292,-23.58363],"núpsvegur 13":[65.92916,-23.58336],"núpsvegur 1":[65.92872,-23.58696],"núpsvegur 3":[65.92887,-23.58625],"núpsvegur 5":[65.92898,-23.58583],"neðsti-hvammur 3":[65.8572,-23.44739],"sandavegur 19":[65.86438,-23.52712],"sandavegur 21":[65.86342,-23.52775],"sandavegur 16":[65.86763,-23.5292],"sandavegur 18":[65.86715,-23.53246],"sandavegur 20":[65.86665,-23.52779],"sandavegur 22":[65.86568,-23.52793],"sandavegur 24":[65.86495,-23.53173],"sandavegur 26":[65.86405,-23.52855],"sandavegur 28":[65.86271,-23.53237]}