{"skálholtsvík 2":[65.4575,-21.2692],"skálholtsvík 6":[65.45724,-21.26967],"skálholtsvík 4":[65.45834,-21.27497],"staður 2":[65.14505,-21.05908],"guðlaugsvík 1":[65.45421,-21.26067],"kolbeinsá 2":[65.43918,-21.22934],"bær 1":[65.28944,-21.19771],"laxárdalur 3":[65.2565,-21.18942],"kollsá 2":[65.33313,-21.18724],"laxárdalur 2":[65.25768,-21.19247],"bær 2":[65.28872,-21.19699],"stóra-hvalsá 2":[65.37903,-21.19146],"guðlaugsvík 2":[65.45475,-21.26294],"skálholtsvík 5":[65.45619,-21.27679],"hvítarhlíð 2":[65.48792,-21.39465],"kollsá 3":[65.3524,-21.1801],"melar 2":[65.11828,-21.0962],"melar 3":[65.11779,-21.09674],"bálkastaðir 1":[65.13107,-21.05552],"laxárdalur 1":[65.25769,-21.19183],"hlaðhamar 1":[65.27046,-21.17223],"ljótunnarstaðir 1":[65.30572,-21.1993],"kollsá 1":[65.353,-21.18443],"kolbeinsá 1":[65.43747,-21.22812],"hvítarhlíð 1":[65.48819,-21.39303],"stóra-hvalsá 1":[65.37592,-21.1947],"ljótunnarstaðir 2":[65.30471,-21.20083],"kjörseyri 2":[65.25186,-21.14984],"bálkastaðir 3":[65.13189,-21.06388],"bálkastaðir 2":[65.13143,-21.05596],"smáragil 2":[65.1503,-21.05633],"hlaðhamar 2":[65.27017,-21.1699],"prestsbakki 2":[65.31497,-21.1921],"kjörseyrarland 1":[65.25077,-21.15168],"kjörseyri 1":[65.22768,-21.17158],"reykjaskólavegur 6":[65.25461,-21.10751],"skólavegur 8":[65.25699,-21.10415],"víkurvegur 5":[65.25574,-21.10618],"kollsá 4":[65.35257,-21.186],"hjallholt 1":[65.25805,-21.19137],"kollsá 1a":[65.35323,-21.18446],"borðaeyrarbær 2a":[65.20983,-21.10344],"borðeyrarbær 2b":[65.20839,-21.13642],"melar 1":[65.12275,-21.09087],"kjörseyri 2a":[65.25199,-21.15131],"skálholtsvík 7":[65.45745,-21.26969],"kollsá 4a":[65.35217,-21.18683],"brandagil 2":[65.16008,-21.05469],"skálholtsvík 1":[65.45661,-21.27152],"skálholtsvík 3":[65.45755,-21.26925]}