{"kópnesbraut 14":[65.70861,-21.66417],"brekkugata 4":[65.70727,-21.66797],"kópnesbraut 11":[65.70805,-21.66553],"hafnarbraut 1":[65.7029,-21.67995],"höfðatún 4":[65.70079,-21.68563],"norðurtún 1":[65.70229,-21.68513],"brunngata 3":[65.70687,-21.6685],"brunngata 4":[65.70695,-21.66899],"brunngata 2":[65.70711,-21.66831],"höfðagata 3b":[65.70729,-21.66484],"austurtún 18":[65.70165,-21.68136],"fiskislóð 1":[65.7061,-21.66482],"höfðagata 10":[65.70654,-21.66546],"borgabraut 33":[65.71056,-21.6655],"lækjartún 18":[65.70051,-21.68791],"skeiði 2":[65.70127,-21.69357],"hafnarbraut 3":[65.70304,-21.67957],"austurtún 2":[65.70089,-21.6836],"austurtún 4":[65.70088,-21.68344],"austurtún 8":[65.70089,-21.68312],"austurtún 12":[65.70089,-21.68292],"austurtún 16":[65.70139,-21.6816],"borgabraut 2":[65.70773,-21.66787],"borgabraut 3":[65.70781,-21.66886],"borgabraut 4":[65.70797,-21.66759],"borgabraut 7":[65.70826,-21.66783],"borgabraut 9":[65.70847,-21.66736],"borgabraut 11":[65.7087,-21.66694],"borgabraut 13":[65.70891,-21.66651],"borgabraut 17":[65.70933,-21.66587],"borgabraut 19":[65.7096,-21.66562],"borgabraut 21":[65.70988,-21.66563],"borgabraut 25":[65.71009,-21.66536],"borgabraut 6":[65.70838,-21.66678],"borgabraut 15":[65.70914,-21.66616],"borgabraut 29":[65.71034,-21.66563],"brattagata 1":[65.70825,-21.66581],"brattagata 2":[65.70853,-21.66525],"hafnarbraut 6":[65.70469,-21.67451],"hafnarbraut 13":[65.70387,-21.67778],"hafnarbraut 15":[65.70407,-21.67745],"hafnarbraut 17":[65.70422,-21.67718],"hafnarbraut 18":[65.70656,-21.66797],"hafnarbraut 20":[65.70668,-21.66741],"hafnarbraut 22":[65.7067,-21.66696],"hafnarbraut 25":[65.70551,-21.67346],"víkurtún 2":[65.69969,-21.6836],"víkurtún 3":[65.70003,-21.68344],"víkurtún 5":[65.70011,-21.68345],"víkurtún 7":[65.70016,-21.68348],"víkurtún 10":[65.70001,-21.6815],"víkurtún 12":[65.70008,-21.68101],"víkurtún 16":[65.7005,-21.6817],"vitabraut 1":[65.70387,-21.67913],"vitabraut 5":[65.70425,-21.67845],"vitabraut 7":[65.70441,-21.67812],"vitabraut 11":[65.70474,-21.67743],"vitabraut 15":[65.70505,-21.67692],"vitabraut 17":[65.70519,-21.67648],"vitabraut 21":[65.70544,-21.67565],"hafnarbraut 33":[65.7066,-21.66845],"hafnarbraut 35":[65.70668,-21.66824],"hafnarbraut 39":[65.70692,-21.667],"höfðagata 1":[65.70682,-21.6659],"höfðagata 3":[65.70673,-21.6655],"höfðagata 7":[65.70658,-21.66448],"höfðagata 11":[65.70637,-21.66374],"kópnesbraut 1":[65.70713,-21.66683],"kópnesbraut 3b":[65.70735,-21.66707],"kópnesbraut 5":[65.70741,-21.66668],"kópnesbraut 7":[65.70764,-21.66668],"kópnesbraut 10":[65.7083,-21.66455],"kópnesbraut 12":[65.7085,-21.66428],"kópnesbraut 17":[65.70915,-21.66472],"kópnesbraut 21":[65.70963,-21.66405],"kópnesbraut 25":[65.71015,-21.66382],"lækjartún 2":[65.70004,-21.68429],"lækjartún 5":[65.69967,-21.68532],"lækjartún 7":[65.69965,-21.68617],"lækjartún 10":[65.69995,-21.68661],"lækjartún 13":[65.69986,-21.68787],"lækjartún 17":[65.7003,-21.68863],"lækjartún 19":[65.70058,-21.68875],"lækjartún 22":[65.70078,-21.68796],"lækjartún 24":[65.70103,-21.68797],"miðtún 3":[65.70035,-21.68491],"miðtún 5":[65.70035,-21.68552],"skeiði 1":[65.7014,-21.69136],"skeiði 3":[65.70094,-21.69138],"skeiði 5":[65.70095,-21.69219],"skeiði 7":[65.7004,-21.69289],"skólabraut 10":[65.7051,-21.67782],"skólabraut 14":[65.70532,-21.67725],"skólabraut 16":[65.70558,-21.6766],"skólabraut 18":[65.70572,-21.67621],"skólabraut 20":[65.70622,-21.67471],"vesturtún 1":[65.69946,-21.68535],"vesturtún 2":[65.69939,-21.68601],"miðtún 11":[65.70066,-21.68726],"miðtún 13":[65.70078,-21.68725],"norðurtún 3":[65.70285,-21.68474],"borgabraut 27":[65.71014,-21.66585],"höfðagata 3a":[65.70704,-21.66566],"skeiði 4":[65.70103,-21.69376],"lækjartún 11":[65.69971,-21.68731],"höfðagata 8":[65.70658,-21.6657],"höfðagata 14":[65.70669,-21.66644],"höfðatún 2":[65.70118,-21.68463],"brunngata 1":[65.70694,-21.66814],"brunngata 5":[65.70679,-21.66877],"norðurfjara 3b":[65.7066,-21.66317],"skeiði 11":[65.69985,-21.69284],"hafnarbraut 11":[65.70372,-21.67803],"lækjartún 21":[65.70088,-21.68872],"austurtún 10":[65.70089,-21.68299],"austurtún 14":[65.70113,-21.68157],"borgabraut 1":[65.70771,-21.66917],"lækjartún 14":[65.70027,-21.68765],"brattagata 4":[65.70876,-21.66538],"hafnarbraut 2":[65.70209,-21.68042],"hafnarbraut 7":[65.70337,-21.67871],"hafnarbraut 14":[65.70533,-21.67181],"hafnarbraut 16":[65.70633,-21.66884],"hafnarbraut 19":[65.7044,-21.67683],"hafnarbraut 21":[65.70473,-21.67602],"hafnarbraut 23":[65.70489,-21.67547],"hafnarbraut 29":[65.70637,-21.66908],"norðurfjara 3a":[65.70654,-21.66337],"austurtún 1":[65.70116,-21.68367],"austurtún 3":[65.7012,-21.68295],"austurtún 5":[65.70119,-21.68223],"austurtún 7":[65.70142,-21.68223],"víkurtún 1":[65.69997,-21.68344],"víkurtún 4":[65.69973,-21.68311],"víkurtún 6":[65.69978,-21.68248],"víkurtún 9":[65.70025,-21.68351],"víkurtún 11":[65.70032,-21.68354],"víkurtún 13":[65.70009,-21.6826],"víkurtún 15":[65.70016,-21.68247],"víkurtún 17":[65.70021,-21.68237],"vitabraut 3":[65.70403,-21.6788],"vitabraut 6":[65.70542,-21.67439],"vitabraut 9":[65.70457,-21.67779],"vitabraut 13":[65.70481,-21.67729],"vitabraut 19":[65.70532,-21.67603],"hafnarbraut 31":[65.70654,-21.66869],"hafnarbraut 37":[65.70676,-21.6679],"höfðagata 2":[65.70617,-21.66355],"höfðagata 5":[65.70666,-21.66482],"höfðagata 9":[65.70644,-21.66407],"höfðagata 13":[65.70631,-21.66345],"kópnesbraut 3a":[65.7073,-21.6668],"kópnesbraut 4":[65.70737,-21.66585],"kópnesbraut 6":[65.70775,-21.66541],"kópnesbraut 9":[65.70781,-21.66587],"kópnesbraut 19":[65.7094,-21.66457],"kópnesbraut 23":[65.70989,-21.66404],"lækjartún 4":[65.70003,-21.68486],"lækjartún 6":[65.69997,-21.68537],"lækjartún 8":[65.69996,-21.68607],"lækjartún 12":[65.70009,-21.68722],"lækjartún 16":[65.70031,-21.68772],"lækjartún 20":[65.70056,-21.68794],"lækjartún 23":[65.70109,-21.68885],"miðtún 1":[65.70038,-21.68428],"miðtún 7":[65.70032,-21.68613],"borgabraut 23":[65.70994,-21.66604],"skeiði 1a":[65.70142,-21.69249],"borgabraut 37":[65.71095,-21.66499],"höfðagata 15":[65.70636,-21.66276],"austurtún 6":[65.70089,-21.68331],"víkurtún 14":[65.70027,-21.68172],"lækjartún 15":[65.70007,-21.68833],"skeiði 9":[65.70013,-21.69286],"lækjartún 9":[65.69967,-21.6867],"lækjartún 23a":[65.70119,-21.68901],"miðtún 9":[65.70037,-21.68679],"kópnesbraut 4b":[65.70754,-21.66549],"hafnarbraut 14b":[65.70519,-21.67112],"borgabraut 35":[65.71078,-21.6653],"miðtún 17":[65.70107,-21.68725],"miðtún 15":[65.70099,-21.68724],"miðtún 19":[65.70115,-21.68726],"skeiði 8":[65.70039,-21.6938],"norðurtún 5":[65.70313,-21.68429],"borgarbraut 31":[65.71042,-21.66474],"höfðagata 5a":[65.70673,-21.66473]}