{"heydalsá 2":[65.63622,-21.53326],"hrófá 2":[65.66345,-21.66727],"broddanes 1":[65.59722,-21.36472],"selflói 2":[65.58072,-21.35983],"kirkjuból 2":[65.63865,-21.59627],"kaldrananes 2":[65.76177,-21.40654],"broddanes 6":[65.59842,-21.36352],"broddanes 2":[65.59696,-21.36508],"smáhamrar 1":[65.64451,-21.47589],"hrófá 1":[65.66241,-21.66504],"brekkusel 1":[65.68164,-21.70332],"broddadalsá 2":[65.59824,-21.34573],"broddanes 3":[65.59639,-21.36457],"heydalsá 5":[65.63584,-21.52977],"kálfanes 1":[65.71019,-21.7057],"broddadalsá 1":[65.59683,-21.34758],"broddanes 1b":[65.59694,-21.36321],"smáhamrar 2":[65.64445,-21.47438],"eyjar 2":[65.8311,-21.29521],"broddanes 1a":[65.59744,-21.36412],"kaldrananes 1":[65.76128,-21.40717],"stóra-fjarðarhorn 1":[65.55371,-21.4671],"heiðarbær 2":[65.63691,-21.61675],"hella 4":[65.71205,-21.60253],"hella 2":[65.71291,-21.60312],"hella 3":[65.7126,-21.60324],"hveravík 2":[65.70101,-21.5617],"broddanes 5":[65.59761,-21.35002],"eyjar 1":[65.83201,-21.29069],"víðivellir 1":[65.75974,-21.84392],"heydalsá 4":[65.63567,-21.52906],"hólar 2":[65.75297,-21.88853],"þorpar 1":[65.63849,-21.47121],"kálfanes 2":[65.70544,-21.7054],"skeljavík 11":[65.69065,-21.69509],"grund 1":[65.63816,-21.47226],"kálfanesbraut 2":[65.70123,-21.69916],"hrófá 3":[65.66261,-21.66476],"bólstaður 1":[65.78388,-21.72102]}