{"ármúli 1":[66.043,-22.44855],"nauteyri 3":[65.92322,-22.35327],"ármúli 2":[66.04307,-22.44755],"neðri-bakki 1":[65.85554,-22.34383],"kirkjuból 4":[65.82544,-22.35186],"vonarland 2":[66.02108,-22.44414],"melgraseyri 2":[66.03255,-22.44736],"kirkjuból 1":[65.79972,-22.35163],"kirkjuból 5":[65.79013,-22.3395],"kirkjuból 3":[65.82447,-22.34972],"kirkjuból 9":[65.82432,-22.35067],"kúlur 1":[65.81692,-22.29468],"hái-bakki 1":[65.87657,-22.33144],"kuldaklettur 2":[66.0347,-22.40864],"kuldaklettur 3":[66.03438,-22.40705],"hríshjalli 1":[66.03388,-22.40545],"hríshjalli 2":[66.03345,-22.404],"hríshjalli 3":[66.03304,-22.40231],"hríshjalli 4":[66.03249,-22.40111],"kuldaklettur 1":[66.03569,-22.4123]}