{"aðalbraut 6":[65.68817,-21.45032],"bær 2":[65.70329,-21.41435],"hafnarhólmur 1":[65.69302,-21.51799],"aðalbraut 14":[65.68855,-21.44739],"bær 1":[65.70482,-21.42465],"aðalbraut 2":[65.68796,-21.4511],"aðalbraut 10":[65.68831,-21.44874],"aðalbraut 18":[65.68875,-21.44741],"aðalbraut 24":[65.68878,-21.44654],"aðalbraut 26":[65.68881,-21.44626],"aðalbraut 30":[65.68864,-21.4442],"borgargata 1":[65.68875,-21.44353],"borgargata 3":[65.689,-21.44229],"grundargata 1a":[65.68867,-21.44113],"grundargata 4":[65.68844,-21.44041],"grundargata 6":[65.68869,-21.43943],"grundargata 10":[65.6889,-21.43797],"grundargata 19":[65.68987,-21.43464],"holtagata 1":[65.68941,-21.44109],"holtagata 3":[65.68973,-21.44092],"holtagata 7":[65.69031,-21.44059],"kvíabali 1":[65.68967,-21.44318],"kvíabali 2":[65.68956,-21.44241],"kvíabali 5":[65.69025,-21.44278],"kvíabali 7":[65.69049,-21.44254],"aðalbraut 12":[65.68851,-21.44756],"bær 3":[65.70762,-21.42109],"holtagata 4":[65.68976,-21.43984],"holtagata 1a":[65.68926,-21.44084],"aðalbraut 4":[65.68797,-21.45058],"aðalbraut 8":[65.68817,-21.44953],"aðalbraut 16":[65.68868,-21.44773],"aðalbraut 22":[65.68874,-21.44689],"aðalbraut 25":[65.68911,-21.44152],"aðalbraut 28":[65.68886,-21.44583],"aðalbraut 32":[65.69153,-21.44061],"borgargata 2":[65.68931,-21.44228],"aðalbraut 2a":[65.68786,-21.45157],"grundargata 3":[65.68881,-21.44073],"grundargata 5":[65.68884,-21.44021],"grundargata 8":[65.6888,-21.43866],"grundargata 17":[65.68968,-21.43537],"holtagata 2":[65.68948,-21.43996],"holtagata 5":[65.69004,-21.44074],"holtagata 10":[65.69037,-21.43953],"kvíabali 3":[65.68997,-21.44306],"kvíabali 4":[65.69017,-21.44175],"kvíabali 6":[65.69047,-21.44156],"kvíabali 8":[65.69076,-21.44128],"bakkagerði 1":[65.70325,-21.41679],"grundargata 15":[65.68931,-21.43724],"grundargata 21":[65.68995,-21.43412],"grundargata 9":[65.689,-21.43909],"holtagata 8":[65.69001,-21.43967],"vitavegur 2":[65.6898,-21.43864],"borgargata 2a":[65.68919,-21.44261],"aðalbraut 20":[65.68882,-21.44713],"holtagata 6":[65.69004,-21.43989],"vitavegur 8":[65.69007,-21.43715],"vitavegur 4":[65.68988,-21.43806],"vitavegur 6":[65.68998,-21.43757],"grundargata 11":[65.68904,-21.43879],"hafnarhólmur 2":[65.69273,-21.50531],"grundargata 7":[65.68893,-21.43962]}