{"melar 1":[66.02658,-21.54336],"melar 2":[66.02626,-21.54201],"veiðileysa 1":[65.93106,-21.45949],"árnes 2":[66.01225,-21.51418],"ból 1":[66.0777,-21.61968],"ófeigsfjörður 1":[66.04992,-21.70516],"veiðileysa 2":[65.9312,-21.45999],"ból 4":[66.07858,-21.61944],"ból 3":[66.0783,-21.61939],"ból 2":[66.07804,-21.61937],"norðurfjörður 1":[66.05041,-21.5671],"árnes 1":[66.01133,-21.50992],"norðurfjörður 2":[66.05081,-21.56548],"kaupfélagshús 1":[66.05133,-21.54913],"kaupfélagshús 2":[66.05138,-21.54878],"kaupfélagshús 3":[66.05133,-21.54864],"bryggjuhús 1":[66.05121,-21.54752],"bryggjuhús 2":[66.05112,-21.54777],"gjögur 3":[65.98773,-21.3507],"gjögur 1":[65.98807,-21.34932],"gjögur 2":[65.98719,-21.35238],"gjögur 4":[65.98789,-21.3516],"búðarflöt 4":[66.07884,-21.61787],"búðarflöt 3":[66.07901,-21.61794],"búðarflöt 2":[66.07918,-21.61798],"djúpavík 6":[65.94483,-21.56096],"fell 2":[66.0823,-21.54169]}