{"nestún 6":[65.39974,-20.94659],"höfðabraut 50":[65.38502,-20.93319],"lækjargata 5":[65.3962,-20.94454],"hvammstangabraut 14":[65.39564,-20.94215],"hvammstangabraut 16":[65.39556,-20.94204],"garðavegur 7":[65.39718,-20.93958],"hafnarbraut 1":[65.395,-20.94615],"nestún 2":[65.39953,-20.94657],"klapparstígur 2":[65.3974,-20.94655],"búland 3b":[65.38949,-20.93501],"eyrarland 1":[65.39037,-20.93542],"spítalastígur 8a":[65.39803,-20.94532],"jónströð 6":[65.40523,-20.93754],"jónströð 8":[65.40497,-20.93729],"þórðartröð 8":[65.40512,-20.93553],"garðarströð 1":[65.40454,-20.93693],"ásbraut 2":[65.39662,-20.93861],"ásbraut 6":[65.39618,-20.93817],"brekkugata 1":[65.39556,-20.94536],"brekkugata 2":[65.39529,-20.94544],"brekkugata 4":[65.39497,-20.94437],"brekkugata 4a":[65.39447,-20.94327],"brekkugata 7":[65.39535,-20.94179],"brekkugata 8":[65.3949,-20.94223],"brekkugata 9":[65.39562,-20.94015],"brekkugata 10":[65.39498,-20.94167],"brekkugata 11":[65.39597,-20.93798],"brekkugata 12":[65.39505,-20.94136],"brekkugata 14":[65.39529,-20.93967],"brekkugata 16":[65.39564,-20.93744],"búland 1":[65.3895,-20.93587],"búland 3a":[65.38972,-20.93509],"fífusund 3":[65.39855,-20.94398],"fífusund 6":[65.39911,-20.94407],"fífusund 8":[65.3993,-20.94419],"fífusund 10":[65.39947,-20.94433],"fífusund 12":[65.39967,-20.94448],"fífusund 15":[65.39907,-20.94501],"fífusund 19":[65.39921,-20.94511],"fífusund 21":[65.39932,-20.94516],"garðavegur 3":[65.39744,-20.94046],"garðavegur 10":[65.39662,-20.94025],"garðavegur 12":[65.39637,-20.93999],"garðavegur 14":[65.39611,-20.93973],"garðavegur 16":[65.39579,-20.93945],"garðavegur 18":[65.39527,-20.93896],"garðavegur 20":[65.39519,-20.93893],"garðavegur 22":[65.39497,-20.93877],"garðavegur 24":[65.39481,-20.93854],"garðavegur 26":[65.39459,-20.93824],"garðavegur 28":[65.39439,-20.93806],"garðavegur 29":[65.39444,-20.93731],"hafnarbraut 5":[65.39433,-20.94423],"hjallavegur 2":[65.40008,-20.94405],"hjallavegur 6":[65.40055,-20.94435],"hjallavegur 10":[65.40102,-20.94457],"hjallavegur 14":[65.40149,-20.94476],"hjallavegur 18":[65.40194,-20.9449],"hlíðarvegur 8":[65.40035,-20.94114],"hlíðarvegur 11":[65.4005,-20.94204],"hlíðarvegur 13":[65.40073,-20.94214],"hlíðarvegur 17":[65.40124,-20.94239],"hlíðarvegur 19":[65.40141,-20.94249],"hlíðarvegur 20":[65.4017,-20.94176],"hlíðarvegur 23":[65.40188,-20.94272],"hlíðarvegur 25":[65.40207,-20.9428],"húnabraut 2":[65.39631,-20.94578],"húnabraut 4":[65.39637,-20.94531],"hvammavegur 2":[65.40191,-20.94604],"hvammstangabraut 3":[65.39781,-20.94305],"hvammstangabraut 7":[65.39663,-20.94253],"melavegur 15":[65.40173,-20.94418],"melavegur 16":[65.40182,-20.94341],"melavegur 17":[65.40197,-20.94428],"melavegur 18":[65.40206,-20.94342],"norðurbraut 10":[65.39943,-20.94551],"norðurbraut 13":[65.40035,-20.94689],"norðurbraut 17":[65.4014,-20.94745],"norðurbraut 30":[65.40077,-20.94613],"kirkjuvegur 1":[65.39866,-20.94167],"spítalastígur 2":[65.39803,-20.94702],"spítalastígur 5":[65.39843,-20.94651],"strandgata 1":[65.39587,-20.94671],"strandgata 4":[65.39637,-20.94675],"strandgata 6a":[65.3967,-20.9466],"strandgata 8":[65.39692,-20.94681],"strandgata 10":[65.39717,-20.94707],"strandgata 12":[65.39776,-20.94743],"strandgata 13":[65.39767,-20.94818],"hvammstangabraut 9":[65.39645,-20.94232],"hvammstangabraut 11":[65.3962,-20.94196],"hvammstangabraut 13":[65.39597,-20.94173],"hvammstangabraut 15":[65.39567,-20.94114],"hvammstangabraut 19":[65.39515,-20.94046],"hvammstangabraut 21":[65.39496,-20.94021],"hvammstangabraut 23":[65.39472,-20.93995],"hvammstangabraut 25":[65.39448,-20.93968],"hvammstangabraut 27":[65.39428,-20.93943],"hvammstangabraut 29":[65.39403,-20.93911],"hvammstangabraut 31":[65.39383,-20.93881],"hvammstangabraut 33":[65.39362,-20.93867],"hvammstangabraut 35":[65.39343,-20.9384],"hvammstangabraut 39":[65.39306,-20.93781],"hvammstangabraut 41":[65.39277,-20.93731],"höfðabraut 1":[65.39609,-20.94369],"höfðabraut 5":[65.39566,-20.94321],"höfðabraut 7":[65.39546,-20.94294],"höfðabraut 11":[65.39454,-20.94184],"höfðabraut 15":[65.39414,-20.94138],"höfðabraut 17":[65.39394,-20.94115],"höfðabraut 19":[65.39375,-20.94092],"höfðabraut 21":[65.39353,-20.94064],"höfðabraut 23":[65.39334,-20.94043],"höfðabraut 25":[65.39311,-20.94016],"höfðabraut 29":[65.3919,-20.93882],"höfðabraut 30":[65.39211,-20.94],"strandgata 2a":[65.39595,-20.94616],"smiðjugata 2":[65.39559,-20.94624],"höfðabraut 20":[65.39371,-20.94203],"höfðabraut 33":[65.39131,-20.93811],"kirkjuvegur 4":[65.39892,-20.94095],"kirkjuvegur 8":[65.3994,-20.94114],"kirkjuvegur 12":[65.40011,-20.94149],"klapparstígur 3":[65.39775,-20.94651],"klapparstígur 7":[65.39782,-20.94533],"lækjargata 2":[65.39571,-20.94444],"lækjargata 4":[65.39644,-20.94305],"lækjargata 8":[65.3969,-20.94145],"lækjargata 10":[65.39707,-20.94064],"lækjargata 13":[65.39748,-20.94106],"mánagata 6":[65.39611,-20.94062],"melavegur 1":[65.40017,-20.94344],"melavegur 5":[65.40061,-20.94368],"melavegur 7":[65.40087,-20.94383],"melavegur 9":[65.40108,-20.94391],"melavegur 10":[65.40117,-20.94308],"melavegur 12":[65.4014,-20.94322],"melavegur 14":[65.40161,-20.94328],"garðavegur 33":[65.39398,-20.9368],"grundartún 19":[65.4001,-20.94904],"hallartröð 1":[65.40602,-20.93672],"nestún 8":[65.39939,-20.94725],"grundartún 14":[65.40049,-20.94785],"hafnarbraut 3":[65.39477,-20.94519],"nestún 4":[65.39984,-20.94671],"höfðabraut 32":[65.39186,-20.9397],"höfðabraut 34":[65.3913,-20.9394],"spítalastígur 8":[65.39816,-20.94548],"jónströð 7":[65.40504,-20.93643],"garðarströð 3":[65.40423,-20.93694],"þórðartröð 12":[65.40451,-20.93514],"ásbraut 4":[65.39637,-20.9384],"búland 4":[65.38913,-20.93459],"fífusund 1":[65.39845,-20.94378],"fífusund 5":[65.39863,-20.9442],"fífusund 7":[65.3987,-20.94436],"fífusund 9":[65.39875,-20.94447],"fífusund 11":[65.39891,-20.94485],"fífusund 13":[65.39899,-20.94492],"fífusund 17":[65.39914,-20.94504],"garðavegur 8":[65.39685,-20.94046],"garðavegur 11":[65.39647,-20.93929],"garðavegur 13":[65.39626,-20.93908],"garðavegur 15":[65.39607,-20.93889],"garðavegur 17":[65.39583,-20.93868],"garðavegur 19":[65.39553,-20.93836],"garðavegur 21":[65.39531,-20.93817],"garðavegur 23":[65.39512,-20.93796],"garðavegur 25":[65.3949,-20.93773],"garðavegur 27":[65.39467,-20.93748],"garðavegur 30":[65.39405,-20.9379],"grundartún 12":[65.40073,-20.94796],"hafnarbraut 7":[65.39397,-20.94343],"hjallavegur 4":[65.40032,-20.94424],"hjallavegur 8":[65.4008,-20.94447],"hjallavegur 12":[65.40128,-20.94455],"hjallavegur 16":[65.40172,-20.94489],"hlíðarvegur 6":[65.39957,-20.94315],"hlíðarvegur 10":[65.40056,-20.94125],"hlíðarvegur 12":[65.4008,-20.94135],"hlíðarvegur 14":[65.40103,-20.94145],"hlíðarvegur 16":[65.40126,-20.94156],"hlíðarvegur 18":[65.40148,-20.94168],"hlíðarvegur 22":[65.40192,-20.94184],"hlíðarvegur 24":[65.40215,-20.94197],"húnabraut 1":[65.39671,-20.94617],"húnabraut 3":[65.3968,-20.94562],"húnabraut 6":[65.39671,-20.94495],"hvammstangabraut 1":[65.398,-20.94334],"hvammstangabraut 5":[65.39703,-20.94264],"norðurbraut 1":[65.39822,-20.94491],"norðurbraut 12":[65.39965,-20.94551],"norðurbraut 14":[65.40016,-20.94582],"norðurbraut 24":[65.40297,-20.94435],"norðurbraut 32":[65.40116,-20.94624],"spítalastígur 1":[65.3982,-20.94785],"spítalastígur 4":[65.39808,-20.94651],"spítalastígur 6":[65.39811,-20.94606],"strandgata 2":[65.39616,-20.94618],"strandgata 6":[65.39666,-20.94694],"strandgata 7":[65.39699,-20.94753],"strandgata 9":[65.39737,-20.94771],"strandgata 11":[65.3975,-20.94787],"strandgata 15":[65.39782,-20.94869],"hvammstangabraut 10":[65.39623,-20.94274],"hvammstangabraut 12":[65.3959,-20.94237],"hvammstangabraut 13a":[65.39609,-20.94152],"hvammstangabraut 17":[65.39546,-20.94087],"hvammstangabraut 20":[65.3947,-20.94097],"hvammstangabraut 22":[65.39451,-20.94074],"hvammstangabraut 24":[65.39433,-20.94051],"hvammstangabraut 26":[65.39411,-20.94025],"hvammstangabraut 28":[65.39394,-20.94],"hvammstangabraut 30":[65.39368,-20.93994],"hvammstangabraut 32":[65.39351,-20.93954],