{"mýrar 3":[65.3095,-21.0585],"þorkelshóll 1":[65.42981,-20.62359],"þorkelshóll 2":[65.43256,-20.62281],"staðarbakki 1":[65.2955,-20.86655],"syðri-ánastaðir 2":[65.45376,-20.97301],"mýrar 2":[65.3113,-21.05585],"þorfinnsstaðir 2":[65.52149,-20.64356],"tjarnarketill 2":[65.4728,-20.62702],"teigagrund 8":[65.32808,-20.89209],"gilsbakki 11":[65.32237,-20.89016],"helguhvammur 2":[65.41454,-20.93032],"syðri-ánastaðir 1":[65.4656,-20.97696],"lækjarhvammur 2":[65.35839,-20.85769],"teigagrund 5":[65.32838,-20.89289],"teigagrund 4":[65.32794,-20.89322],"smáragrund 1":[65.32764,-20.89374],"smáragrund 5":[65.32776,-20.89252],"smáragrund 6":[65.32744,-20.89168],"árbakki 4":[65.3234,-20.89019],"gilsbakki 2":[65.32304,-20.88944],"árbakki 1":[65.323,-20.8904],"gilsbakki 6":[65.32267,-20.89057],"gilsbakki 7":[65.32255,-20.88966],"höfðagata 5":[65.31859,-20.88871],"höfðagata 1":[65.31887,-20.88829],"staðarbakki 2b":[65.29742,-20.87091],"sandvík 8":[65.45465,-20.63569],"sandvík 9":[65.45426,-20.6347],"breiðavík 2":[65.46525,-20.62647],"víðidalstunga 2":[65.35284,-20.61094],"sandvík 11":[65.45299,-20.63412],"sandvík 7":[65.45537,-20.63608],"sandvík 10":[65.45344,-20.63411],"faxaslóð 4":[65.44856,-20.63466],"faxaslóð 6":[65.44823,-20.63266],"faxaslóð 1":[65.44848,-20.63861],"tjörn 2":[65.64228,-20.77017],"kýrlág 3":[65.46139,-20.62834],"huppahlíð 2":[65.2323,-20.88605],"skeggjagata 1":[65.31872,-20.88666],"faxaslóð 2b":[65.44913,-20.6364],"teigagrund 3":[65.32833,-20.89355],"teigagrund 6":[65.32802,-20.89267],"teigagrund 2":[65.32787,-20.89397],"smáragrund 3":[65.32769,-20.89308],"smáragrund 7":[65.32783,-20.8918],"árbakki 2":[65.32323,-20.88975],"árbakki 3":[65.3232,-20.89076],"gilsbakki 4":[65.32283,-20.89007],"gilsbakki 8":[65.32249,-20.89099],"gilsbakki 5":[65.3226,-20.88951],"ásbjarnarstaðir 2":[65.60288,-20.80463],"lækjamót 2":[65.41929,-20.59924],"víkurvegur 18":[65.47617,-20.62088],"gilsbakki 9":[65.32241,-20.89003],"víðidalstunga 2b":[65.35334,-20.61538],"stóra-borg ytri 1":[65.48869,-20.56756],"staðarbakki 2":[65.29552,-20.8664],"höfðagata 3":[65.31887,-20.8885],"stóra-borg ytri 2":[65.48868,-20.56994],"útibleiksstaðir 1":[65.38685,-21.00245],"borgarhlíð 14":[65.47179,-20.61967],"breiðavík 7":[65.46795,-20.6257],"múli 1":[65.34794,-20.84015],"syðsti-ós 4":[65.35118,-20.89214],"breiðavík 10":[65.46924,-20.62479],"sindrastaðir 2":[65.41533,-20.60074],"sindrastaðir 3":[65.4128,-20.59653],"staðarbakki 2a":[65.29539,-20.86645],"ásbjarnarstaðir 1a":[65.60249,-20.80517],"tjarnarketill 4":[65.47491,-20.62738],"faxaslóð 1b":[65.44834,-20.63816],"faxaslóð 1c":[65.4483,-20.63728],"sandvík 1":[65.45565,-20.62715],"sandvík 2":[65.45637,-20.62869],"sandvík 3":[65.4569,-20.63049],"sandvík 4":[65.45714,-20.63255],"sandvík 5":[65.45641,-20.63861],"sandvík 6":[65.45609,-20.63677],"breiðavík 6":[65.46739,-20.62512],"kýrlág 4":[65.46214,-20.6281],"svalbarð 2":[65.57896,-20.93195],"sauðá 1":[65.53096,-20.95779],"sauðá 2":[65.53137,-20.95759],"huppahlíð 1":[65.23304,-20.88741],"enniskot 2":[65.46905,-20.51255],"svalbarð 1":[65.57831,-20.93215],"breiðavík 12":[65.46977,-20.62597],"breiðavík 14":[65.4703,-20.62678],"breiðavík 3":[65.46569,-20.62647],"faxaslóð 2a":[65.44963,-20.63728],"reynhólar 2":[65.27872,-20.94001],"borgarhlíð 1":[65.45918,-20.62504],"breiðavík 5":[65.46694,-20.62421],"gauksmýri 1":[65.34744,-20.80732],"staðarbakki 1a":[65.29071,-20.86743],"katadalur 1":[65.60107,-20.7568],"litla-ásgeirsá 1a":[65.37999,-20.60866],"neðri-torfustaðir 1":[65.30494,-20.84062],"teigagrund 1":[65.32818,-20.89416],"syðri-ánastaðir 1a":[65.46566,-20.98001],"breiðavík 4":[65.46628,-20.62383],"sandar 1":[65.35605,-20.97446],"bergsstaðir á vatnsnesi 2":[65.56426,-20.93741],"teigagrund 7":[65.32833,-20.89223],"litla-ásgeirsá reitur 5":[65.37923,-20.60847],"tjarnarketill 1":[65.47157,-20.629],"tjarnarketill 3":[65.47415,-20.62662],"hvoll lóð nr. 21":[65.45678,-20.67901],"hvoll lóð nr. 10":[65.45163,-20.68496],"hvoll lóð nr. 13":[65.45479,-20.68227]}