{"skúlabraut 5":[65.66462,-20.28987],"skúlabraut 7":[65.66471,-20.29],"skúlabraut 9":[65.66479,-20.29012],"skúlabraut 11":[65.6646,-20.28893],"skúlabraut 13":[65.66465,-20.289],"skúlabraut 15":[65.66472,-20.28909],"skúlabraut 17":[65.66477,-20.28916],"skúlabraut 19":[65.66482,-20.28927],"skúlabraut 21":[65.66488,-20.28934],"skúlabraut 23":[65.66481,-20.28792],"skúlabraut 25":[65.66488,-20.28801],"skúlabraut 27":[65.66493,-20.28812],"skúlabraut 29":[65.66498,-20.28817],"skúlabraut 31":[65.66504,-20.28826],"skúlabraut 33":[65.66509,-20.28833],"skúlabraut 35":[65.66502,-20.28693],"skúlabraut 37":[65.66508,-20.28702],"skúlabraut 39":[65.66514,-20.28711],"skúlabraut 41":[65.6652,-20.2872],"skúlabraut 43":[65.66526,-20.28729],"skúlabraut 45":[65.66533,-20.2874],"skúlabraut 4":[65.66413,-20.28934],"skúlabraut 6":[65.66421,-20.28896],"skúlabraut 8":[65.66428,-20.28868],"skúlabraut 10":[65.66443,-20.28788],"skúlabraut 12":[65.6645,-20.28762],"skúlabraut 14":[65.66456,-20.28732],"skúlabraut 16":[65.66462,-20.28713],"skúlabraut 18":[65.66469,-20.28661],"skúlabraut 20":[65.66477,-20.28642],"skúlabraut 22":[65.66489,-20.28577],"holtabraut 4":[65.66105,-20.2811],"holtabraut 8":[65.66158,-20.28124],"holtabraut 12":[65.66199,-20.28163],"hólabraut 1":[65.66084,-20.2804],"hólabraut 5":[65.66132,-20.28053],"hólabraut 9":[65.66177,-20.2806],"hólabraut 13":[65.66215,-20.28064],"melabraut 1":[65.6608,-20.27942],"melabraut 5":[65.66083,-20.27831],"melabraut 7":[65.66085,-20.2777],"melabraut 11":[65.66087,-20.27662],"norðurlandsvegur 4":[65.66019,-20.27717],"norðurlandsvegur 2":[65.66035,-20.27374],"flúðabakki 4":[65.65615,-20.27917],"brekkubyggð 2":[65.65846,-20.30172],"brekkubyggð 7":[65.6582,-20.30351],"brekkubyggð 9":[65.65796,-20.30365],"brekkubyggð 11":[65.65776,-20.30375],"brekkubyggð 13":[65.65753,-20.30371],"brekkubyggð 15":[65.65724,-20.30374],"brekkubyggð 17":[65.65705,-20.30378],"brekkubyggð 19":[65.65682,-20.30381],"brekkubyggð 21":[65.65658,-20.30388],"brekkubyggð 23":[65.65633,-20.30402],"brekkubyggð 25":[65.65608,-20.30407],"brekkubyggð 28":[65.65664,-20.30478],"brekkubyggð 32":[65.65615,-20.30486],"brekkubyggð 36":[65.65565,-20.30505],"garðabyggð 1":[65.65813,-20.30118],"garðabyggð 4":[65.65814,-20.30229],"garðabyggð 8":[65.65794,-20.30265],"garðabyggð 14a":[65.65724,-20.30265],"garðabyggð 16a":[65.65708,-20.30252],"garðabyggð 18":[65.65687,-20.30231],"garðabyggð 14b":[65.65716,-20.30259],"garðabyggð 16b":[65.65701,-20.30245],"aðalgata 21":[65.6574,-20.2991],"aðalgata 5":[65.65969,-20.30102],"aðalgata 9":[65.65946,-20.30135],"brimslóð 10c":[65.66,-20.30327],"aðalgata 2":[65.66019,-20.30076],"aðalgata 6":[65.65977,-20.30169],"aðalgata 8":[65.65948,-20.30192],"aðalgata 10":[65.65912,-20.30203],"blöndubyggð 1":[65.6603,-20.30044],"blöndubyggð 3":[65.66009,-20.29995],"blöndubyggð 5":[65.65995,-20.29953],"blöndubyggð 6":[65.65961,-20.29916],"blöndubyggð 8":[65.65956,-20.29873],"blöndubyggð 10":[65.65942,-20.29792],"blöndubyggð 12":[65.65925,-20.29728],"blöndubyggð 14":[65.65933,-20.29608],"blöndubyggð 9":[65.6596,-20.29605],"blöndubyggð 6b":[65.65946,-20.29922],"blöndubyggð 16":[65.65913,-20.29436],"hnjúkabyggð 30":[65.65648,-20.2879],"hnjúkabyggð 27":[65.65751,-20.28882],"hnjúkabyggð 31":[65.65711,-20.28584],"hnjúkabyggð 33":[65.65699,-20.28445],"húnabraut 2":[65.65927,-20.28397],"húnabraut 4":[65.65986,-20.28457],"húnabraut 2a":[65.65916,-20.28158],"húnabraut 8":[65.66056,-20.28712],"húnabraut 10":[65.66072,-20.28741],"húnabraut 12":[65.66091,-20.28775],"húnabraut 14":[65.66109,-20.28804],"húnabraut 15":[65.66147,-20.28989],"húnabraut 18":[65.66154,-20.28854],"ennisbraut 1":[65.66511,-20.29118],"mýrarbraut 1":[65.6608,-20.28672],"mýrarbraut 3":[65.66097,-20.2869],"mýrarbraut 5":[65.66114,-20.28715],"mýrarbraut 7":[65.66131,-20.28731],"mýrarbraut 9":[65.66151,-20.28758],"mýrarbraut 11":[65.66168,-20.2879],"mýrarbraut 13":[65.66187,-20.28806],"mýrarbraut 16":[65.66196,-20.28702],"mýrarbraut 20":[65.66218,-20.28731],"mýrarbraut 19":[65.6625,-20.289],"mýrarbraut 21":[65.66271,-20.28917],"mýrarbraut 25":[65.66317,-20.28975],"mýrarbraut 24":[65.6624,-20.28761],"mýrarbraut 28":[65.66262,-20.28794],"mýrarbraut 29":[65.66364,-20.29041],"mýrarbraut 33":[65.66413,-20.29074],"sunnubraut 2":[65.66284,-20.2883],"sunnubraut 4":[65.66298,-20.28798],"sunnubraut 7":[65.66353,-20.28718],"smárabraut 2":[65.66343,-20.28905],"smárabraut 4":[65.66353,-20.28864],"mýrarbraut 35":[65.66436,-20.29088],"skúlabraut 1":[65.66445,-20.28964],"skúlabraut 3":[65.66455,-20.2898],"flúðabakki 1":[65.65623,-20.27774],"brimslóð 12":[65.65948,-20.30368],"brimslóð 14":[65.65943,-20.30298],"hnjúkabyggð 4":[65.65935,-20.3003],"aðalgata 15":[65.65901,-20.30159],"aðalgata 3b":[65.65987,-20.30042],"blöndubyggð 2":[65.65991,-20.29994],"arnargerði 2":[65.6529,-20.26067],"arnargerði 9":[65.65327,-20.26192],"arnargerði 11":[65.65346,-20.26208],"arnargerði 21":[65.6535,-20.26076],"arnargerði 23":[65.65369,-20.26092],"arnargerði 27":[65.65394,-20.26067],"arnargerði 35":[65.65393,-20.25963],"brimslóð 4":[65.66034,-20.30174],"brimslóð 8":[65.66018,-20.30213],"húnabraut 20":[65.66171,-20.28881],"húnabraut 22":[65.66192,-20.28906],"húnabraut 23":[65.66253,-20.29116],"húnabraut 25":[65.66271,-20.29132],"húnabraut 27":[65.663,-20.29174],"húnabraut 29":[65.66333,-20.29224],"húnabraut 32":[65.66292,-20.29039],"húnabraut 34":[65.66314,-20.29066],"húnabraut 38":[65.6638,-20.29133],"húnabraut 35":[65.66453,-20.29373],"húnabraut 37":[65.6654,-20.29286],"hafnarbraut 3":[65.66609,-20.29257],"hafnarbraut 8":[65.66682,-20.29174],"árbraut 3":[65.66,-20.28842],"árbraut 5":[65.66014,-20.28895],"árbraut 9":[65.6605,-20.28999],"árbraut 11":[65.66077,-20.2905],"árbraut 13":[65.66096,-20.29095],"árbraut 15":[65.66113,-20.29128],"árbraut 17":[65.66127,-20.29162],"árbraut 21":[65.66148,-20.29204],"árbraut 29":[65.66196,-20.29345],"árbraut 33":[65.6623,-20.29417],"ægisbraut 9":[65.66289,-20.29498],"ægisbraut 12":[65.66311,-20.29656],"ægisbraut 3":[65.66352,-20.29442],"ægisbraut 4":[65.66419,-20.29424],"norðurlandsvegur 1":[65.66045,-20.27303],"melabraut 15":[65.66092,-20.27551],"melabraut 19":[65.66094,-20.27436],"melabraut 23":[65.66097,-20.27325],"melabraut 25":[65.66099,-20.27271],"efstabraut 1":[65.66056,-20.27136],"efstabraut 2":[65.66101,-20.26914],"efstabraut 3":[65.66103,-20.27152],"efstabraut 5":[65.66151,-20.27171],"heiðarbraut 1":[65.66301,-20.28007],"heiðarbraut 2":[65.6626,-20.27975],"heiðarbraut 3":[65.66303,-20.2792],"heiðarbraut 4":[65.66265,-20.27923],"heiðarbraut 5":[65.66309,-20.27866],"heiðarbraut 6":[65.66261,-20.27864],"heiðarbraut 7":[65.66304,-20.27814],"heiðarbraut 8":[65.66271,-20.27816],"heiðarbraut 9":[65.66309,-20.27751],"heiðarbraut 12":[65.66278,-20.27699],"hlíðarbraut 1":[65.66228,-20.27969],"hlíðarbraut 3":[65.66225,-20.27903],"hlíðarbraut 5":[65.66236,-20.27849],"hlíðarbraut 7":[65.66231,-20.27793],"hlíðarbraut 9":[65.66239,-20.27741],"hlíðarbraut 11":[65.66235,-20.27688],"hlíðarbraut 13":[65.66244,-20.27635],"hlíðarbraut 15":[65.6624,-20.27573],"hlíðarbraut 17":[65.66251,-20.2752],"hlíðarbraut 18":[65.66211,-20.27509],"hlíðarbraut 20":[65.66208,-20.27455],"hlíðarbraut 22":[65.66218,-20.27394],"urðarbraut 1":[65.66157,-20.27961],"urðarbraut 3":[65.66152,-20.27897],"húnabraut 40":[65.66408,-20.29152],"húnabraut 42":[65.66444,-20.29179],"árbraut 1":[65.65985,-20.28791],"brimslóð 10a":[65.65984,-20.30309],"húnabraut 21":[65.66221,-20.29051],"húnabraut 24":[65.66213,-20.28938],"húnabraut 26":[65.66238,-20.28969],"húnabraut 28":[65.66256,-20.28985],"urðarbraut 5":[65.66157,-20.27848],"hafnarbraut 1":[65.66668,-20.29234],"brimslóð 2":[65.66038,-20.30164],"brimslóð 6":[65.6603,-20.30183],"húnabraut 30":[65.66276,-20.2901],"húnabraut 33":[65.664,-20.29297],"húnabraut 36":[65.66335,-20.29096],"hafnarbraut 6":[65.66636,-20.29139],"holtabraut 26":[65.66451,-20.28404],"urðarbraut 6":[65.66115,-20.27828],"urðarbraut 7":[65.66156,-20.27789],"urðarbraut 8":[65.66123,-20.27779],"urðarbraut 9":[65.66161,-20.27737],