{"beinakelda 2":[65.55424,-20.31083],"torfalækur 3":[65.59206,-20.31153],"húnsstaðir 2":[65.61281,-20.3152],"ártún 2":[65.51842,-19.8669],"bólstaðarhlíð 1":[65.52226,-19.80831],"eiðsstaðir 2":[65.40923,-19.79677],"hnausar 1":[65.50771,-20.35057],"öxl 1":[65.52813,-20.33424],"holt 2":[65.49404,-20.03663],"kaldakinn 2":[65.62296,-20.1683],"leysingjastaðir 2":[65.53661,-20.41485],"höllustaðir 3":[65.46639,-19.82966],"öxl 2":[65.52718,-20.33874],"ytri-hóll 1":[65.75041,-20.25212],"eiðsstaðir 1":[65.40978,-19.79604],"ytri-hóll 2":[65.74979,-20.2543],"kaldakinn 1":[65.6234,-20.16865],"höllustaðir 2":[65.47149,-19.83357],"auðkúla 3":[65.51304,-20.02147],"húnavellir 1":[65.5407,-20.20612],"torfalækur 2":[65.59217,-20.31106],"kornsá 2":[65.40342,-20.28287],"hnausar 2":[65.5072,-20.35199],"syðri-ey 1":[65.76055,-20.25755],"steinholt 8":[65.54023,-20.20131],"leifsstaðir 2":[65.43177,-19.701],"víkur 2":[65.5242,-19.99373],"beinakelda 1":[65.55509,-20.30983],"auðkúla 1":[65.50929,-20.03062],"móberg 1":[65.5812,-20.03308],"ás 2":[65.36851,-20.22923],"auðkúla 2":[65.50963,-20.03232],"syðri-grund 1":[65.49794,-20.09831],"hólabær 1":[65.5742,-19.99814],"hagi 2":[65.51655,-20.43831],"blöndubakki 2":[65.6788,-20.29377],"steinholt 1":[65.54003,-20.20256],"steinholt 3":[65.5399,-20.2018],"enni 1":[65.67012,-20.26454],"bakkakot 2":[65.69738,-20.26006],"stekkjardalur 2":[65.50183,-19.94936],"nautabú 2":[65.39524,-20.27441],"leifsstaðir 1":[65.43184,-19.70103],"víkur 1":[65.52452,-19.99749],"bólstaðarhlíð 2":[65.5228,-19.80583],"húnavellir 3":[65.5409,-20.20663],"geithamrar 2":[65.50747,-20.10288],"húnavellir 2":[65.54081,-20.20476],"sólheimar 1":[65.53572,-20.00083],"stekkjardalur 1":[65.50225,-19.94862],"höskuldsstaðir 2":[65.73417,-20.24853],"fagranes 1":[65.58927,-20.07609],"höllustaðir 7":[65.46876,-19.83175],"auðólfsstaðir 1":[65.55304,-19.9287],"vaglar 1":[65.34174,-20.10276],"rútsstaðir 2":[65.46126,-20.03417],"brekkukotstún 6":[65.53869,-20.3358],"steinholt 2":[65.54043,-20.20269],"steinholt 4":[65.54027,-20.20214],"höllustaðir 5":[65.46928,-19.83301],"holt 1":[65.49121,-20.03479],"höllustaðir 6":[65.48019,-19.84852],"breiðabólstaður 1":[65.4734,-20.36307],"brandsstaðir 1":[65.46623,-19.81377],"rútsstaðir 1":[65.46105,-20.03761],"sólheimar 2":[65.53557,-20.00288],"bollastaðir 1":[65.40842,-19.77735],"auðólfsstaðir 2":[65.55234,-19.92824],"eldjárnsstaðir 2":[65.39229,-19.78335]}