{"bogabraut 2":[65.82415,-20.30337],"oddagata 22":[65.81983,-20.30254],"hólanesvegur 2":[65.82481,-20.3083],"hafnarlóð 5":[65.82705,-20.3164],"hafnarlóð 7a":[65.82702,-20.31826],"hafnarlóð 1":[65.82564,-20.3146],"mánabraut 10":[65.82858,-20.31536],"suðurvegur 13":[65.8207,-20.30048],"sólarvegur 14":[65.82239,-20.2993],"oddagata 4a":[65.82312,-20.30561],"einbúastígur 2c":[65.82744,-20.31891],"hólabraut 35":[65.82589,-20.29253],"fjörubraut 6":[65.82285,-20.3075],"einbúastígur 2a":[65.82732,-20.3191],"bankastræti 3":[65.82914,-20.31874],"bankastræti 7":[65.82879,-20.31966],"bankastræti 12":[65.82903,-20.32022],"hólanesvegur 14":[65.82338,-20.30864],"bogabraut 1":[65.82458,-20.3059],"bogabraut 5":[65.8247,-20.3042],"bogabraut 9":[65.82484,-20.30272],"bogabraut 11":[65.82488,-20.30215],"bogabraut 13":[65.82493,-20.30154],"bogabraut 15":[65.82498,-20.301],"bogabraut 17":[65.82505,-20.30057],"hólabraut 3":[65.82426,-20.30166],"hólabraut 5":[65.82432,-20.30105],"hólabraut 7":[65.82437,-20.30049],"hólabraut 9":[65.82445,-20.2996],"hólabraut 13":[65.82452,-20.29846],"hólabraut 15":[65.82462,-20.29783],"hólabraut 17":[65.82468,-20.29724],"hólabraut 18":[65.8243,-20.29701],"hólabraut 20":[65.82433,-20.29611],"hólabraut 22":[65.82439,-20.29537],"hólabraut 24":[65.82448,-20.29487],"hólabraut 26":[65.82464,-20.29407],"hólabraut 28":[65.82485,-20.29358],"hólabraut 29":[65.82529,-20.29386],"hólabraut 30":[65.82513,-20.29307],"hólabraut 31":[65.82548,-20.29363],"fjörubraut 8":[65.8227,-20.30706],"mánabraut 1":[65.82786,-20.3167],"mánabraut 2":[65.828,-20.31581],"mánabraut 3":[65.82795,-20.31666],"mánabraut 4":[65.82833,-20.31574],"mánabraut 5":[65.82812,-20.31676],"mánabraut 6":[65.82843,-20.3157],"mánabraut 7":[65.82824,-20.31677],"mánabraut 8":[65.82857,-20.31564],"mánabraut 11":[65.82864,-20.31659],"norðurbraut 5":[65.82548,-20.30396],"oddagata 2":[65.82374,-20.30617],"oddagata 5":[65.82485,-20.30638],"oddagata 6":[65.82299,-20.30532],"oddagata 14":[65.82114,-20.3035],"ránarbraut 1":[65.82543,-20.30301],"ránarbraut 7":[65.82559,-20.30134],"ránarbraut 11":[65.82574,-20.29962],"ránarbraut 13":[65.82577,-20.29929],"ránarbraut 15":[65.82579,-20.29901],"ránarbraut 19":[65.82588,-20.29824],"ránarbraut 21":[65.82591,-20.29801],"ránarbraut 23":[65.82593,-20.29772],"skagavegur 10":[65.82866,-20.31727],"skagavegur 14":[65.82909,-20.3174],"skagavegur 15":[65.8291,-20.31808],"strandgata 2":[65.82558,-20.3077],"strandgata 4":[65.82592,-20.30822],"strandgata 8":[65.82628,-20.30899],"strandgata 28":[65.82737,-20.31554],"strandgata 32":[65.82742,-20.3169],"strandgata 34a":[65.82736,-20.31731],"suðurvegur 1":[65.82221,-20.30121],"suðurvegur 3":[65.82198,-20.30116],"suðurvegur 6":[65.82193,-20.30203],"suðurvegur 9":[65.82121,-20.30079],"suðurvegur 12":[65.82196,-20.3028],"suðurvegur 16":[65.82172,-20.30254],"suðurvegur 20":[65.82127,-20.30213],"suðurvegur 24":[65.82106,-20.30199],"suðurvegur 28":[65.82072,-20.30162],"sunnuvegur 1":[65.82234,-20.29988],"sunnuvegur 3":[65.82208,-20.29974],"sunnuvegur 4":[65.822,-20.3005],"sunnuvegur 6":[65.82178,-20.30036],"sunnuvegur 8":[65.82154,-20.30028],"sunnuvegur 14":[65.82082,-20.29998],"túnbraut 7":[65.82258,-20.30121],"túnbraut 11":[65.8228,-20.29975],"vallarbraut 2":[65.82002,-20.30416],"vallarbraut 4":[65.82017,-20.30275],"ægisgrund 1":[65.82529,-20.30635],"ægisgrund 2":[65.82499,-20.30588],"ægisgrund 3":[65.82543,-20.30577],"ægisgrund 4":[65.82493,-20.30581],"ægisgrund 5":[65.82554,-20.30508],"ægisgrund 6":[65.8249,-20.30566],"ægisgrund 8":[65.82486,-20.30559],"bogabraut 18":[65.82473,-20.29967],"bogabraut 20":[65.82477,-20.29909],"bogabraut 22":[65.82483,-20.2985],"bogabraut 24":[65.82488,-20.29789],"bogabraut 27":[65.82526,-20.29749],"einbúastígur 2":[65.82712,-20.31907],"einbúastígur 4":[65.82686,-20.31993],"einbúastígur 5":[65.82612,-20.32239],"einbúastígur 8":[65.82716,-20.32128],"fellsbraut 1":[65.82341,-20.30237],"fellsbraut 3":[65.82358,-20.30137],"fellsbraut 5":[65.82363,-20.30074],"fellsbraut 7":[65.82369,-20.30008],"fellsbraut 13":[65.82387,-20.29808],"fellsbraut 17":[65.824,-20.29686],"fjörubraut 7":[65.82083,-20.3046],"fjörubraut 11":[65.82049,-20.30438],"hólabraut 1":[65.8242,-20.30238],"ægisgrund 16":[65.82521,-20.30449],"hafnarlóð 9":[65.82576,-20.31891],"sunnuvegur 9":[65.82122,-20.29928],"miðnes 2":[65.82338,-20.30722],"sólarvegur 16":[65.82215,-20.29917],"ægisgrund 14":[65.82507,-20.30501],"miðnes 1":[65.82338,-20.30737],"hafnarlóð 6":[65.82684,-20.31744],"hafnarlóð 7":[65.82653,-20.31867],"hafnarlóð 3":[65.82667,-20.31496],"túnbraut 1":[65.82247,-20.30328],"hólanesvegur 11":[65.82377,-20.3072],"bankastræti 6":[65.82943,-20.31919],"bankastræti 8":[65.8293,-20.31951],"bankastræti 10":[65.82914,-20.3199],"bankastræti 14":[65.82886,-20.32069],"bogabraut 3":[65.82465,-20.30483],"bogabraut 7":[65.82475,-20.30353],"bogabraut 10":[65.82448,-20.30253],"bogabraut 12":[65.82453,-20.30179],"bogabraut 14":[65.82455,-20.30113],"bogabraut 16":[65.82464,-20.30061],"hólabraut 2":[65.82377,-20.30221],"hólabraut 4":[65.82388,-20.30154],"hólabraut 6":[65.82394,-20.3009],"hólabraut 8":[65.82399,-20.30029],"hólabraut 10":[65.82407,-20.29938],"hólabraut 12":[65.82413,-20.29881],"hólabraut 14":[65.82416,-20.29818],"hólabraut 16":[65.82424,-20.29757],"hólabraut 19":[65.82479,-20.29635],"hólabraut 21":[65.8248,-20.29578],"hólabraut 23":[65.82487,-20.29518],"hólabraut 25":[65.82501,-20.29455],"hólabraut 27":[65.82515,-20.2942],"fellsbraut 15":[65.82394,-20.29743],"fellsbraut 21":[65.82411,-20.29562],"fjörubraut 9":[65.82065,-20.30448],"fjörubraut 13":[65.82032,-20.30431],"mánabraut 9":[65.82855,-20.31658],"mánabraut 13":[65.82875,-20.31655],"oddagata 1":[65.82535,-20.30704],"oddagata 4":[65.82316,-20.30544],"oddagata 12":[65.82167,-20.30444],"oddagata 18":[65.82067,-20.30321],"ránarbraut 5":[65.82552,-20.30186],"ránarbraut 9":[65.82571,-20.29988],"ránarbraut 12":[65.82531,-20.30003],"ránarbraut 14":[65.82537,-20.29949],"ránarbraut 16":[65.82542,-20.2989],"ránarbraut 18":[65.82547,-20.29833],"ránarbraut 20":[65.82549,-20.29814],"ránarbraut 22":[65.82551,-20.2979],"skagavegur 2":[65.82767,-20.31783],"skagavegur 12":[65.82877,-20.31727],"skagavegur 16":[65.82952,-20.31727],"skagavegur 19":[65.82953,-20.31806],"strandgata 2a":[65.82569,-20.30613],"strandgata 6":[65.82605,-20.30849],"strandgata 10":[65.82646,-20.30945],"strandgata 30":[65.82741,-20.31605],"strandgata 34":[65.82747,-20.31791],"suðurvegur 2":[65.82212,-20.30213],"suðurvegur 4":[65.82204,-20.30208],"suðurvegur 8":[65.82184,-20.30202],"suðurvegur 10":[65.82205,-20.30287],"suðurvegur 14":[65.82186,-20.30266],"suðurvegur 18":[65.82139,-20.3022],"suðurvegur 22":[65.82119,-20.30199],"suðurvegur 26":[65.82082,-20.30169],"suðurvegur 30":[65.82062,-20.30161],"sunnuvegur 2":[65.82222,-20.30062],"sunnuvegur 5":[65.82184,-20.29964],"sunnuvegur 7":[65.8215,-20.29943],"sunnuvegur 11":[65.82091,-20.29918],"túnbraut 5":[65.82252,-20.30215],"túnbraut 9":[65.82266,-20.30053],"bogabraut 19":[65.82508,-20.29969],"bogabraut 21":[65.82512,-20.2991],"bogabraut 23":[65.82519,-20.29856],"bogabraut 26":[65.82493,-20.29737],"einbúastígur 1":[65.8264,-20.32111],"einbúastígur 3":[65.82611,-20.32184],"einbúastígur 6":[65.82681,-20.32026],"fellsbraut 2":[65.82311,-20.30176],"fellsbraut 4":[65.82318,-20.30091],"fellsbraut 6":[65.82326,-20.30006],"fellsbraut 9":[65.82377,-20.2993],"oddagata 16":[65.82091,-20.30329],"hafnarlóð 8":[65.82609,-20.3181],"skagavegur 17":[65.8293,-20.31813],"hólabraut 35a":[65.82619,-20.2941],"hólabraut 35d":[65.82651,-20.29386],"ránarbraut 10":[65.82523,-20.30068],"bankastræti 9":[65.82862,-20.32013],"hólabraut 11":[65.82451,-20.29899],"ránarbraut 17":[65.82585,-20.29851],"fjörubraut 5a":[65.82102,-20.30463],"sólarvegur 23":[65.82092,-20.29774],"ræktunarland 10":[65.81973,-20.30013],"túnbraut 7b":[65.82254,-20.30118],"fjörubraut 5b":[65.82105,-20.30437],"hólabraut 35b":[65.82628,-20.29402],"ránarbraut 3":[65.82546,-20.30251],"oddagata 18a":[65.82049,-20.30233],