{"björg 3":[65.98689,-20.37796],"hólaberg 4":[65.8277,-20.29667],"hrossafell 1":[65.82814,-20.28],"hrossafell 2":[65.82782,-20.27992],"örlygsstaðir 2":[65.91916,-20.34869],"skeggjastaðir 2":[65.90408,-20.32896],"fellsmelar 1":[65.83171,-20.27348],"fellsmelar 3":[65.82939,-20.2705],"hólabraut 35g":[65.82675,-20.2935],"háagerði 1":[65.85377,-20.29844],"tjörn 1":[66.04114,-20.40178],"björg 1":[65.98706,-20.38074],"hrossafell 3":[65.82812,-20.28059],"steinnýjarstaðir 1":[65.90657,-20.27941],"ræktunarland 271":[65.84527,-20.30604],"ræktunarland 141":[65.82979,-20.31034],"ræktunarland 22":[65.84164,-20.30696],"ræktunarland 293":[65.83801,-20.30172],"ræktunarland 148":[65.83167,-20.30627],"ræktunarland 138":[65.83072,-20.3131],"ræktunarland 15":[65.83738,-20.30468],"ræktunarland 126":[65.83683,-20.30193],"steinnýjarstaðir 2":[65.90645,-20.27958],"háagerði 2":[65.84995,-20.30377],"ræktunarland nr. 59":[65.82119,-20.29044],"ræktunarland 290":[65.8422,-20.29259],"bakki 1":[65.88878,-20.33788]}