{"ás 3":[65.69528,-19.46473],"brúsabyggð 14":[65.73168,-19.11087],"nátthagi 3":[65.73218,-19.11018],"geitagerði 5":[65.73095,-19.11099],"geitagerði 9":[65.73096,-19.10974],"geitagerði 6":[65.73052,-19.10982],"víðines 1":[65.74164,-19.13887],"neðri-ás 1":[65.77425,-19.25254],"borgargerði 1":[65.72344,-19.60469],"ríp 3":[65.67023,-19.44493],"nátthagi 19":[65.73139,-19.10767],"nátthagi 20":[65.73115,-19.10836],"vatnsleysa 2":[65.72554,-19.39011],"áskot 7":[65.78039,-19.27245],"ásvegur 7":[65.77936,-19.26681],"vatnsleysa 4":[65.725,-19.38213],"vatnsleysa 3":[65.72455,-19.38472],"kýrholt 3":[65.76095,-19.34742],"sleitustaðir 2":[65.79582,-19.29012],"smáragrund 1":[65.79367,-19.27858],"neðri-ás 2":[65.77357,-19.25533],"neðri-ás 3":[65.77062,-19.25107],"prestssæti 3":[65.73355,-19.11088],"prestssæti 12":[65.73286,-19.10907],"nátthagi 14":[65.73212,-19.10878],"nátthagi 12":[65.73193,-19.10863],"nátthagi 1":[65.73225,-19.11024],"nátthagi 7":[65.73189,-19.10983],"brúsabyggð 1":[65.73229,-19.11146],"brúsabyggð 5":[65.73204,-19.11083],"brúsabyggð 2":[65.73205,-19.11218],"brúsabyggð 12":[65.73176,-19.11096],"brúsabyggð 6":[65.7317,-19.11203],"geitagerði 3":[65.73112,-19.11148],"geitagerði 2":[65.7305,-19.11104],"syðri-hofdalir 2":[65.68123,-19.38061],"ás 2":[65.69572,-19.44463],"hamar 1":[65.66037,-19.45237],"hof 2":[65.71228,-19.09237],"ás 1":[65.6969,-19.44197],"ásvegur 2":[65.77857,-19.26901],"smáragrund 2":[65.79467,-19.29351],"vatnsleysa 5":[65.72352,-19.36867],"syðri-hofdalir 1":[65.68113,-19.38321],"eyhildarholt 1":[65.63296,-19.44386],"gil 2":[65.69537,-19.61261],"víðines 2":[65.74174,-19.14066],"prestssæti 5":[65.73325,-19.11031],"prestssæti 4":[65.7328,-19.11101],"nátthagi 18":[65.73238,-19.10933],"nátthagi 10":[65.73169,-19.10863],"nátthagi 5":[65.73196,-19.10998],"nátthagi 9":[65.73183,-19.10968],"brúsabyggð 3":[65.73219,-19.11103],"brúsabyggð 7":[65.73187,-19.11063],"brúsabyggð 8":[65.73193,-19.11155],"brúsabyggð 16":[65.73156,-19.1105],"geitagerði 1":[65.73135,-19.11177],"geitagerði 4":[65.73054,-19.11043],"ríp 2":[65.6699,-19.44499],"múli 2":[65.7126,-19.11591],"brúsabyggð 10":[65.73186,-19.11148],"brúsabyggð 18":[65.7315,-19.11042],"geitagerði 7":[65.73096,-19.11041],"geitagerði 11":[65.73073,-19.10912],"nátthagi 21":[65.73114,-19.1072],"nátthagi 22":[65.7309,-19.10791],"ásvegur 4":[65.77919,-19.27045],"sigtún 1":[65.79661,-19.29515],"reynistaður 2":[65.6546,-19.56447],"hof 1":[65.7126,-19.09524],"dalsmynni 1":[65.75633,-19.25569],"skálholt 2":[65.70513,-19.62703],"ásvegur 1":[65.77873,-19.26835],"gýgjarhóll 1":[65.66442,-19.59758],"gýgjarhóll 2":[65.66391,-19.58774],"gýgjarhóll 3":[65.6641,-19.57746],"gýgjarhóll 4":[65.67687,-19.53721],"hamar 4":[65.66287,-19.46118],"gil 3":[65.69141,-19.61382],"litla-gröf 3":[65.63567,-19.5506],"hafsteinsstaðir 1":[65.65751,-19.61248],"stekkholt 2":[65.68111,-19.61125],"stekkholt 1":[65.68204,-19.60919],"nátthagi 16":[65.7323,-19.10924],"veðramót 1":[65.75237,-19.72527],"gauksstaðir 1":[65.92782,-19.91926],"staðarhof 2":[65.65847,-19.59238],"borgargerði 2":[65.72367,-19.60983],"veðramót 2":[65.7522,-19.69144],"ástunga 1":[65.79103,-19.31361],"gil 5":[65.69074,-19.6178],"hamar 2":[65.65951,-19.45753],"staðarhof 3":[65.65833,-19.59652],"sleitustaðir 4":[65.79484,-19.28949],"ásvegur 9":[65.77956,-19.26628],"eyhildarholt 2":[65.633,-19.44387],"eyhildarholt 3":[65.63303,-19.4439],"ásvegur 6":[65.77981,-19.27153],"borgargerði 4":[65.72242,-19.61146],"skálholt 1":[65.70502,-19.62462],"hegrabjarg 2":[65.70852,-19.46982],"messuholt 1":[65.71436,-19.62255],"gil 4":[65.69193,-19.6092],"gil 1":[65.69091,-19.60866],"syðri-hofdalir 3":[65.68145,-19.38393],"ásvegur 3":[65.77906,-19.26888],"hamar 3":[65.66153,-19.45943],"litla-gröf 2":[65.63317,-19.5702],"sleitustaðir 3":[65.79541,-19.2893],"kjartansstaðir 2":[65.62595,-19.51514],"borgargerði 3":[65.71853,-19.61793],"ríp 1":[65.67181,-19.44436],"ásvegur 5":[65.77913,-19.26751],"páfastaðir 3":[65.63242,-19.52686],"fossárteigur 1":[65.82292,-19.68619],"gil 6":[65.69956,-19.59716],"hlíð 2":[65.71742,-19.11787],"narfastaðir 1":[65.73333,-19.35459],"dúkur 2":[65.62747,-19.58338],"sleitustaðir 5":[65.79409,-19.28848],"sleitustaðir 7":[65.79378,-19.29319],"reynistaður 3":[65.65724,-19.56103],"lón 1":[65.73917,-19.39171]}