{"birkimelur 8a":[65.55073,-19.44859],"skólavegur 1":[65.55221,-19.44663],"norðurbrún 11":[65.55538,-19.45233],"birkimelur 8b":[65.55067,-19.44857],"víðilundur 2":[65.55016,-19.43921],"víðilundur 7":[65.54869,-19.43685],"birkimelur 10":[65.55069,-19.44911],"birkimelur 3":[65.55101,-19.44801],"birkimelur 7":[65.5504,-19.44746],"birkimelur 11":[65.54974,-19.44674],"birkimelur 14":[65.55041,-19.44844],"birkimelur 18":[65.54998,-19.44869],"furulundur 4":[65.55084,-19.44548],"furulundur 6":[65.55069,-19.44634],"furulundur 10":[65.5506,-19.44535],"laugavegur 5":[65.55361,-19.44849],"laugavegur 9":[65.55411,-19.44939],"laugavegur 15":[65.55469,-19.45035],"norðurbrún 1":[65.55393,-19.4512],"norðurbrún 5":[65.55444,-19.45175],"norðurbrún 9":[65.55488,-19.45193],"skógarstígur 2":[65.55242,-19.4473],"skógarstígur 6":[65.55201,-19.44762],"víðilundur 8":[65.54809,-19.43798],"víðilundur 17":[65.54803,-19.43692],"furulundur 3":[65.55136,-19.44436],"laugavegur 1":[65.55314,-19.44751],"birkimelur 24":[65.54947,-19.44725],"furulundur 8":[65.55045,-19.44617],"víðilundur 1":[65.55028,-19.43802],"víðilundur 4":[65.54951,-19.43864],"víðilundur 9":[65.54875,-19.43592],"birkimelur 5":[65.5507,-19.44766],"birkimelur 9":[65.55008,-19.44711],"birkimelur 12":[65.55034,-19.44898],"birkimelur 16":[65.55008,-19.44815],"furulundur 5":[65.55098,-19.44492],"laugavegur 3":[65.55339,-19.44806],"laugavegur 7":[65.55388,-19.44897],"laugavegur 13":[65.5545,-19.45],"laugavegur 17":[65.55485,-19.45068],"laugavegur 11":[65.55429,-19.44969],"norðurbrún 3":[65.55418,-19.45138],"norðurbrún 7":[65.55469,-19.45171],"skógarstígur 1":[65.55262,-19.44819],"skógarstígur 4":[65.55236,-19.44795],"víðilundur 6":[65.54881,-19.43827],"birkimelur 20":[65.54962,-19.44832],"birkimelur 26":[65.54934,-19.44803],"laugavegur 19":[65.55505,-19.45103],"lundur 2":[65.55043,-19.44681],"laugavegur 21":[65.55532,-19.45142],"víðilundur 11":[65.54878,-19.43476],"víðilundur 3":[65.54988,-19.43713],"birkimelur 28":[65.54897,-19.44752],"birkimelur 30":[65.54908,-19.447],"furulundur 7":[65.55072,-19.44458],"birkimelur 22":[65.54969,-19.44762],"birkimelur 32":[65.54879,-19.44666]}