{"hjalli 2":[65.60205,-19.34297],"einimelur 2d":[65.54881,-19.45382],"syðra-vallholt 2":[65.53038,-19.38877],"lækjarbakki 7":[65.46908,-19.35286],"lækjarbakki 11":[65.4686,-19.3524],"einimelur 2c":[65.54888,-19.45443],"víðidalur 2":[65.53367,-19.46694],"syðra-skörðugil 2":[65.58125,-19.50056],"reykjarhólsvegur 6":[65.5527,-19.46196],"reykjarhólsvegur 8":[65.55312,-19.46193],"álftagerði 2":[65.53591,-19.44882],"héraðsdalur 2":[65.45273,-19.27415],"hátún 1":[65.60993,-19.50775],"stóru-akrar 1":[65.53651,-19.31572],"reykjarhólsvegur 2a":[65.55197,-19.4614],"reykjarhólsvegur 2b":[65.55168,-19.4606],"reykjarhólsvegur 10":[65.55351,-19.46124],"reykjarhólsvegur 12":[65.5539,-19.46164],"reykjarhólsvegur 14":[65.55391,-19.46251],"reykjarhólsvegur 20a":[65.55532,-19.46334],"lambeyri 2":[65.46416,-19.34794],"héraðsdalur 1":[65.44653,-19.26802],"frostastaðir 1":[65.61836,-19.36644],"geldingaholt 1":[65.58838,-19.4671],"lækjarbakki 3":[65.46955,-19.35323],"lækjarbakki 9":[65.46884,-19.35264],"lækjarbakki 13":[65.46836,-19.35223],"hólagerði 1":[65.46122,-19.34378],"einimelur 2e":[65.54904,-19.45374],"einimelur 2f":[65.54928,-19.45392],"einimelur 2b":[65.54917,-19.45467],"reykjarhólsvegur 16b":[65.55451,-19.46185],"reykjarhólsvegur 18b":[65.55494,-19.46231],"reykjarhólsvegur 20b":[65.55536,-19.46242],"hátún 2":[65.6116,-19.50959],"stóru akrar 2":[65.53655,-19.3173],"steintún 2":[65.47006,-19.36431],"syðra-skörðugil 1":[65.58152,-19.49914],"víðilundur 15":[65.54814,-19.43583],"víðilundur 13":[65.5481,-19.43491],"frostastaðir 4":[65.62009,-19.36364],"hafgrímsstaðir 1":[65.43674,-19.32122],"gilhagi 1":[65.36021,-19.22028],"brúnastaðir 2":[65.42134,-19.27777],"varmahlíð 1":[65.54863,-19.45001],"reykjarhólsvegur 4b":[65.55237,-19.46098],"víðibrekka 8":[65.54579,-19.4333],"víðiholt 2":[65.53579,-19.47032],"stóra-vatnsskarð 1":[65.5186,-19.55855],"sólheimar 2":[65.4849,-19.2715],"frostastaðir 3":[65.61869,-19.36232],"bóla 4":[65.45005,-19.20361],"kelduland 2":[65.37427,-19.10554],"syðra-vallholt 3":[65.52132,-19.35562],"kringlumýri 2":[65.56135,-19.30651],"elivogar 1":[65.57864,-19.53111],"elivogar 2":[65.58644,-19.53677],"hjaltastaðir 2":[65.603,-19.34556],"syðra-vallholt 1":[65.52102,-19.37327],"þverá 2":[65.62486,-19.37585],"lækjarbakki 5":[65.46933,-19.35302],"einimelur 2a":[65.54936,-19.45437],"flugumýri 1":[65.5777,-19.32466],"lækjarbrekka 8":[65.46921,-19.35178],"víðbrún 1":[65.5474,-19.43821],"reykjarhólsvegur 16a":[65.55443,-19.46304],"frostastaðir 2":[65.62506,-19.35731],"reykjarhólsvegur 4a":[65.55228,-19.46179],"reykjarhólsvegur 18a":[65.55485,-19.46342],"syðri-mælifellsá 1":[65.45195,-19.39577],"starrastaðir 2":[65.43519,-19.32661],"húsey 1":[65.54976,-19.42163],"laugarhvammur 16":[65.46584,-19.34166],"miðdalur 1":[65.31602,-19.16263],"álfgeirsvellir 2":[65.49262,-19.43806],"flugumýrarhvammur 1":[65.58725,-19.32283],"laugarhvammur 10b":[65.46631,-19.34488],"laugarhvammur 15":[65.46647,-19.35006],"brautarholt 1":[65.56844,-19.48189],"þormóðsholt 2":[65.59375,-19.34677],"hverhólar 1":[65.34747,-19.10322],"geldingaholt 4":[65.58576,-19.47471],"birkimelur 25":[65.54838,-19.44563],"steinsstaðir 12":[65.4728,-19.32796],"steinsstaðir 27":[65.47515,-19.33643],"steinsstaðir 11":[65.4717,-19.32815],"steinsstaðir 20":[65.47635,-19.33109],"steinsstaðir 18":[65.47507,-19.33022],"steinsstaðir 26":[65.4749,-19.33487],"steinsstaðir 13":[65.47282,-19.32981],"steinsstaðir 25":[65.47436,-19.33621],"steinsstaðir 19":[65.47589,-19.33252],"steinsstaðir 14":[65.47324,-19.32873],"steinsstaðir 10":[65.4713,-19.32715],"steinsstaðir 15":[65.47401,-19.33112],"steinsstaðir 9":[65.47071,-19.32664],"steinsstaðir 21":[65.47646,-19.33283],"steinsstaðir 16":[65.47439,-19.32971],"steinsstaðir 17":[65.47457,-19.3314],"steinsstaðir 24":[65.47352,-19.33223],"steinsstaðir 23":[65.47324,-19.3339],"steinsstaðir 22":[65.477,-19.33137],"suðurtún 1":[65.54649,-19.44149],"brúnastaðir 3":[65.42641,-19.29066],"flugumýrarhvammur 2":[65.58754,-19.32309],"bóla 6":[65.45061,-19.20426],"álfgeirsvellir 3":[65.49174,-19.44439],"ytra-skörðugil 1":[65.58952,-19.50018],"víðimýri 1":[65.53909,-19.47105],"vindheimamelar 2":[65.50531,-19.37861],"halldórsstaðir 2":[65.59932,-19.50493],"stóra-vatnsskarð 2":[65.519,-19.58534],"laugarmýri 2":[65.46572,-19.35251],"mælifellisá 2":[65.45016,-19.39151],"víðibrekka 16":[65.54711,-19.4362],"laugarhvammur 17":[65.46584,-19.34086],"bóla 2":[65.44968,-19.20257],"víðibrekka 9":[65.54615,-19.43566],"einimelur 3":[65.54839,-19.45364],"borgarhóll 1":[65.51232,-19.29571],"geldingaholt 5":[65.57773,-19.45965],"bóla 1":[65.45004,-19.20477],"bóla 3":[65.45032,-19.20601],"miðsitja 1":[65.49106,-19.2658],"laugarhvammur 18":[65.46591,-19.34],"hjarðarhagi 1":[65.65276,-19.3498],"silfrastaðir 2":[65.44259,-19.18213],"víðibrún 14":[65.54728,-19.43725],"birkimelur 27":[65.54806,-19.44565]}