{"suðurbraut 21":[65.89619,-19.40925],"suðurbraut 23":[65.89595,-19.40848],"suðurbraut 27":[65.89556,-19.40685],"suðurbraut 12":[65.8967,-19.4127],"suðurbraut 19":[65.89627,-19.40987],"braut 2":[65.89859,-19.41653],"suðurbraut 1":[65.89807,-19.4147],"suðurbraut 3":[65.89794,-19.41428],"suðurbraut 5":[65.89781,-19.41391],"suðurbraut 7":[65.89767,-19.41357],"suðurbraut 8":[65.89703,-19.41348],"suðurbraut 15":[65.89663,-19.4113],"sætún 4":[65.89631,-19.40438],"sætún 6":[65.89623,-19.40427],"sætún 8":[65.89615,-19.40421],"sætún 10":[65.89606,-19.40412],"túngata 2":[65.89686,-19.41126],"túngata 6":[65.89707,-19.41021],"túngata 10":[65.89723,-19.40933],"austurgata 4":[65.89651,-19.40945],"austurgata 6":[65.89654,-19.40928],"austurgata 8":[65.8966,-19.40886],"austurgata 10":[65.89664,-19.40869],"austurgata 12":[65.89673,-19.40805],"austurgata 16":[65.89694,-19.40681],"austurgata 18":[65.897,-19.40624],"austurgata 22":[65.89725,-19.40492],"grund 2":[65.90036,-19.42123],"hátún 7":[65.89618,-19.40192],"kárastígur 1":[65.89779,-19.41283],"kárastígur 2":[65.89796,-19.41176],"kárastígur 3":[65.89791,-19.41316],"kárastígur 5":[65.89801,-19.41347],"kárastígur 7":[65.89812,-19.41389],"kárastígur 8":[65.89835,-19.41293],"kárastígur 9":[65.89825,-19.41429],"kárastígur 10":[65.89845,-19.41335],"kárastígur 11":[65.89832,-19.41481],"kárastígur 14":[65.89886,-19.41432],"kárastígur 15":[65.89866,-19.41513],"kirkjugata 3":[65.89634,-19.40844],"kirkjugata 7":[65.89654,-19.40726],"kirkjugata 13":[65.89685,-19.4052],"kirkjugata 17":[65.89703,-19.40418],"kirkjugata 21":[65.89722,-19.40308],"skólagata 1a":[65.89816,-19.41037],"braut 1":[65.89856,-19.41646],"suðurbraut 2":[65.89755,-19.41469],"suðurbraut 4":[65.89737,-19.41423],"suðurbraut 6":[65.89718,-19.41381],"suðurbraut 9":[65.89727,-19.41291],"suðurbraut 10":[65.89687,-19.41314],"suðurbraut 17":[65.89637,-19.41024],"sætún 2":[65.89656,-19.40452],"sætún 7":[65.89629,-19.4034],"sætún 9":[65.8962,-19.40333],"sætún 11":[65.89611,-19.40324],"túngata 4":[65.89699,-19.41067],"túngata 8":[65.89714,-19.40975],"austurgata 3":[65.89669,-19.4104],"austurgata 5":[65.89681,-19.40992],"austurgata 7":[65.89686,-19.40972],"austurgata 9":[65.89692,-19.40931],"austurgata 11":[65.89696,-19.40902],"austurgata 14":[65.89682,-19.40737],"austurgata 20":[65.89716,-19.40547],"austurgata 24":[65.89735,-19.40438],"austurgata 28":[65.8975,-19.40331],"kárastígur 13":[65.89845,-19.41519],"kárastígur 16":[65.8988,-19.41486],"kirkjugata 5":[65.89644,-19.40785],"kirkjugata 9":[65.89662,-19.40665],"kirkjugata 15":[65.89694,-19.40466],"kirkjugata 19":[65.89712,-19.40361],"suðurbraut 18":[65.89596,-19.41062],"austurgata 26":[65.89743,-19.40379],"skólagata 1b":[65.89825,-19.40999]}