{"bræðraá 1":[66.00348,-19.35477],"arnarstaðir 1":[66.0103,-19.34808],"arnarstaðir 2":[66.00978,-19.3486],"tumabrekka 3":[65.84424,-19.36226],"sleitustaðir 6":[65.79559,-19.30248],"engihlíð 3":[65.91379,-19.3605],"engihlíð 1":[65.91491,-19.35783],"engihlíð 2":[65.91399,-19.36251],"hesthúsalóð 10":[65.90181,-19.39155],"hesthúsalóð 15":[65.90176,-19.39094],"hesthúsalóð 16":[65.90169,-19.39029],"miklibær 1":[65.80337,-19.30537],"mannskaðahóll 2":[65.95006,-19.40969],"mannskaðahóll 1":[65.94317,-19.40655],"miðhús 1b":[65.84844,-19.369],"gröf 3":[65.87009,-19.38197],"stóra-gerði 6":[65.80557,-19.31849],"miklibær 4":[65.80172,-19.30548],"mannskaðahóll 3":[65.94935,-19.40842],"miðhús 1":[65.8486,-19.36883]}