{"efra-haganes 1":[66.07453,-19.11408],"nýrækt 2":[66.05113,-19.01675],"efra haganes 2":[66.07722,-19.11831],"efra-haganes 2":[66.07605,-19.11387],"minni-þverá 1":[66.01014,-19.03025],"stóra-holt 2":[66.05376,-19.00327],"neðra-haganes 1":[66.07917,-19.12616],"sólgarðar 2":[66.05273,-19.1191],"gautastaðir 1":[65.97523,-19.00495]}