{"skútustígur 7":[66.13669,-18.89907],"siglunes 3":[66.19315,-18.83886],"fákafen 5":[66.13456,-18.93049],"fákafen 11":[66.13467,-18.93099],"fákafen 17":[66.13486,-18.93144],"ráeyrarvegur 6":[66.13903,-18.90063],"fákafen 15":[66.13492,-18.93137],"fákafen 9":[66.13474,-18.93095],"siglunes 2":[66.19098,-18.84047],"hjallaflöt 3":[66.13583,-18.92951],"fákafen 2":[66.13516,-18.93],"fákafen 4":[66.13516,-18.93059],"fákafen 7":[66.13481,-18.93088],"fákafen 13":[66.13497,-18.93133],"skógarstígur 10":[66.13511,-18.90237],"fákafen 6":[66.1352,-18.93055],"skútustígur 5":[66.13724,-18.89948],"siglunes 1":[66.19134,-18.84054],"siglunes 8":[66.19299,-18.82149],"hjallaflöt 5":[66.13588,-18.92986],"fákafen 5a":[66.13443,-18.93057],"skógarstígur 8":[66.13578,-18.90237],"skútustígur 11":[66.13565,-18.89878],"sólarstígur 8":[66.13625,-18.90394],"lambafen 1":[66.13453,-18.92665],"flugvallarvegur 6":[66.13428,-18.91846],"flugvallarvegur 1":[66.13355,-18.91954],"fákafen 8":[66.13524,-18.93052],"fákafen 1":[66.13477,-18.93035],"ráeyrarvegur 1":[66.13848,-18.90284],"fákafen 3":[66.13465,-18.93042],"skútustígur 4":[66.13638,-18.90097],"siglunes 7":[66.1926,-18.84012],"flugvallarvegur 2":[66.13467,-18.91796],"flugvallarvegur 4":[66.1345,-18.91821],"skógarstígur 4":[66.1366,-18.90261],"skógarstígur 2":[66.13696,-18.90204]}