{"hörpuland 8":[65.67408,-18.1656],"hörpuland 9":[65.67407,-18.1666],"granaskjól 3":[65.67916,-18.15762],"safírstræti 7":[65.67863,-18.16051],"hörpuland 3":[65.67316,-18.16584],"hörpuland 7":[65.67375,-18.16635],"hamrar 2":[65.64805,-18.09812],"glerá 2":[65.67287,-18.16111],"hamravegur 4":[65.64985,-18.10348],"safírstræti 1":[65.67986,-18.1596],"hörpuland 1":[65.67289,-18.16568],"hörpuland 13":[65.67467,-18.1671],"hörpuland 14":[65.67501,-18.16628],"hörpuland 15":[65.67497,-18.16733],"hörpuland 16":[65.67528,-18.16654],"hörpuland 17":[65.67527,-18.16747],"granaskjól 2":[65.6794,-18.15801],"granaskjól 4":[65.67905,-18.15837],"hörpuland 10":[65.67438,-18.16585],"granaskjól 1":[65.67953,-18.15726],"sörlaskjól 5":[65.67892,-18.15898],"hörpuland 11":[65.67438,-18.16683],"hörpuland 12":[65.67467,-18.16608],"hörpuland 2":[65.67317,-18.16489],"hörpuland 4":[65.67349,-18.16507],"hörpuland 5":[65.67345,-18.16607],"hörpuland 6":[65.67377,-18.1653],"faxaskjól 2":[65.67928,-18.15708],"sörlaskjól 1":[65.67967,-18.15835],"sörlaskjól 3":[65.6793,-18.15866],"sörlaskjól 4":[65.67921,-18.15947],"granaskjól 6":[65.67865,-18.15871],"safírstræti 3":[65.6795,-18.15979],"sörlaskjól 7":[65.67853,-18.15933],"safírstræti 2":[65.68048,-18.1554],"granaskjól 5":[65.67879,-18.15795],"sörlaskjól 6":[65.67885,-18.15981],"sörlaskjól 9":[65.67837,-18.15946],"hrókaland 8":[65.67251,-18.16939],"hrafnaland 1":[65.66956,-18.17369],"hrafnaland 2":[65.66992,-18.17304],"hrafnaland 3":[65.6699,-18.17414],"hrafnaland 4":[65.67024,-18.17357],"hrafnaland 5":[65.67022,-18.17464],"hrafnaland 6":[65.67056,-18.17395],"hrafnaland 7":[65.67055,-18.17487],"hrafnaland 8":[65.67084,-18.17412],"hrafnaland 9":[65.67087,-18.17516],"hrafnaland 10":[65.67117,-18.17441],"hrafnaland 11":[65.67122,-18.17549],"hrafnaland 12":[65.6715,-18.17476],"hlíðarfjallsvegur 23":[65.67106,-18.16521],"hrókaland 1":[65.67217,-18.16988],"hrókaland 5":[65.67272,-18.17034],"hyrnuland 2":[65.67261,-18.16638],"hrókaland 10":[65.67278,-18.16979],"holtaland 7":[65.67015,-18.17645],"holtaland 8":[65.67044,-18.17563],"holtaland 9":[65.67047,-18.17669],"holtaland 10":[65.67076,-18.1759],"holtaland 11":[65.67081,-18.17699],"holtaland 12":[65.67104,-18.17617],"holtaland 1":[65.6692,-18.17532],"holtaland 2":[65.66937,-18.17448],"holtaland 3":[65.66952,-18.1757],"holtaland 4":[65.66976,-18.17489],"holtaland 5":[65.66981,-18.1761],"holtaland 6":[65.67008,-18.17531],"hlíðarfjallsvegur 29":[65.63676,-18.20979],"hlíðarfjallsvegur 17":[65.66488,-18.16947],"hlíðarfjallsvegur 9":[65.67477,-18.1554],"hlíðarfjallsvegur 7":[65.67525,-18.1525],"hlíðarfjallsvegur 11":[65.6742,-18.15486],"hlíðarfjallsvegur 13":[65.6747,-18.15308],"hlíðarfjallsvegur 15":[65.66787,-18.16175],"hyrnuland 1":[65.67374,-18.16841],"hyrnuland 3":[65.67403,-18.16893],"hyrnuland 5":[65.67422,-18.16951],"hyrnuland 7":[65.6743,-18.16994],"hyrnuland 18":[65.67461,-18.16904],"hyrnuland 20":[65.67471,-18.16982],"hrókaland 12":[65.67315,-18.17002],"hvassaland 10":[65.67201,-18.16808],"heimaland 3":[65.6694,-18.17072],"glerá 1":[65.67283,-18.16068],"hulduland 1":[65.67348,-18.17036],"faxaskjól 4":[65.67891,-18.15741],"safírstræti 5":[65.67909,-18.16011],"hvassaland 6":[65.67264,-18.16863],"hlíðarfjallsvegur 41":[65.66351,-18.21708],"hyrnuland 10":[65.67385,-18.16741],"hyrnuland 12":[65.67413,-18.16764],"hyrnuland 14":[65.67447,-18.16779],"hyrnuland 16":[65.67472,-18.16818],"hulduland 2":[65.67364,-18.16926],"heimaland 5":[65.66925,-18.1714],"hvassaland 4":[65.67288,-18.16894],"hrókaland 4":[65.67192,-18.16893],"heimaland 7":[65.66913,-18.17204],"hyrnuland 4":[65.67294,-18.1667],"hvassaland 2":[65.67322,-18.169],"hrókaland 6":[65.67224,-18.16912],"hvassaland 7":[65.67234,-18.16733],"hvassaland 3":[65.67301,-18.16784],"hvassaland 1":[65.67332,-18.16826],"hvassaland 5":[65.67271,-18.16759],"hyrnuland 6":[65.67324,-18.16684],"hyrnuland 8":[65.67352,-18.16711],"hrímland 14":[65.67065,-18.1702],"hrímland 4":[65.67004,-18.16952],"hrímland 16":[65.67094,-18.1698],"hrímland 7":[65.67086,-18.16905],"hrímland 10":[65.67079,-18.16842],"hrímland 12":[65.67046,-18.17079],"hrímland 2":[65.66984,-18.17007],"hrímland 6":[65.67025,-18.16909],"hrímland 8":[65.67049,-18.16871],"hrímland 9":[65.67084,-18.17088],"hrímland 11":[65.67108,-18.17053],"lambastekkur 1":[65.67901,-18.16196],"hrímland 5":[65.67058,-18.16952],"hrímland 3":[65.67031,-18.16992],"hrímland 1":[65.67015,-18.17072],"hrókaland 3":[65.67244,-18.17004],"hrímland 18":[65.67194,-18.17056],"hrókaland 2":[65.67178,-18.16961],"hrímland 20":[65.67231,-18.17079],"hulduland 4":[65.67393,-18.17006],"heimaland 1a":[65.66954,-18.16996],"hrímland 24":[65.67221,-18.17194],"hrímland 26":[65.67208,-18.17284],"hrímalnd 15":[65.6719,-18.1718],"hrímland 28":[65.672,-18.17343],"hrókaland 7":[65.673,-18.17072],"hrímland 22":[65.6726,-18.1711],"hvassaland 8":[65.67234,-18.16844]}