{"reynihlíð 22c":[65.70088,-18.15564],"reynihlíð 20b":[65.7005,-18.15585],"reynihlíð 20c":[65.70059,-18.15582],"lækjarvellir 1b":[65.7124,-18.16287],"lækjarvellir 1c":[65.71253,-18.16362],"ásláksstaðir 3":[65.7954,-18.21991],"möðruvellir 2":[65.77015,-18.24952],"litli-dunhagi 1":[65.75586,-18.27206],"hlaðir 2":[65.77358,-18.2029],"dagverðareyri 3":[65.76134,-18.17331],"björg 3":[65.76094,-18.25123],"fornhagi 2":[65.73154,-18.35062],"bitra 4":[65.69964,-18.17836],"birkihlíð 6":[65.70221,-18.15429],"birkihlíð 8":[65.7025,-18.15476],"birkihlíð 4":[65.70205,-18.15399],"birkihlíð 1":[65.70158,-18.15413],"möðruvellir 5":[65.7724,-18.25337],"möðruvellir 1":[65.76974,-18.24977],"djúpárbakki 1":[65.75634,-18.22718],"skógarhlíð 45":[65.70451,-18.15737],"skógarhlíð 41":[65.70401,-18.15789],"skógarhlíð 33":[65.70339,-18.15806],"skógarhlíð 29":[65.70297,-18.15766],"skógarhlíð 10":[65.70286,-18.15568],"skógarhlíð 23":[65.70257,-18.1578],"skógarhlíð 15":[65.70219,-18.15803],"reynihlíð 22b":[65.7008,-18.15564],"brekkuhús 1":[65.84768,-18.2],"brekkuhús 2":[65.84792,-18.20004],"brekkuhús 25":[65.84769,-18.20156],"litli-dunhagi 2":[65.75582,-18.27659],"reynihlíð 26a":[65.70161,-18.15566],"reynihlíð 26b":[65.70146,-18.1556],"skriða 2":[65.72004,-18.36613],"hagaskógur 1":[65.75016,-18.16216],"skógarhlíð 18":[65.70441,-18.1565],"skógarhlíð 39":[65.70407,-18.15714],"skógarhlíð 35":[65.70342,-18.15745],"skógarhlíð 31":[65.70309,-18.15842],"skógarhlíð 27":[65.70302,-18.15703],"skógarhlíð 25":[65.70265,-18.15706],"skógarhlíð 21":[65.70262,-18.15859],"skógarhlíð 17":[65.70205,-18.15869],"reynihlíð 24b":[65.7011,-18.15548],"reynihlíð 24c":[65.70119,-18.15554],"staðarbakki 3":[65.60002,-18.61983],"birkihlíð 7":[65.70232,-18.15533],"birkihlíð 5":[65.70204,-18.1549],"birkihlíð 2":[65.70178,-18.15358],"skógarhlíð 12":[65.70326,-18.15578],"dagverðareyri 2":[65.76163,-18.17062],"glæsibær 2":[65.75404,-18.16166],"blómsturvellir 2":[65.71991,-18.14877],"skógarhlíð 16":[65.70392,-18.15608],"skriða 1":[65.71843,-18.3648],"syðri-bægisá 2":[65.66758,-18.40652],"staðarbakki 1":[65.60001,-18.62054],"möðruvellir 4":[65.77203,-18.25305],"litli-dunhagi 3":[65.75578,-18.27364],"þríhyrningur 1":[65.74535,-18.30607],"ytri-bægisá 1":[65.67156,-18.4008],"glæsibær skógargata 3":[65.74635,-18.16001],"djúpárbakki 2":[65.75571,-18.24007],"þrastarhóll 2":[65.78551,-18.25498],"björg 2":[65.76148,-18.26284],"ytri-bægisá 2":[65.67302,-18.40525],"staðarbakki 2":[65.60011,-18.62034],"djúpárbakki 3":[65.75336,-18.24098],"djúpárbakki 4":[65.75149,-18.24339],"hlaðir 3":[65.77246,-18.20509],"reynihlíð 2a":[65.70197,-18.15593],"reynihlíð 2b":[65.70193,-18.15628],"búðagata 25":[65.84795,-18.19781],"búðagata 27":[65.84792,-18.19779],"reynihlíð 8b":[65.70157,-18.15836],"möðruvellir 3":[65.77166,-18.25271],"birkihlíð 3":[65.70182,-18.15452],"skógarhlíð 14":[65.70349,-18.15575],"steinnes 2":[65.70394,-18.3662],"brekkuhús 3":[65.84822,-18.20012],"reynihlíð 16a":[65.7004,-18.15924],"reynihlíð 15c":[65.69995,-18.15822],"skógarhlíð 13":[65.70225,-18.15717],"skógarhlíð 43":[65.70428,-18.15823],"skógarhlíð 37":[65.70344,-18.15666],"skógarhlíð 19":[65.70228,-18.15908],"reynihlíð 16b":[65.70031,-18.15918],"reynihlíð 16c":[65.70022,-18.15912],"búðagata 33":[65.84774,-18.19773],"búðagata 21":[65.84803,-18.19785],"búðagata 23":[65.84798,-18.19783],"reynihlíð 10b":[65.7014,-18.15897],"reynihlíð 8a":[65.70165,-18.15803],"reynihlíð 9b":[65.70114,-18.15802],"reynihlíð 9c":[65.7011,-18.15818],"reynihlíð 9f":[65.7011,-18.15818],"arnarholtsvegur 1":[65.85095,-18.20474],"arnarholtsvegur 3":[65.85133,-18.20513],"grund 1":[65.8202,-18.23737],"lækjarvellir 1f":[65.71251,-18.16214],"lækjarvellir 1g":[65.71248,-18.16219],"lækjarvellir 1i":[65.7124,-18.16236],"reynihlíð 18d":[65.69963,-18.15888],"reynihlíð 18e":[65.69959,-18.15884],"reynihlíð 18f":[65.69952,-18.15879],"hvammsvegur 5":[65.85212,-18.2034],"hvammsvegur 3":[65.85161,-18.20315],"hólar 2":[65.59231,-18.51673],"víðihlíð 3":[65.70102,-18.15713],"víðihlíð 1":[65.70133,-18.15704],"víðihlíð 5":[65.70062,-18.1575],"víðihlíð 7":[65.7003,-18.1579],"búðagata 5":[65.84947,-18.19717],"reynihlíð 23d":[65.70149,-18.15634],"glæsibær 4":[65.75455,-18.16037],"búðagata 13":[65.84842,-18.19799],"hraukbæjarkot 2":[65.70679,-18.17927],"búðagata 31":[65.84777,-18.19775],"ásláksstaðir 1":[65.7956,-18.22076],"reynihlíð 16d":[65.70014,-18.15906],"hjalteyrarvegur 10":[65.85001,-18.19606],"hjalteyrarvegur 12":[65.85016,-18.19568],"hjalteyrarvegur 14":[65.85029,-18.19527],"reynihlíð 9d":[65.70117,-18.15787],"reynihlíð 11b":[65.70097,-18.15868],"reynihlíð 11e":[65.70097,-18.15868],"reynihlíð 11f":[65.70093,-18.15884],"reynihlíð 12b":[65.70123,-18.15961],"reynihlíð 12a":[65.70131,-18.15926],"hvammsvegur 1":[65.85095,-18.20192],"skipalón 2":[65.78818,-18.19208],"reynihlíð 21b":[65.70092,-18.15633],"reynihlíð 21d":[65.7011,-18.15626],"reynihlíð 21c":[65.70101,-18.15629],"reynihlíð 18a":[65.69982,-18.159],"reynihlíð 16e":[65.70007,-18.15902],"hagabrekka 10":[65.75255,-18.16113],"reynihlíð 17d":[65.70011,-18.15721],"reynihlíð 19b":[65.70043,-18.15674],"lónsá 2":[65.70208,-18.1509],"hagabrekka 2":[65.75062,-18.16266],"reynihlíð 18c":[65.69969,-18.15892],"reynihlíð 14f":[65.7005,-18.15937],"reynihlíð 4a":[65.70188,-18.15663],"reynihlíð 14e":[65.70055,-18.15941],"lækjarvellir 1l":[65.71227,-18.16261],"reynihlíð 19c":[65.7005,-18.15665],"reynihlíð 23":[65.70124,-18.15628],"hagaskógur 9":[65.74809,-18.16137],"hagaskógur 11":[65.74762,-18.16174],"búðagata 29":[65.84781,-18.19777],"þverá 2":[65.59903,-18.50878],"þverá 3":[65.59942,-18.50893],"lækjarvellir 1":[65.71269,-18.16174],"lækjarvellir 18":[65.71551,-18.16368],"reynihlíð 14b":[65.70076,-18.15954],"reynihlíð 14c":[65.70069,-18.1595],"hólar 3":[65.59278,-18.51506],"hólar 4":[65.59144,-18.51589],"hólar 5":[65.5917,-18.51467],"arnarholtsvegur 7":[65.85247,-18.20573],"arnarholtsvegur 9":[65.85285,-18.20591],"lækjarvellir 1k":[65.71231,-18.16252],"lækjarvellir 1x":[65.71226,-18.16237],"torfnes 2":[65.87923,-18.26361],"lækjarvellir 7":[65.71466,-18.16569],"laugaland 2":[65.74324,-18.27766],"búland 2":[65.82452,-18.20989],"lækjarvellir 4":[65.71473,-18.16302],"reynihlíð 18b":[65.69975,-18.15896],"reynihlíð 11c":[65.70093,-18.15884],"reynihlíð 11d":[65.701,-18.15851],"reynihlíð 19a":[65.70035,-18.15685],"reynihlíð 21a":[65.70084,-18.15638],"syðri-bægisá 3":[65.66794,-18.40626],"hagatún 10b":[65.75128,-18.16057],"lækjarvellir 1m":[65.71263,-18.16162],"lækjarvellir 1n":[65.71259,-18.16168],"lækjarvellir 1p":[65.71253,-18.16182],"lækjarvellir 1q":[65.71249,-18.1619],"lækjarvellir 1t":[65.71239,-18.16215],"lækjarvellir 1u":[65.71235,-18.16221],"lækjarvellir 1y":[65.71222,-18.16246],"reynihlíð 20a":[65.70064,-18.15571],"reynihlíð 22a":[65.70093,-18.15555],"reynihlíð 24a":[65.70127,-18.15547],"búðagata 35":[65.8477,-18.1977],"steinsstaðir 4":[65.61123,-18.49311],"steinsstaðir 5":[65.61222,-18.49289],"reynihlíð 16f":[65.7,-18.15895],"lækjarvellir 1d":[65.71258,-18.16197],"lækjarvellir 1e":[65.71254,-18.16205],"lækjarvellir 1h":[65.71243,-18.16228],"lækjarvellir 1j":[65.71235,-18.16243],"lækjarvellir 1o":[65.71257,-18.16175],"lækjarvellir 1r":[65.71246,-18.16197],"lækjarvellir 1s":[65.71242,-18.16206],"lækjarvellir 1v":[65.71232,-18.1623],"lækjarvellir 6":[65.71508,-18.1648],"arnarholtsvegur 5":[65.85191,-18.2053],"lækjarvellir 9":[65.71517,-18.16663],"lækjarvellir 2b":[65.71346,-18.16205],"björg 5":[65.76083,-18.23295],"hjalteyrarvegur 16":[65.85038,-18.19497],"reynihlíð 17a":[65.69985,-18.15754],"lækjarvellir 2a":[65.71324,-18.1612],"reynihlíð 26":[65.70152,-18.15568],"reynihlíð 15b":[65.70006,-18.15831],"reynihlíð 15d":[65.69982,-18.15814],"pálmholt 1":[65.82059,-18.23088],"reynihlíð 19d":[65.70056,-18.15658],"reynihlíð 9e":[65.70114,-18.15802],"lækjarvellir 3":[65.71362,-18.16419],"lækjarvellir 5":[65.71411,-18.16486],"reynihlíð 9":[65.70117,-18.15787],"reynihlíð 11":[65.701,-18.15851],"reynihlíð 13":[65.70064,-18.15864],"reynihlíð 15a":[65.70016,-18.15841],