{"hrafnatröð 11":[65.57184,-18.09437],"hrafnatröð 9":[65.57211,-18.09422],"gröf 3":[65.6241,-18.02127],"öngulsstaðir 3":[65.59522,-18.00707],"reykhús 4":[65.59709,-18.08806],"gilsá 2":[65.40425,-18.25007],"samkomugerði 1":[65.49349,-18.1763],"stóri hamar 1":[65.52237,-18.11701],"brúnahlíð 3":[65.65477,-18.0251],"brúnahlíð 8":[65.65494,-18.02603],"brúnahlíð 2":[65.65517,-18.02521],"syðri-hóll 1":[65.61454,-18.01758],"reykhús 3":[65.59684,-18.08392],"brúnalaug 3":[65.56452,-18.07169],"rifkelsstaðir 1":[65.53724,-18.09035],"brúnahlíð 6":[65.65409,-18.02595],"brúnahlíð 7":[65.6545,-18.02593],"jódísartún 1":[65.60539,-18.03891],"jódísartún 9":[65.60562,-18.04134],"jódísartún 4":[65.60463,-18.04002],"jódísartún 6":[65.60387,-18.04016],"jódísartún 8":[65.60326,-18.04019],"brúnahlíð 1":[65.65569,-18.02528],"fossland 2":[65.66223,-18.03747],"svertingsstaðir 3":[65.62727,-18.01277],"grund 2b":[65.51916,-18.1547],"laugartröð 3":[65.5737,-18.0966],"laugartröð 7":[65.57423,-18.09605],"laugartröð 11":[65.5748,-18.09561],"hjallatröð 3":[65.57509,-18.0963],"hjallatröð 7":[65.57551,-18.0963],"hjallatröð 2":[65.57514,-18.09573],"sunnutröð 1":[65.57501,-18.09517],"sunnutröð 5":[65.57544,-18.09479],"sunnutröð 9":[65.57588,-18.09468],"sunnutröð 2":[65.57499,-18.09436],"sunnutröð 6":[65.57543,-18.09416],"sunnutröð 8":[65.57569,-18.09403],"sunnutröð 10":[65.57595,-18.09394],"meltröð 4":[65.5738,-18.09504],"skólatröð 4":[65.57236,-18.0936],"brekkutröð 8":[65.57163,-18.09869],"hvammur 1":[65.63527,-18.07458],"rifkelsstaðir 2":[65.53667,-18.09414],"kolgrímastaðir 2":[65.37912,-18.25464],"þverá 1":[65.60947,-18.02973],"garður 2":[65.60299,-18.03527],"hólmatröð 4":[65.57139,-18.09409],"hólmatröð 6":[65.5713,-18.09359],"hólmatröð 8":[65.57115,-18.09299],"hólmatröð 10":[65.57103,-18.09236],"hólmatröð 12":[65.57153,-18.09196],"hrafnatröð 1":[65.57593,-18.09235],"hrafnatröð 2":[65.57316,-18.09467],"hrafnatröð 2b":[65.57294,-18.09491],"hrafnatröð 3":[65.57562,-18.09251],"hrafnatröð 4":[65.5725,-18.09493],"hrafnatröð 5":[65.57538,-18.09263],"hrafnatröð 6":[65.57217,-18.09508],"hrafnatröð 7":[65.57509,-18.09272],"bakkatröð 8b":[65.57472,-18.09288],"hólmatröð 1":[65.57174,-18.09371],"hólmatröð 2":[65.57149,-18.09458],"hólmatröð 3":[65.57165,-18.09295],"birkiland 1":[65.66239,-18.03416],"birkiland 2":[65.66245,-18.03328],"birkiland 3":[65.66278,-18.0343],"birkiland 4":[65.66273,-18.03347],"birkiland 5":[65.66152,-18.03322],"birkiland 6":[65.66131,-18.03409],"birkiland 7":[65.66143,-18.03237],"birkiland 9":[65.6614,-18.03155],"birkiland 11":[65.66142,-18.03066],"birkiland 13":[65.66148,-18.0294],"leifsstaðabrúnir 9":[65.65384,-18.02864],"samkomugerði 2":[65.49593,-18.17677],"stokkahlaðir 2":[65.55733,-18.10832],"svertingsstaðir 1":[65.62734,-18.00825],"syðri-hóll 2":[65.61561,-18.01636],"þórustaðir 1":[65.63532,-18.02446],"skógartröð 1":[65.57248,-18.0971],"skógartröð 3":[65.57274,-18.09729],"hleiðargarður 1":[65.43401,-18.22578],"þórustaðir 3":[65.6342,-18.02341],"þórustaðir 6":[65.63786,-18.0251],"öngulsstaðir 1a":[65.59738,-18.03709],"ártröð 3":[65.57093,-18.09618],"brekkutröð 3":[65.57099,-18.09778],"brekkutröð 4":[65.57137,-18.09753],"brekkutröð 5":[65.5711,-18.09826],"brekkutröð 6":[65.5715,-18.09811],"brekkutröð 7":[65.57123,-18.09886],"vallartröð 1":[65.57159,-18.09674],"vallartröð 5":[65.57177,-18.09797],"vallartröð 7":[65.5719,-18.09849],"vallartröð 4":[65.57217,-18.09766],"vallartröð 6":[65.57229,-18.09828],"laugartröð 2":[65.57345,-18.09575],"arnarhóll 2":[65.64852,-18.02335],"grísará 1":[65.57905,-18.09334],"grísará 2":[65.5796,-18.09265],"hóll 2":[65.57785,-18.04684],"leifsstaðabrúnir 10":[65.65352,-18.02805],"brúnagerði 1":[65.65231,-18.02499],"stokkahlaðir 1":[65.55772,-18.10762],"skólatröð 2":[65.57245,-18.09355],"skólatröð 6":[65.57226,-18.09364],"gilsá 1":[65.4057,-18.24867],"laugartröð 5":[65.57406,-18.09618],"laugartröð 9":[65.57446,-18.0959],"hjallatröð 1":[65.57477,-18.09646],"hjallatröð 5":[65.57528,-18.09623],"hjallatröð 4":[65.57539,-18.0957],"sunnutröð 3":[65.5752,-18.09488],"sunnutröð 7":[65.57564,-18.09486],"sunnutröð 4":[65.57524,-18.0943],"þórustaðir 7":[65.63365,-18.02495],"reykhús 1":[65.59589,-18.08521],"brúnalaug 2":[65.56514,-18.07046],"syðra-dalsgerði 2":[65.46732,-18.24488],"skógartröð 5":[65.573,-18.09751],"skógartröð 9":[65.57353,-18.09795],"svertingsstaðir 2":[65.62679,-18.01129],"uppsalir 1":[65.55911,-18.05397],"ytri-hóll 1":[65.61941,-18.02069],"ytri-varðgjá 3":[65.67101,-18.03727],"þórustaðir 2":[65.63364,-18.02276],"þórustaðir 5":[65.63867,-18.02518],"öngulsstaðir 1":[65.59806,-18.03041],"rútsstaðir 2":[65.50711,-18.12777],"öngulsstaðir 2":[65.59676,-18.03784],"fífilgerði 2":[65.6486,-18.01971],"leifsstaðabrúnir 13":[65.65249,-18.02699],"brúnahlíð 5":[65.65401,-18.02484],"brúnahlíð 4":[65.6544,-18.02496],"jódísartún 2":[65.60545,-18.03993],"jódísartún 3":[65.60466,-18.03881],"jódísartún 5":[65.60397,-18.03901],"jódísartún 7":[65.60319,-18.03904],"jódísartún 10":[65.60383,-18.04205],"brúnahlíð 9":[65.65529,-18.02606],"ytri-hóll 2":[65.61666,-18.01031],"fossland 1":[65.66253,-18.03766],"fossland 3":[65.66191,-18.0374],"fossland 5":[65.66121,-18.03731],"rifkelsstaðir 3":[65.53607,-18.09271],"torfufell 2":[65.3244,-18.25596],"æsustaðir 2":[65.4187,-18.21843],"höskuldsstaðir 4":[65.60851,-18.03542],"stóri-hamar 2":[65.52197,-18.11757],"bakkatröð 9":[65.57483,-18.09035],"hríshóll 1":[65.44963,-18.16968],"vogar 7":[65.66419,-18.03836],"þórustaðir 1a":[65.63648,-18.02394],"ártröð 1":[65.57126,-18.096],"brekkutröð 2":[65.57132,-18.09693],"melaskjól 1":[65.48006,-18.16582],"melaskjól 2":[65.48018,-18.16664],"ártröð 5":[65.57058,-18.0963],"bakkatröð 3":[65.57541,-18.09084],"flugslóð 12":[65.48715,-18.16879],"saurbær 2":[65.44742,-18.21112],"ytri-hóll 3c":[65.61868,-18.03613],"bakkatröð 2":[65.57596,-18.09166],"rifkelsstaðir 5":[65.53681,-18.09188],"öngulsstaðir 1b":[65.59737,-18.03689],"öngulsstaðir 1c":[65.59739,-18.03689],"gislá 1":[65.40635,-18.24823],"rifkelsstaðir 4":[65.53762,-18.08664],"bakkatröð 15":[65.575,-18.08878],"skólatröð 8":[65.57199,-18.0936],"uppsalir 2":[65.56042,-18.05899],"brúnahlíð 10":[65.6557,-18.02612],"bakkatröð 4":[65.57559,-18.09181],"bakkatröð 6":[65.57533,-18.09194],"bakkatröð 8":[65.57506,-18.09206],"bakkatröð 21":[65.57568,-18.08952],"bakkatröð 40":[65.57544,-18.08798],"bakkatröð 42":[65.57568,-18.08797],"bakkatröð 52":[65.57596,-18.09083],"bakkatröð 50":[65.57597,-18.09022],"bakkatröð 48":[65.57598,-18.08961],"bakkatröð 46":[65.57599,-18.08897],"bakkatröð 44":[65.57601,-18.0883],"kristnes 6":[65.59631,-18.08863],"meltröð 2":[65.57385,-18.09563],"brekkutröð 1":[65.57093,-18.09716],"vallartröð 3":[65.57164,-18.09739],"vallartröð 2":[65.57205,-18.09714],"laugartröð 4":[65.57438,-18.09468],"gröf 2":[65.62365,-18.01908],"hvammur 2":[65.63485,-18.07371],"möðrufell 2":[65.51057,-18.20974],"fífilgerði 3":[65.64846,-18.01416],"ekra 2":[65.67253,-18.03729],"kotra 8":[65.6661,-18.03211],"kotra 19":[65.66657,-18.02918],"reykhús 5":[65.5972,-18.08877],"finnastaðir 1":[65.52016,-18.17979],"ytri-hóll 3b":[65.61791,-18.01473],"ytri-hóll 3":[65.61802,-18.01562],"stóri-hamar 1":[65.52243,-18.10579],"skógartröð 7":[65.57328,-18.09771],"stokkahlaðir 3":[65.55632,-18.11703],"þórustaðir 4":[65.63427,-18.02287],"kotra 1":[65.66497,-18.03241],"kotra 2":[65.66529,-18.03149],"kotra 3":[65.66438,-18.03159],"kotra 4":[65.66459,-18.03062],"kotra 5":[65.66375,-18.0318],"kotra 6":[65.66394,-18.03023],"bakkatröð 20":[65.57451,-18.09064],"gröf 4":[65.62895,-18.02337],"grísará 4":[65.57744,-18.09024],"bakkatröð 22":[65.57449,-18.09038],"bakkatröð 24":[65.57446,-18.09014],"kristnes 7":[65.59492,-18.08724],"kristnes 10":[65.59485,-18.08636],"kristnes 12":[65.59537,-18.08606],"skáldsstaðir 2":[65.37123,-18.25288],"bakkatröð 28b":[65.5744,-18.08919],"grísará 3":[65.57893,-18.09088],"bakkatröð 36":[65.57494,-18.08811],"bakkatröð 38":[65.57518,-18.08802],"fossland 4":[65.66159,-18.03721],"sólveigarstaðir 2":[65.64972,-18.01981],