{"litli hvammur 1":[65.71163,-18.07141],"heiðarbyggð 7a":[65.71112,-18.04347],"svalbarðseyrarvegur 6":[65.74243,-18.08584],"heiðarbyggð 34":[65.70552,-18.04275],"heiðarbyggð 30":[65.70659,-18.04352],"kotabyggð 37":[65.67605,-18.04175],"kotabyggð 45":[65.67831,-18.03796],"kotabyggð 40":[65.67832,-18.03873],"kotabyggð 44":[65.67882,-18.0381],"vaðlaborgir 16":[65.67772,-18.03301],"vaðlaborgir 15":[65.67854,-18.03324],"vaðlaborgir 14":[65.67889,-18.03338],"sólheimar 7":[65.70561,-18.06692],"sólheimar 3":[65.70451,-18.06546],"heiðarbyggð 26":[65.70761,-18.04327],"heiðarbyggð 37":[65.70513,-18.04584],"heiðarbyggð 39":[65.7074,-18.04635],"heiðarbyggð 29":[65.70668,-18.04437],"vaðlabrekka 7":[65.68276,-18.04583],"vaðlabrekka 3":[65.68363,-18.04584],"brautarhóll 2":[65.75823,-18.07568],"vaðlabyggð 10":[65.68217,-18.03893],"kotabyggð 14":[65.67773,-18.0409],"kotabyggð 7":[65.67872,-18.04127],"vaðlabyggð 4":[65.68038,-18.03833],"vaðlabyggð 3":[65.68051,-18.03939],"kotabyggð 6":[65.67936,-18.0406],"vaðlabrekka 12":[65.67923,-18.04435],"sveinbjarnargerði 2c":[65.78054,-18.06296],"hallland 3":[65.68824,-18.04415],"kotabyggð 22":[65.67792,-18.04183],"mógil 1":[65.74136,-18.08173],"svalbarðseyrarvegur 8":[65.74221,-18.08486],"svalbarðseyrarvegur 23":[65.74262,-18.0852],"svalbarðseyrarvegur 15":[65.74312,-18.08535],"svalbarðseyrarvegur 1":[65.74436,-18.08692],"svalbarðseyrarvegur 7a":[65.74375,-18.08736],"eyrargata 2":[65.74465,-18.08899],"smáratún 3":[65.74623,-18.08453],"smáratún 7":[65.7466,-18.0841],"smáratún 4":[65.74614,-18.08333],"smáratún 6":[65.74636,-18.08328],"smáratún 12":[65.747,-18.08317],"smáratún 16b":[65.74757,-18.0831],"smáratún 16a":[65.74764,-18.08332],"laugartún 6b":[65.74659,-18.08176],"laugartún 6c":[65.74669,-18.08174],"laugartún 10":[65.74697,-18.08169],"laugartún 14":[65.74726,-18.08161],"laugartún 16":[65.74779,-18.08133],"laugartún 9":[65.74661,-18.08259],"laugartún 11":[65.74685,-18.0825],"laugartún 2":[65.74617,-18.08192],"laugartún 19a":[65.74792,-18.08311],"laugartún 19e":[65.74774,-18.0824],"laugartún 19g":[65.74766,-18.08212],"kotabyggð 2":[65.67779,-18.03994],"kotabyggð 21":[65.67861,-18.04222],"kotabyggð 25":[65.67696,-18.04145],"kotabyggð 8":[65.6785,-18.04083],"mógil 2":[65.74128,-18.07744],"höfn 5":[65.69984,-18.06081],"heiðarbyggð 12a":[65.71201,-18.04118],"vaðlaborgir 13":[65.67925,-18.0335],"vaðlaborgir 17":[65.67736,-18.03282],"vaðlaborgir 19":[65.67665,-18.03261],"kotabyggð 46":[65.67794,-18.0379],"kotabyggð 38":[65.67618,-18.04088],"sveinbjarnargerði 2d":[65.78099,-18.06227],"kotabyggð 3":[65.67734,-18.04005],"svalbarðseyrarvegur 10a":[65.74192,-18.08442],"svalbarðseyrarvegur 21":[65.74285,-18.08519],"svalbarðseyrarvegur 7b":[65.74365,-18.08702],"sjávargata 5":[65.74365,-18.08944],"eyrargata 4":[65.74438,-18.08928],"smáratún 5":[65.74637,-18.08413],"smáratún 9":[65.74684,-18.08405],"smáratún 8":[65.74659,-18.08325],"laugartún 13":[65.74712,-18.08247],"laugartún 4":[65.74625,-18.0819],"laugartún 19b":[65.74788,-18.08296],"laugartún 19d":[65.74777,-18.08251],"laugartún 19f":[65.74769,-18.08227],"laugartún 21":[65.7479,-18.08172],"laugartún 25":[65.74799,-18.08204],"höfn 2":[65.69942,-18.06074],"kotabyggð 20":[65.67916,-18.04233],"kotabyggð 24":[65.67742,-18.04144],"kotabyggð 12":[65.67907,-18.04148],"kotabyggð 9":[65.68026,-18.04211],"kotabyggð 1":[65.67819,-18.03986],"sólheimar 9":[65.70622,-18.06716],"sólheimar 5":[65.70505,-18.06635],"sólheimar 1":[65.7033,-18.06448],"heiðarbyggð 28":[65.70713,-18.04341],"heiðarbyggð 40":[65.70696,-18.04624],"heiðarbyggð 27":[65.70716,-18.04434],"heiðarbyggð 38":[65.70519,-18.04483],"heiðarbyggð 32":[65.70614,-18.043],"heiðarbyggð 25":[65.70761,-18.04424],"kotabyggð 43":[65.67686,-18.03918],"kotabyggð 42":[65.67733,-18.03906],"vaðlabrekka 9":[65.6822,-18.04574],"vaðlabrekka 6":[65.68252,-18.04488],"vaðlabrekka 2":[65.68354,-18.04491],"kotabyggð 26":[65.67833,-18.04306],"vaðlabyggð 1":[65.68007,-18.03949],"vaðlabyggð 8":[65.68115,-18.03882],"vaðlabrekka 15":[65.68068,-18.04575],"sveinbjarnargerði 2a":[65.77977,-18.06212],"sólheimar 4":[65.706,-18.06584],"vaðlabyggð 2":[65.67981,-18.03854],"vaðlabyggð 6":[65.68035,-18.03668],"kotabyggð 15":[65.6773,-18.04083],"kotabyggð 13":[65.67808,-18.04094],"kotabyggð 5":[65.67914,-18.03934],"kotabyggð 4":[65.67684,-18.04013],"vaðlaborgir 18":[65.67698,-18.03273],"vaðlaklif 2":[65.68403,-18.04289],"vaðlaklif 3":[65.68454,-18.04287],"vaðlaklif 4":[65.68504,-18.04267],"vaðlaklif 5":[65.68551,-18.04253],"vaðlaklif 6":[65.68598,-18.0424],"svalbarðseyrarvegur 13c":[65.74331,-18.08605],"svalbarðseyrarvegur 10b":[65.7416,-18.08412],"meyjarhóll 2":[65.70181,-18.05262],"hallland 1":[65.68876,-18.0446],"hallland 4":[65.68752,-18.04429],"litli hvammur 2":[65.71356,-18.0684],"sveinbjarnargerði 2e":[65.7813,-18.0642],"tunga lóð nr. 3":[65.75264,-18.05729],"tunga lóð nr. 2":[65.75247,-18.0591],"heiðarbyggð 36":[65.70553,-18.04345],"kotabyggð 48":[65.67696,-18.03806],"kotabyggð 47":[65.67732,-18.03805],"hallland 7":[65.68525,-18.04798],"laugartún 7":[65.74635,-18.08267],"vaðlabyggð 5":[65.67979,-18.03704],"kotabyggð 16":[65.67676,-18.04085],"vaðlabyggð 9":[65.68179,-18.03847],"vaðlabyggð 7":[65.68107,-18.03971],"heiðarbyggð 35":[65.70565,-18.04582],"heiðarbyggð 31":[65.70616,-18.04485],"vaðlabrekka 11":[65.68165,-18.04544],"vaðlabrekka 1":[65.68404,-18.04594],"sólberg 1":[65.70798,-18.06422],"sólheimar 11":[65.70651,-18.06796],"smáratún 2":[65.74591,-18.0834],"kotabyggð 34":[65.67692,-18.04267],"kotabyggð 41":[65.6778,-18.03887],"laugartún 1":[65.74589,-18.08278],"kotabyggð 27":[65.67764,-18.04272],"vaðlabrekka 4":[65.68303,-18.04469],"veigastaðir 2":[65.67811,-18.04811],"vaðlabrekka 5":[65.68312,-18.04591],"þórisstaðir 2":[65.7735,-18.07832],"þórisstaðir 3":[65.7728,-18.08066],"vaðlaborgir 20":[65.67954,-18.03272],"helgafell 2":[65.75235,-18.08771],"svalbarðseyrarvegur 25":[65.7423,-18.0839],"sjávargata 1":[65.74299,-18.0875],"þórsmörk 2":[65.7765,-18.06761],"eyrargata 6":[65.74413,-18.08935],"smáratún 1":[65.74593,-18.08423],"smáratún 11":[65.74704,-18.08406],"smáratún 10":[65.74679,-18.08322],"smáratún 14":[65.7472,-18.08312],"laugartún 6a":[65.74646,-18.08179],"laugartún 8":[65.74686,-18.08171],"laugartún 18":[65.74775,-18.08116],"laugartún 15":[65.74736,-18.08246],"laugartún 19c":[65.74784,-18.08281],"laugartún 23":[65.74794,-18.08187],"kotabyggð 35":[65.67644,-18.04202],"hallland 2":[65.68793,-18.04379],"kotabyggð 11":[65.67942,-18.04175],"kotabyggð 10":[65.67975,-18.04198],"bakkatún 7":[65.74901,-18.0867],"bakkatún 10":[65.74868,-18.08588],"tjarnartún 2":[65.74953,-18.0885],"svalbarðseyrarvegur 4":[65.7432,-18.08721],"geldingsárhlíð 4":[65.70718,-18.05283],"geldingsárhlíð 5":[65.70807,-18.053],"veigastaðir 1m":[65.6821,-18.03506],"heiðarsól 13":[65.70873,-18.04052],"heiðarsól 15":[65.70913,-18.04049],"heiðarsól 17":[65.70963,-18.04024],"heiðarsól 19":[65.71011,-18.04027],"heiðarsól 21":[65.71039,-18.04029],"heiðarsól 23":[65.7108,-18.04036],"heiðarsól 25":[65.71115,-18.04032],"gautsstaðir 2":[65.76727,-18.07396],"bakkatún 2":[65.74869,-18.0881],"bakkatún 3":[65.74879,-18.08745],"bakkatún 4":[65.74845,-18.08771],"bakkatún 5":[65.74883,-18.08656],"bakkatún 6":[65.74832,-18.08717],"bakkatún 8":[65.74848,-18.08633],"bakkatún 9":[65.7493,-18.08676],"bakkatún 12":[65.74894,-18.08586],"tjarnartún 8":[65.75053,-18.08888],"tjarnartún 10":[65.75083,-18.08897],"tunga lóð nr. 1":[65.7525,-18.06039],"laugartún 3":[65.74603,-18.08274],"veigastaðir 3a":[65.68418,-18.03863],"veigastaðir 3b":[65.68554,-18.03101],"bakkatún 1":[65.74919,-18.08775],"bakkatún 20a":[65.75024,-18.0863],"bakkatún 20b":[65.7504,-18.08632],"kotabyggð 1b":[65.67855,-18.03973],"hallland 5":[65.68899,-18.04519],"sólheimar 19":[65.70812,-18.06977],"sólheimar 21":[65.70861,-18.07006],"sólheimar 10":[65.70824,-18.06868],"laugartún 12":[65.74714,-18.08164],"heiðarbyggð 33":[65.70639,-18.04591],"tjarnartún 4a":[65.74987,-18.08858],"tjarnartún 4b":[65.75,-18.08863],"tjarnartún 6a":[65.75014,-18.08869],