{"höfðabyggð e 25":[65.68219,-17.86657],"lundur 2":[65.69189,-17.87362],"bjarkargerði 9":[65.71728,-17.91208],"hafragil 1a":[65.71429,-17.90682],"kotungsstaðir 4":[65.62686,-17.83452],"brettingsstaðir 2":[66.11872,-17.91347],"skógaland 11":[65.72176,-17.91608],"reykir 1":[65.57927,-17.77158],"skógamelar 15":[65.72414,-17.90576],"hróarstunga 1":[65.71521,-17.90566],"reykjatröð 2":[65.58959,-17.7635],"skógaland 12":[65.72198,-17.91465],"kotungsstaðir 2":[65.62938,-17.83816],"vatnsleysa 1":[65.78254,-17.91483],"reykjatröð 6":[65.59071,-17.76289],"merkjagróf 3":[65.71595,-17.91234],"kotungsstaðir 3":[65.62861,-17.83831],"kambsstaðir 1":[65.70676,-17.76073],"bjarkargerði 7":[65.71662,-17.91359],"stekkjarbyggð 23":[65.68467,-17.87139],"stekkjarbyggð 8":[65.68379,-17.87117],"stekkjarbyggð 11":[65.6834,-17.86777],"stekkjarbyggð 21":[65.68384,-17.87279],"stekkjarbyggð 9":[65.68411,-17.86918],"stekkjarbyggð 17":[65.68495,-17.86813],"stekkjarbyggð 16":[65.68488,-17.86651],"stekkjarbyggð 20":[65.68365,-17.8744],"stekkjarbyggð 4":[65.68271,-17.87071],"stekkjarbyggð 25":[65.6853,-17.87149],"stekkjarbyggð 13":[65.68318,-17.86604],"stekkjarbyggð 18":[65.68291,-17.87413],"stekkjarbyggð 12":[65.68371,-17.86618],"stekkjarbyggð 5":[65.68219,-17.87059],"stekkjarbyggð 7":[65.68239,-17.86939],"stekkjarbyggð 10":[65.68423,-17.86805],"stekkjarbyggð 15":[65.6843,-17.86635],"stekkjarbyggð 14":[65.68265,-17.86771],"stekkjarbyggð 19":[65.68333,-17.87264],"stekkjarbyggð 2":[65.68224,-17.87372],"stekkjarbyggð 22":[65.68468,-17.87416],"stekkjarbyggð 1":[65.68174,-17.87233],"stekkjarbyggð 3":[65.68264,-17.87204],"stekkjarbyggð 24":[65.68498,-17.87298],"bjarkargerði 6":[65.71667,-17.91228],"bjarkargerði 8":[65.71726,-17.9138],"grænahlíð 2":[65.67907,-17.88174],"fornhólar 1":[65.74777,-17.83732],"kotungsstaðir 5":[65.6243,-17.83398],"grundarmelur 3":[65.71304,-17.74394],"illugastaðaslóð 11":[65.61754,-17.8179],"illugastaðaslóð 13":[65.6178,-17.81849],"skógamelar 1":[65.72482,-17.91012],"skógamelar 2":[65.72624,-17.90729],"skógamelar 3":[65.72569,-17.90902],"skógamelar 4":[65.72573,-17.90675],"skógamelar 5":[65.72627,-17.90883],"skógamelar 6":[65.7251,-17.90706],"skógamelar 7":[65.72509,-17.90867],"skógamelar 8":[65.72427,-17.90987],"skógamelar 9":[65.72438,-17.90859],"skógamelar 10":[65.72453,-17.90634],"skógamelar 11":[65.72508,-17.90558],"reykir 2":[65.57614,-17.76333],"reykjatröð 8":[65.59143,-17.7639],"reykjatröð 5":[65.59036,-17.7645],"reykjatröð 4":[65.58942,-17.76163],"reykjatröð 1":[65.58924,-17.76453],"reykjatröð 3":[65.58985,-17.7646],"reykjatröð 7":[65.59091,-17.76481],"reykjatröð 9":[65.59147,-17.76511],"illugastaðaslóð 18":[65.61845,-17.81983],"hólsvirkjun 1":[65.85466,-17.89558],"illugastaðaslóð 4":[65.61796,-17.81733],"illugastaðaslóð 28":[65.62232,-17.81777],"illugastaðaslóð 29":[65.62212,-17.8178],"brettingsstaðir 1":[66.11907,-17.91106],"merkjagróf 1":[65.71588,-17.91122],"illugastaðaslóð 3":[65.61814,-17.81752],"illugastaðaslóð 6":[65.61763,-17.81702],"illugastaðaslóð 15":[65.61805,-17.81902],"illugastaðaslóð 22":[65.62145,-17.81757],"illugastaðaslóð 23":[65.6217,-17.81743],"stekkjarbyggð 6":[65.68298,-17.86948],"stekkjarbyggð 26":[65.68517,-17.86982],"illugastaðaslóð 30":[65.6219,-17.81802],"skógahlíð 1":[65.72565,-17.91464],"skógahlíð 2":[65.72511,-17.91447],"skógahlíð 3":[65.72539,-17.91569],"skógahlíð 4":[65.72445,-17.91528],"skógahlíð 5":[65.72539,-17.91732],"skógahlíð 6":[65.72418,-17.91617],"skógahlíð 7":[65.72464,-17.9164],"skógahlíð 8":[65.72407,-17.91745],"skógahlíð 9":[65.72454,-17.91764],"hafragil 5":[65.71453,-17.91071],"hróarstunga 2":[65.7156,-17.90621],"hafragil 3a":[65.71492,-17.90861],"hafragil 3b":[65.71447,-17.90848],"hróarstunga 3":[65.71617,-17.90629],"hafragil 4":[65.71491,-17.90954],"hafragil 2":[65.714,-17.90782],"hróarsstaðir 2":[65.70996,-17.9003],"grundarmelur 1":[65.71332,-17.74132],"illugastaðaslóð 20":[65.61907,-17.81813],"fnjóskárslóð 1":[65.62027,-17.81578],"lundur 4":[65.68903,-17.86655],"lundur 1":[65.68877,-17.86893],"illugastaðaslóð 17":[65.61833,-17.81958],"illugastaðaslóð 24":[65.62195,-17.81726],"illugastaðaslóð 10":[65.61742,-17.81764],"illugastaðaslóð 32":[65.62144,-17.81833],"skógamelar 12":[65.72353,-17.9099],"skógamelar 13":[65.72376,-17.90865],"skógamelar 14":[65.72392,-17.90732],"illugastaðaslóð 9":[65.61731,-17.81736],"illugastaðaslóð 12":[65.6177,-17.81817],"illugastaðaslóð 2":[65.61817,-17.81793],"illugastaðaslóð 5":[65.6178,-17.81719],"illugastaðaslóð 7":[65.61747,-17.8169],"illugastaðaslóð 16":[65.61819,-17.8193],"illugastaðaslóð 25":[65.62213,-17.81715],"illugastaðaslóð 26":[65.62239,-17.81687],"veturliðastaðir 2":[65.69111,-17.8901],"hróarsstaðir 1":[65.71007,-17.90163],"lundur 5":[65.68993,-17.87103],"hafragil 1b":[65.71427,-17.90676],"fnjóskárslóð 2":[65.62186,-17.81626],"illugastaðaslóð 21":[65.62119,-17.81775],"illugastaðaslóð 1":[65.61816,-17.81841],"illugastaðaslóð 8":[65.61716,-17.81705],"illugastaðaslóð 27":[65.62253,-17.8176],"illugastaðaslóð 31":[65.62164,-17.81812],"merkjagróf 2":[65.71558,-17.91051],"illugastaðaslóð 14":[65.61793,-17.81875],"illugastaðaslóð 19":[65.61862,-17.81991],"merkjagróf 4":[65.71526,-17.9119]}