{"lækjarvellir 20":[65.94939,-18.17704],"lækjarvellir 16":[65.94901,-18.17758],"lækjarvellir 17":[65.9495,-18.17798],"kaplaskjól 5":[65.94368,-18.17971],"melgata 4b":[65.946,-18.18493],"ægissíða 39":[65.9514,-18.17834],"ægissíða 24":[65.95013,-18.18096],"ægissíða 22":[65.94967,-18.18141],"ægissíða 18":[65.94913,-18.18193],"ægissíða 31":[65.9505,-18.17951],"ægissíða 27":[65.95,-18.18023],"ægissíða 23":[65.94938,-18.18065],"ægissíða 19":[65.949,-18.18119],"ægissíða 15":[65.94837,-18.18196],"ægissíða 13":[65.94818,-18.18227],"ægissíða 14":[65.94846,-18.18264],"ægissíða 10":[65.9481,-18.18322],"ægissíða 3":[65.947,-18.18453],"túngata 3":[65.94679,-18.18137],"melgata 1":[65.94585,-18.18588],"melgata 3":[65.94571,-18.18525],"melgata 5":[65.9456,-18.18466],"melgata 6":[65.94593,-18.18436],"melgata 8":[65.94584,-18.18386],"melgata 10":[65.94584,-18.18331],"höfðagata 8":[65.94524,-18.18458],"höfðagata 9":[65.9447,-18.18425],"stórasvæði 3":[65.94603,-18.18124],"stórasvæði 6":[65.94558,-18.18167],"höfðagata 16":[65.94508,-18.18226],"hafnargata 3":[65.95229,-18.17974],"lundsbraut 2":[65.95199,-18.17764],"lundsbraut 4b":[65.95168,-18.17625],"lækjarvellir 4":[65.94758,-18.17864],"lækjarvellir 10":[65.94838,-18.17842],"lækjarvellir 14":[65.94879,-18.17796],"lækjarvellir 7":[65.94832,-18.17945],"kaplaskjól 2":[65.94362,-18.17815],"miðgarðar 4":[65.94634,-18.18444],"miðgarðar 6":[65.9463,-18.18398],"miðgarðar 10":[65.94616,-18.18308],"miðgarðar 14":[65.94622,-18.18257],"miðgarðar 2":[65.94645,-18.18496],"miðgarðar 8":[65.94627,-18.18376],"melgata 2":[65.9462,-18.18521],"túngata 7b":[65.94749,-18.18135],"túngata 9b":[65.94761,-18.18117],"túngata 11b":[65.94797,-18.18072],"túngata 13b":[65.9481,-18.18058],"túngata 8":[65.94742,-18.18236],"túngata 10":[65.94769,-18.18211],"túngata 12":[65.94789,-18.18184],"túngata 14":[65.94812,-18.18146],"túngata 16":[65.94836,-18.18121],"lækjarvellir 6":[65.94789,-18.17892],"túngata 17":[65.94861,-18.1799],"túngata 19":[65.94885,-18.17959],"túngata 21":[65.94911,-18.17934],"túngata 23":[65.94938,-18.179],"túngata 20":[65.94882,-18.18058],"túngata 22":[65.94909,-18.18029],"túngata 24":[65.94928,-18.18015],"túngata 26":[65.94956,-18.1797],"túngata 28":[65.94978,-18.17949],"túngata 30":[65.95001,-18.17911],"túngata 25":[65.94963,-18.17869],"ægissíða 34":[65.95115,-18.17971],"ægissíða 30":[65.9508,-18.18058],"ægissíða 28":[65.95054,-18.18039],"lækjarvellir 13":[65.94903,-18.17857],"ægissíða 26":[65.95039,-18.18071],"ægissíða 20":[65.94935,-18.18171],"ægissíða 16":[65.94888,-18.18223],"ægissíða 29":[65.95013,-18.1799],"ægissíða 25":[65.94965,-18.18053],"ægissíða 21":[65.94918,-18.18085],"ægissíða 17":[65.94865,-18.18162],"ægissíða 11":[65.94793,-18.1827],"ægissíða 12":[65.94827,-18.18293],"ægissíða 8":[65.94776,-18.18378],"ægissíða 7":[65.94732,-18.18359],"túngata 2":[65.94671,-18.18291],"melgata 4a":[65.94603,-18.18513],"melgata 7":[65.94551,-18.18394],"melgata 9":[65.94548,-18.18332],"melgata 11":[65.94551,-18.18258],"ægissíða 9a":[65.94762,-18.18328],"sæland 4":[65.94596,-18.18652],"túngata 7a":[65.94744,-18.18139],"túngata 9a":[65.94755,-18.18126],"túngata 11a":[65.94793,-18.18081],"túngata 13a":[65.94804,-18.18067],"túngata 15":[65.94839,-18.18024],"stórasvæði 4":[65.94595,-18.18201],"höfðagata 12":[65.94495,-18.18341],"stórasvæði 1":[65.94619,-18.18159],"stórasvæði 8":[65.94542,-18.18111],"melgata 13":[65.94529,-18.18175],"hafnargata 1":[65.95218,-18.17871],"hafnargata 5":[65.95271,-18.18026],"lundsbraut 4a":[65.95175,-18.17649],"lækjarvellir 2":[65.94745,-18.17851],"lækjarvellir 8":[65.94818,-18.17869],"lækjarvellir 12":[65.94852,-18.17826],"lækjarvellir 11":[65.94884,-18.17884],"túngata 27":[65.94986,-18.1783],"ægissíða 32":[65.9509,-18.17996],"höfðagata 3b":[65.94504,-18.18569],"höfðagata 3c":[65.94501,-18.18554],"höfðagata 5a":[65.94498,-18.1854],"höfðagata 5b":[65.94495,-18.18527],"lækjarvellir 9":[65.94854,-18.1792],"kaplaskjól 3":[65.94376,-18.17909],"lækjarvellir 5":[65.94807,-18.17986],"ægissíða 9b":[65.94773,-18.18304],"lækjarvellir 1a":[65.94729,-18.17912],"sæland 8":[65.94552,-18.18709],"sæland 2":[65.94649,-18.18589],"sæland 6":[65.94576,-18.18695],"sæland 12":[65.94501,-18.1878],"sæland 10":[65.94527,-18.18746],"höfðagata 10":[65.94503,-18.18384],"höfðagata 11":[65.94463,-18.18366],"hafnargata 1b":[65.95218,-18.17871],"hafnargata 1c":[65.95235,-18.17895],"ægissíða 37":[65.95116,-18.17876],"melgata 12":[65.94585,-18.18276],"miðgarðar 16":[65.94622,-18.18238],"túngata 18":[65.9486,-18.18087],"höfðagata 1b":[65.94521,-18.18626],"ægissíða 14b":[65.94864,-18.18241],"höfðagata 1a":[65.94524,-18.1864],"ægissíða 6":[65.94749,-18.18425],"kaplaskjól 9":[65.94373,-18.18126],"höfðagata 4":[65.94537,-18.18555],"höfðagata 6":[65.94526,-18.18496],"lækjarvellir 3":[65.94763,-18.17954],"kirkjuvegur 1c":[65.95035,-18.17862],"kirkjuvegur 1d":[65.95032,-18.17847],"kirkjuvegur 1b":[65.95038,-18.17875],"kirkjuvegur 1a":[65.95041,-18.1789],"höfðagata 2a":[65.94554,-18.18626],"lækjarvellir 1b":[65.94735,-18.17919],"höfðagata 7":[65.94485,-18.1848],"höfðagata 2b":[65.94549,-18.18594],"akurbakkavegur 9":[65.95422,-18.18212],"akurbakkavegur 7":[65.95408,-18.18137]}