{"hafnargata 21":[66.53672,-18.00805],"vallargata 1":[66.53792,-18.00933],"vallargata 5":[66.53836,-18.01031],"vallargata 11":[66.53917,-18.01178],"hafnargata 3":[66.53801,-18.01061],"hafnargata 15":[66.53927,-18.0132],"öldutún 3":[66.53955,-18.01973],"vallargata 7":[66.53868,-18.01084],"vallargata 15":[66.53938,-18.01236],"vallargata 3":[66.53814,-18.0098],"vallargata 9":[66.53894,-18.01139],"hafnargata 1":[66.53779,-18.01015],"hafnargata 5":[66.53819,-18.01092],"hafnargata 13":[66.53918,-18.013],"hafnargata 17":[66.53937,-18.01335],"öldutún 1":[66.53968,-18.01916],"öldutún 2":[66.54004,-18.01957],"sveintún 2":[66.53564,-18.00362],"miðgarðar 1":[66.53417,-17.99891],"öldutún 4":[66.5398,-18.02062],"hafnargata 7":[66.53842,-18.01143],"vallargata 13":[66.5393,-18.01219]}