{"grýtubakki 2":[65.92938,-18.10285],"grýtubakki 3":[65.93315,-18.1132],"höfði 2":[65.91473,-18.16226],"höfði 1":[65.91452,-18.16503],"sunnuhlíð 2":[65.95424,-18.17742],"sunnuhlíð 3":[65.95318,-18.17214],"sunnuhlíð 18":[65.95449,-18.16333],"sunnuhlíð 12":[65.95437,-18.16791],"sunnuhlíð 17":[65.95338,-18.16501],"sunnuhlíð 19":[65.95387,-18.16342],"miðvík 1":[65.81554,-18.04938],"miðvík 2":[65.8155,-18.04974],"syðri-grund 2":[65.91018,-18.07051],"sunnuhlíð 10":[65.95434,-18.16982],"sunnuhlíð 9":[65.95359,-18.17016],"sunnuhlíð 11":[65.95364,-18.16905],"sunnuhlíð 1":[65.95469,-18.17837],"sunnuhlíð 5":[65.95293,-18.17061],"sunnuhlíð 6":[65.95444,-18.1741],"sunnuhlíð 16":[65.95423,-18.16476],"grýtubakki 2b":[65.92901,-18.10209],"borgir 4":[65.93398,-18.10993],"borgir 1":[65.93438,-18.11414],"sunnuhlíð 4":[65.95372,-18.1742],"sunnuhlíð 14":[65.95438,-18.16651],"finnastaðir 2":[65.96687,-18.20933],"sunnuhlíð 7":[65.95244,-18.17091],"sunnuhlíð 13":[65.95374,-18.16745],"sunnuhlíð 15":[65.95325,-18.16627],"syðri-grund 3":[65.91035,-18.07125],"grýtubakki 1":[65.93167,-18.10879],"ártún 2":[65.9063,-18.06626],"borgir 2":[65.9347,-18.11294],"borgir 3":[65.93472,-18.11137],"sunnuhlíð 8":[65.95431,-18.17134],"heiðarbrún 1":[65.94295,-18.09484],"fagribær 2":[65.86006,-18.07537]}