{"lyngholt 12":[65.92602,-18.31101],"lyngholt 4":[65.92552,-18.31036],"klapparstígur 11":[65.92546,-18.30788],"klapparstígur 14":[65.9258,-18.30745],"klapparstígur 16":[65.92607,-18.30786],"klapparstígur 7":[65.92482,-18.30709],"klapparstígur 5":[65.92474,-18.30698],"klapparstígur 3":[65.92464,-18.30685],"klapparstígur 1":[65.92457,-18.30674],"klapparstígur 2":[65.92473,-18.30601],"nesvegur 1":[65.9244,-18.30468],"nesvegur 2":[65.92463,-18.30514],"nesvegur 6":[65.92448,-18.3056],"aðalgata 13":[65.92491,-18.30544],"aðalgata 15":[65.92537,-18.30602],"aðalgata 6":[65.9241,-18.3032],"aðalgata 4":[65.92379,-18.30276],"aðalgata 1":[65.92317,-18.30291],"aðalgata 3":[65.92343,-18.30313],"aðalgata 7":[65.92397,-18.30364],"hafnargata 4":[65.92366,-18.30152],"hafnargata 3":[65.92339,-18.30091],"sjávargata 6a":[65.94548,-18.35855],"ægisgata 25":[65.9446,-18.35798],"ægisgata 21":[65.94427,-18.35632],"ægisgata 13":[65.94453,-18.35264],"ægisgata 9":[65.94456,-18.35134],"aðalbraut 1":[65.9445,-18.34721],"aðalbraut 3":[65.94425,-18.34753],"aðalbraut 6":[65.94424,-18.34847],"aðalbraut 8":[65.94383,-18.34864],"aðalbraut 12":[65.94342,-18.34906],"aðalbraut 9":[65.94277,-18.34866],"aðalbraut 11":[65.94252,-18.34887],"öldugata 4a":[65.9443,-18.3497],"öldugata 9":[65.94397,-18.35079],"öldugata 13":[65.94395,-18.35151],"öldugata 17":[65.94394,-18.35202],"öldugata 21":[65.94394,-18.35274],"öldugata 25":[65.94389,-18.3534],"öldugata 29":[65.94388,-18.35376],"lyngholt 1":[65.9252,-18.31094],"lyngholt 3":[65.9254,-18.31118],"ásholt 1":[65.92544,-18.30953],"ásholt 3":[65.92568,-18.30983],"ásholt 5":[65.9259,-18.31015],"ásholt 8":[65.92622,-18.30957],"ásholt 4b":[65.92578,-18.30904],"klapparstígur 15":[65.92591,-18.30851],"klapparstígur 19":[65.92629,-18.30904],"sjávargata 2":[65.94513,-18.35737],"sjávargata 6":[65.94529,-18.35856],"melar 2":[65.86272,-18.66001],"ægisgata 5":[65.94476,-18.35004],"öldugata 12c":[65.94424,-18.35304],"öldugata 22":[65.94409,-18.35722],"fossbrún 2":[65.92537,-18.35492],"holtsgata 1":[65.94959,-18.55728],"hofsárkot 2":[65.88412,-18.57566],"skáldalækur 1":[65.94532,-18.53217],"skáldalækur 2":[65.94487,-18.53266],"fossbrún 6a":[65.92624,-18.35312],"fossbrún 6b":[65.92643,-18.35259],"sjávargata 8":[65.9454,-18.35937],"garðatröð 4":[65.94732,-18.51978],"ásvegur 1":[65.92534,-18.30834],"ásvegur 5":[65.92504,-18.30963],"ægisgata 3":[65.94478,-18.34943],"öldugata 5":[65.94397,-18.34982],"öldugata 6":[65.94433,-18.35045],"öldugata 7":[65.94398,-18.35008],"hamarkot 2":[65.94432,-18.50564],"öldugata 4b":[65.94434,-18.3497],"öldugata 4c":[65.94441,-18.34972],"ytra-kálfsskinn 2":[65.91174,-18.32361],"melbrún 2":[65.92505,-18.35363],"öldugata 18":[65.94425,-18.35487],"nesvegur 4":[65.92449,-18.30558],"aðalgata 11":[65.92493,-18.30486],"aðalgata 8a":[65.92435,-18.30347],"aðalgata 8b":[65.9244,-18.30356],"aðalgata 2":[65.92355,-18.30255],"aðalgata 5":[65.92371,-18.30334],"hafnargata 2":[65.92369,-18.30105],"hafnargata 6":[65.92355,-18.30187],"sjávargata 6b":[65.94556,-18.35806],"ægisgata 23":[65.94425,-18.35687],"ægisgata 19":[65.9445,-18.35497],"ægisgata 15":[65.94466,-18.35332],"ægisgata 11":[65.94449,-18.35194],"ægisgata 7":[65.94455,-18.35071],"aðalbraut 2":[65.94476,-18.34828],"aðalbraut 4":[65.94447,-18.34836],"öldugata 15":[65.94393,-18.35186],"öldugata 19":[65.94391,-18.35259],"öldugata 23":[65.94392,-18.35301],"öldugata 27":[65.94391,-18.35356],"ægisgata 31":[65.94506,-18.36271],"lyngholt 2":[65.92535,-18.31001],"lyngholt 5":[65.92568,-18.31152],"ásholt 2a":[65.9256,-18.3088],"ásholt 4a":[65.92572,-18.30899],"ásholt 6":[65.92602,-18.30934],"ásholt 2b":[65.92567,-18.30886],"klapparstígur 13":[65.92572,-18.30827],"klapparstígur 17":[65.92609,-18.30881],"brekkukot 1":[65.9192,-18.57974],"klængshóll 2":[65.7981,-18.60572],"lyngholt 6":[65.92559,-18.31045],"lyngholt 8":[65.92566,-18.31055],"öldugata 1":[65.94391,-18.34936],"öldugata 3":[65.94395,-18.34953],"öldugata 10":[65.94428,-18.35197],"öldugata 11":[65.94395,-18.35134],"lyngholt 10":[65.92573,-18.31064],"ásvegur 3":[65.92515,-18.3091],"ásvegur 7":[65.92487,-18.31038],"jarðbrú 1":[65.91993,-18.57379],"aðalgata 10":[65.92475,-18.30346],"hátún 1":[65.91172,-18.32639],"öldugata 14":[65.94422,-18.35375],"ægisgata 1":[65.94476,-18.34874],"göngustaðir 2":[65.86221,-18.7905],"ytra-kálfsskinn 1":[65.9107,-18.32447],"öldugata 12":[65.94426,-18.35252],"holtsgata 22":[65.95133,-18.56022],"öldugata 12b":[65.94425,-18.3528],"hóll 1":[65.86272,-18.72155],"lækjarbakki 1":[65.94833,-18.37158],"lækjarbakki 2":[65.9465,-18.36745],"lækjarbakki 3":[65.94588,-18.3663],"lækjarbakki 4":[65.94487,-18.3647],"öldugata 8":[65.94427,-18.35123],"garðatröð 2":[65.94722,-18.52165],"dælisskógur 2":[65.85514,-18.61367],"dælisskógur 1":[65.85748,-18.61596],"álfhólströð 8":[65.94638,-18.51415],"aðalbraut 14":[65.94308,-18.34936],"ægisgata 17":[65.94452,-18.35398],"þorsteinsstaðir 2":[65.85592,-18.81398],"húsabakki 2":[65.92337,-18.56824],"ægisgata 19a":[65.94453,-18.35563],"aðalbraut 16":[65.94274,-18.34963],"öldugata 4d":[65.94444,-18.34974],"klaufabrekkur 3":[65.86487,-18.74687],"garðatröð 1c":[65.94834,-18.52313],"garðatröð 1a":[65.94768,-18.52256],"öldugata 2a":[65.94429,-18.34931],"göngustaðakot 2":[65.86347,-18.77018],"klaufabrekkur 4":[65.864,-18.74723],"öldugata 2b":[65.94436,-18.3493],"öldugata 2c":[65.94444,-18.3493],"húsabakki 1":[65.92383,-18.56812],"skáldalækur 3":[65.94471,-18.53198],"álfhólströð 16":[65.94623,-18.52066],"hafnargata 6a":[65.92362,-18.30264],"hafnargata 1":[65.92339,-18.30061],"hafnargata 9":[65.9225,-18.3039],"garðatröð 1b":[65.94806,-18.52281],"garðatröð 1d":[65.94857,-18.52227],"öldugata 22a":[65.94428,-18.35722],"hafnargata 6b":[65.9235,-18.302]}