{"austurhöfn 1":[66.07513,-18.64299],"ólafsvegur 44":[66.07162,-18.66005],"ólafsvegur 30":[66.07225,-18.65574],"garðstígur 1":[66.0715,-18.65304],"garðstígur 3":[66.07128,-18.65306],"austurstígur 5":[66.07359,-18.6535],"ægisbyggð 9":[66.0685,-18.66388],"hlíðarvegur 8":[66.07643,-18.63503],"mararbyggð 49":[66.06852,-18.66323],"kirkjuvegur 6b":[66.07324,-18.6476],"múlavegur 3a":[66.0747,-18.64255],"austurstígur 11":[66.07302,-18.65445],"tjarnarstígur 3":[66.06991,-18.64948],"ægisgata 13":[66.06965,-18.65322],"hornbrekkubót 1":[66.06922,-18.65576],"hornbrekkubót 5":[66.06857,-18.65586],"hornbrekkubót 7":[66.06818,-18.65628],"hornbrekkubót 8":[66.06827,-18.65675],"ægisgata 9":[66.07269,-18.65291],"tindaöxl 5":[66.06954,-18.64542],"brekkugata 17":[66.073,-18.64443],"brekkugata 21":[66.07266,-18.645],"brekkugata 25":[66.07231,-18.64538],"brimnesvegur 10":[66.0746,-18.64036],"brimnesvegur 12":[66.07475,-18.63994],"brimnesvegur 14":[66.07492,-18.63941],"brimnesvegur 18":[66.0751,-18.63909],"brimnesvegur 20":[66.07516,-18.63876],"brimnesvegur 22":[66.07532,-18.63836],"brimnesvegur 24":[66.07544,-18.63796],"bylgjubyggð 1":[66.06935,-18.65684],"bylgjubyggð 2":[66.06988,-18.65494],"bylgjubyggð 3":[66.06929,-18.65682],"bylgjubyggð 4":[66.06983,-18.65701],"bylgjubyggð 5":[66.0692,-18.65682],"bylgjubyggð 6":[66.06978,-18.65761],"bylgjubyggð 7":[66.06909,-18.65685],"bylgjubyggð 8":[66.06981,-18.65814],"bylgjubyggð 9":[66.069,-18.65685],"bylgjubyggð 10":[66.06978,-18.65871],"bylgjubyggð 12":[66.0698,-18.65926],"bylgjubyggð 14":[66.0698,-18.65988],"bylgjubyggð 16":[66.06982,-18.6605],"bylgjubyggð 18":[66.06982,-18.66094],"bylgjubyggð 20":[66.06983,-18.66149],"bylgjubyggð 22":[66.06984,-18.66207],"bylgjubyggð 25":[66.06895,-18.65782],"bylgjubyggð 37b":[66.06933,-18.65971],"bylgjubyggð 39b":[66.06919,-18.65974],"bylgjubyggð 43":[66.06904,-18.65974],"bylgjubyggð 47":[66.0688,-18.65974],"bylgjubyggð 51":[66.06934,-18.66055],"bylgjubyggð 55":[66.0692,-18.66053],"bylgjubyggð 59":[66.06905,-18.66049],"bylgjubyggð 63":[66.0693,-18.66128],"bylgjubyggð 67":[66.06905,-18.66122],"ægisgata 2a":[66.0736,-18.65246],"gunnólfsgata 2":[66.07176,-18.65005],"gunnólfsgata 6":[66.07178,-18.65089],"gunnólfsgata 10":[66.0718,-18.65169],"gunnólfsgata 14":[66.07181,-18.65257],"gunnólfsgata 18":[66.07183,-18.65358],"hafnargata 16":[66.07285,-18.65172],"hlíðarvegur 11":[66.07619,-18.63453],"hlíðarvegur 13":[66.07602,-18.63497],"hlíðarvegur 16":[66.07569,-18.63671],"hlíðarvegur 20":[66.07531,-18.63757],"hlíðarvegur 25":[66.07491,-18.63753],"hlíðarvegur 29":[66.07459,-18.63828],"hlíðarvegur 34":[66.0744,-18.6397],"hlíðarvegur 39":[66.07373,-18.64035],"hlíðarvegur 42":[66.07372,-18.64135],"hlíðarvegur 45":[66.07321,-18.64155],"hlíðarvegur 50":[66.07299,-18.64319],"hlíðarvegur 52":[66.07279,-18.64359],"hlíðarvegur 54":[66.0726,-18.64397],"hlíðarvegur 59":[66.0724,-18.64331],"hlíðarvegur 63":[66.07204,-18.64389],"hlíðarvegur 67":[66.07164,-18.64453],"hlíðarvegur 69":[66.07143,-18.64473],"hlíðarvegur 71":[66.07123,-18.64496],"hlíðarvegur 73":[66.07105,-18.64511],"hlíðarvegur 75":[66.07087,-18.64532],"hornbrekkuvegur 1":[66.07211,-18.64554],"hornbrekkuvegur 3":[66.07188,-18.64561],"hornbrekkuvegur 5":[66.07165,-18.64572],"hornbrekkuvegur 7":[66.07145,-18.64579],"hornbrekkuvegur 8":[66.07141,-18.64657],"hornbrekkuvegur 9":[66.07123,-18.64589],"hornbrekkuvegur 10":[66.07121,-18.64653],"hornbrekkuvegur 11":[66.07055,-18.64607],"hornbrekkuvegur 12":[66.07096,-18.64662],"hornbrekkuvegur 13":[66.07035,-18.64623],"hornbrekkuvegur 16":[66.06997,-18.64698],"hrannarbyggð 4":[66.07044,-18.65678],"hrannarbyggð 6":[66.07046,-18.65729],"hrannarbyggð 8":[66.07045,-18.65789],"hrannarbyggð 10":[66.07044,-18.65846],"hrannarbyggð 12":[66.07048,-18.65906],"hrannarbyggð 14":[66.07046,-18.65954],"hrannarbyggð 16":[66.07046,-18.66007],"hrannarbyggð 18":[66.07047,-18.66067],"hrannarbyggð 20":[66.07047,-18.66127],"kirkjuvegur 1":[66.07302,-18.6471],"kirkjuvegur 4":[66.07322,-18.64718],"kirkjuvegur 6a":[66.07323,-18.64745],"kirkjuvegur 9":[66.07319,-18.64899],"kirkjuvegur 11":[66.07322,-18.6493],"kirkjuvegur 13":[66.07326,-18.64966],"kirkjuvegur 14":[66.07342,-18.64923],"kirkjuvegur 16":[66.0735,-18.65003],"kirkjuvegur 18":[66.07357,-18.65065],"aðalgata 44":[66.07108,-18.65661],"aðalgata 48":[66.07109,-18.65779],"aðalgata 50":[66.07109,-18.658],"aðalgata 54":[66.07111,-18.65837],"aðalgata 58":[66.07111,-18.65871],"austurstígur 1":[66.07383,-18.65323],"austurstígur 7":[66.07346,-18.65369],"brekkugata 3":[66.07397,-18.64205],"brekkugata 7":[66.07375,-18.64249],"brekkugata 11":[66.07343,-18.64336],"aðalgata 1":[66.07345,-18.64468],"aðalgata 7":[66.07315,-18.64544],"aðalgata 9":[66.07309,-18.64564],"aðalgata 13":[66.0726,-18.64648],"aðalgata 14":[66.07311,-18.64657],"aðalgata 16":[66.07292,-18.64697],"aðalgata 18":[66.07276,-18.64739],"aðalgata 20":[66.07266,-18.64763],"aðalgata 22":[66.07252,-18.64799],"aðalgata 25":[66.07075,-18.65673],"aðalgata 28":[66.07108,-18.65377],"aðalgata 30":[66.07109,-18.65441],"aðalgata 32":[66.07109,-18.65459],"aðalgata 33":[66.07079,-18.65946],"aðalgata 35":[66.07085,-18.66002],"hafnargata 12":[66.0731,-18.65186],"hafnargata 8":[66.07307,-18.65149],"bylgjubyggð 29":[66.06927,-18.65879],"bylgjubyggð 33":[66.06909,-18.65879],"aðalgata 36":[66.07109,-18.65496],"aðalgata 38":[66.07107,-18.65596],"aðalgata 40":[66.07107,-18.65617],"ólafsvegur 18":[66.07248,-18.65227],"ólafsvegur 20":[66.07248,-18.65252],"ólafsvegur 22":[66.07247,-18.65296],"ólafsvegur 24":[66.07249,-18.65318],"ólafsvegur 25":[66.07174,-18.65628],"ólafsvegur 32":[66.07217,-18.65652],"ólafsvegur 37":[66.07146,-18.6577],"ólafsvegur 39":[66.07147,-18.65796],"ólafsvegur 40":[66.07176,-18.65907],"ólafsvegur 42":[66.07169,-18.65956],"ólafsvegur 43":[66.07147,-18.65849],"ólafsvegur 47":[66.07127,-18.65941],"ólafsvegur 51":[66.07131,-18.66009],"strandgata 2":[66.07354,-18.6453],"strandgata 4":[66.07358,-18.64572],"strandgata 6":[66.07359,-18.64643],"strandgata 8":[66.07363,-18.64678],"strandgata 10":[66.07366,-18.64704],"strandgata 12":[66.07369,-18.64735],"pálsbergsgata 1":[66.07405,-18.64764],"strandgata 19":[66.07359,-18.64897],"strandgata 22":[66.07394,-18.64973],"túngata 1":[66.07038,-18.64707],"túngata 3":[66.07019,-18.64736],"túngata 7":[66.06983,-18.6478],"túngata 11":[66.06937,-18.64794],"túngata 15":[66.06892,-18.64815],"túngata 19":[66.06837,-18.64842],"vesturgata 2":[66.07285,-18.64765],"vesturgata 4":[66.07289,-18.64789],"vesturgata 6":[66.07293,-18.64831],"vesturgata 8":[66.07295,-18.64864],"vesturgata 9":[66.07272,-18.64953],"vesturgata 11":[66.07275,-18.64986],"vesturgata 12":[66.07306,-18.65001],"vesturgata 13":[66.07277,-18.65013],"vesturgata 14":[66.07313,-18.65062],"vesturgata 15":[66.0728,-18.65052],"vesturgata 17":[66.07282,-18.65094],"vesturstígur 1":[66.07385,-18.6538],"vesturstígur 3":[66.07376,-18.65389],"vesturstígur 5":[66.07369,-18.65396],"vesturstígur 7":[66.07362,-18.65405],"aðalgata 2":[66.07369,-18.64481],"ægisbyggð 1":[66.0695,-18.66247],"ægisbyggð 2":[66.071,-18.66161],"ægisbyggð 3":[66.06928,-18.66278],"ægisbyggð 4":[66.07078,-18.66197],"ægisbyggð 6":[66.07047,-18.66246],"ægisbyggð 10":[66.06989,-18.66306],"ægisbyggð 14":[66.06944,-18.66364],"ægisbyggð 18":[66.069,-18.6642],"ægisbyggð 22":[66.06856,-18.66476],"ægisgata 1":[66.07151,-18.6537],"ægisgata 3":[66.0713,-18.65375],"ægisgata 8":[66.07315,-18.65352],"ægisgata 12":[66.07199,-18.65433],"ægisgata 16":[66.07168,-18.65436],"ægisgata 20":[66.07168,-18.65471],"ægisgata 24":[66.07169,-18.65511],"ægisgata 28":[66.07138,-18.65454],"ægisgata 32":[66.07139,-18.65487],"kirkjuvegur 19":[66.07336,-18.65069],"mararbyggð 10":[66.06881,-18.6604],"mararbyggð 12":[66.06881,-18.66096],"mararbyggð 37":[66.06848,-18.65972],"mararbyggð 39":[66.06848,-18.6603],"múlavegur 1":[66.07426,-18.64335],"múlavegur 4":[66.07385,-18.64353],"múlavegur 7":[66.07533,-18.64099],"múlavegur 13":[66.07629,-18.63866],"múlavegur 18":[66.07602,-18.6374],"námuvegur 3":[66.07573,-18.64202],