{"brimvellir 2":[66.07514,-18.66882],"hólkot 3":[66.04804,-18.67846],"hólkot 9":[66.04932,-18.67355],"sundlaugargata 6":[65.97891,-18.80332],"grjótagata 3":[65.97732,-18.80234],"hólkot 8":[66.04971,-18.67264],"ytri-gunnólfsá 2":[66.09427,-18.64687],"hólkot 14":[66.04697,-18.67883],"garður 1":[66.06332,-18.68848],"brimvellir 3":[66.07495,-18.67013],"brekkukot 1":[66.05647,-18.66079],"hólkot 10":[66.04836,-18.67438],"hólkot 12":[66.0474,-18.6769],"hólkot 6":[66.04901,-18.67521],"ósbrekka 2":[66.06986,-18.67828],"hólkot 5":[66.04857,-18.67613],"brimvellir 7":[66.07558,-18.6692],"hólkot 11":[66.04781,-18.67658],"hólkot 1":[66.0474,-18.67998],"hólkot 2":[66.04777,-18.67929],"hólkot 13":[66.0473,-18.67808],"garður 1a":[66.06266,-18.68962],"garður 2a":[66.06273,-18.68955],"þverá 11":[66.01126,-18.78326],"hólkot 4":[66.04829,-18.67726],"hólkot 7":[66.04958,-18.67428],"brimvellir 5":[66.07524,-18.66986],"hornbrekka 19":[66.06065,-18.65925],"garður 2":[66.06251,-18.69064],"hólkot 17":[66.05013,-18.67444],"brimvellir 1":[66.07468,-18.67045],"syðri-gunnólfsá 10a":[66.09111,-18.65282],"þverá 5":[66.01129,-18.78015],"þverá 7":[66.01105,-18.78106],"þverá 9":[66.01088,-18.78224],"hlíð 3":[66.05514,-18.66283],"faxavellir 9":[66.07525,-18.66551],"lón 2":[66.0268,-18.70968]}