{"austurvegur 11":[65.97842,-18.37135],"austurvegur 12":[65.97812,-18.37059],"hólabraut 9":[65.98058,-18.37643],"hólabraut 7":[65.98042,-18.37625],"hólabraut 5":[65.98014,-18.37591],"hólabraut 3":[65.98004,-18.37558],"hólabraut 1":[65.97957,-18.37381],"miðbraut 3":[65.98048,-18.37436],"miðbraut 7":[65.98068,-18.37475],"miðbraut 9":[65.98074,-18.37484],"miðbraut 13":[65.98095,-18.37527],"miðbraut 2b":[65.98013,-18.37476],"austurvegur 23":[65.97802,-18.36766],"austurvegur 24":[65.97782,-18.36646],"austurvegur 31":[65.97798,-18.3662],"austurvegur 36":[65.97897,-18.36291],"austurvegur 42":[65.97967,-18.36037],"miðbraut 4b":[65.98026,-18.37503],"miðbraut 6":[65.9804,-18.37526],"miðbraut 10":[65.98065,-18.37574],"austurvegur 14":[65.97779,-18.36891],"austurvegur 8":[65.97812,-18.37171],"austurvegur 10":[65.97815,-18.37108],"brekkugata 7":[65.98006,-18.37686],"búðartangi 2a":[65.97746,-18.36893],"austurvegur 26":[65.97778,-18.36584],"norðurvegur 28":[65.98118,-18.38064],"norðurvegur 35":[65.98212,-18.37987],"skólavegur 5":[65.98112,-18.37804],"hólabraut 21":[65.9815,-18.37874],"ægisgata 11":[65.98071,-18.38085],"austurvegur 5":[65.97864,-18.3726],"sjávargata 4":[65.97802,-18.37644],"norðurvegur 6":[65.9786,-18.37533],"norðurvegur 2":[65.97834,-18.37456],"hjallavegur 10":[65.98325,-18.3768],"sólvallagata 2":[65.98208,-18.37914],"sólvallagata 4":[65.98211,-18.37866],"sólvallagata 6":[65.9822,-18.37819],"sólvallagata 8":[65.98228,-18.37772],"hólabraut 4":[65.97909,-18.37431],"brekkugata 1":[65.97954,-18.37577],"brekkugata 3":[65.97973,-18.37629],"norðurvegur 1":[65.97866,-18.37471],"norðurvegur 7":[65.97947,-18.37676],"norðurvegur 13":[65.97973,-18.37737],"norðurvegur 17":[65.98009,-18.37807],"norðurvegur 19":[65.98028,-18.37841],"norðurvegur 23":[65.98068,-18.37902],"norðurvegur 25":[65.98099,-18.37904],"norðurvegur 29":[65.98134,-18.37947],"austurvegur 49":[65.97955,-18.36312],"eyjabyggð 6":[65.98031,-18.36457],"austurvegur 37":[65.97857,-18.36516],"brekkugata 9":[65.9802,-18.37712],"hólabraut 18":[65.98045,-18.37755],"hólabraut 3a":[65.97986,-18.37517],"miðbraut 5":[65.98053,-18.37445],"miðbraut 11":[65.98089,-18.37514],"miðbraut 2a":[65.98007,-18.37468],"miðbraut 4a":[65.98019,-18.3749],"norðurvegur 33":[65.98194,-18.37974],"norðurvegur 37":[65.98234,-18.37982],"skólavegur 4":[65.98094,-18.37853],"hólabraut 19":[65.9813,-18.37841],"ægisgata 13":[65.98078,-18.38111],"norðurvegur 5":[65.97911,-18.37591],"norðurvegur 10":[65.97892,-18.376],"sjávargata 2":[65.97819,-18.37721],"norðurvegur 4":[65.97851,-18.37482],"austurvegur 3":[65.97864,-18.37352],"austurvegur 13":[65.9784,-18.37079],"austurvegur 25":[65.97811,-18.36705],"austurvegur 35":[65.97823,-18.36539],"austurvegur 45":[65.97931,-18.36369],"austurvegur 40":[65.97955,-18.36134],"austurvegur 50":[65.9799,-18.3575],"miðbraut 8":[65.98051,-18.37548],"miðbraut 12":[65.98075,-18.37594],"austurvegur 9":[65.9785,-18.37191],"austurvegur 53":[65.97991,-18.36143],"austurvegur 55":[65.98006,-18.36066],"eyjabyggð 8":[65.98045,-18.36285],"sólvallagata 1":[65.98171,-18.37893],"sólvallagata 3":[65.98183,-18.37829],"sólvallagata 5":[65.98192,-18.37785],"sólvallagata 7":[65.98206,-18.37739],"hólabraut 2":[65.97895,-18.37382],"brekkugata 5":[65.97987,-18.37658],"austurvegur 1":[65.97854,-18.37414],"norðurvegur 3":[65.97879,-18.37511],"norðurvegur 9b":[65.97938,-18.37615],"norðurvegur 15":[65.97992,-18.37776],"norðurvegur 17b":[65.98028,-18.37791],"norðurvegur 21":[65.98051,-18.37878],"norðurvegur 20":[65.97968,-18.37781],"norðurvegur 27":[65.98116,-18.37923],"norðurvegur 31":[65.98153,-18.37973],"búðartangi 4":[65.97742,-18.3681],"austurvegur 57":[65.98023,-18.35973],"eyjabyggð 11":[65.98012,-18.36253],"eyjabyggð 4":[65.97992,-18.36491],"eyjabyggð 7":[65.98034,-18.36391],"eyjabyggð 3":[65.97976,-18.3641],"eyjabyggð 5":[65.98024,-18.36519],"hólabraut 20":[65.98065,-18.37792],"hólabraut 13":[65.98084,-18.37737],"norðurvegur 30":[65.98249,-18.38056],"norðurvegur 32":[65.98279,-18.38055],"hafnargata 7":[65.97891,-18.37781],"austurvegur 52":[65.98026,-18.35766],"kríunes 1":[65.98871,-18.39885],"austurvegur 39":[65.97874,-18.36465],"austurvegur 41":[65.9789,-18.36428],"ægisgata 15":[65.98084,-18.38138],"ægisgata 9":[65.98064,-18.38051],"ægisgata 7":[65.98059,-18.38022],"ystibær-miðbær 2":[66.0091,-18.40205],"kríunes 2":[65.98915,-18.39917],"kríunes 3":[65.98954,-18.39979],"eyjabyggð 2":[65.97994,-18.36361],"miðbraut 1b":[65.98166,-18.3718],"austurvegur 48":[65.98006,-18.35853],"miðbraut 1a":[65.98085,-18.37277],"búðartangi 6":[65.9774,-18.36761],"austurvegur 6":[65.97811,-18.37264],"austurvegur 43":[65.97903,-18.36379],"ystibær-miðbær 3":[66.01192,-18.39797],"ystibær-miðbær 1":[66.01119,-18.40059],"búðartangi 10":[65.97768,-18.3671],"austurvegur 15":[65.97832,-18.37008],"búðartangi 8":[65.97748,-18.36719],"austurvegur 44":[65.97981,-18.35963],"austurvegur 21":[65.97811,-18.36845],"austurvegur 17":[65.97823,-18.36949],"austurvegur 4":[65.97811,-18.37392],"austurvegur 46":[65.97993,-18.35909],"austurvegur 19":[65.97818,-18.36894]}