{"yztafell 2":[65.78243,-17.57755],"fremstafell 1":[65.7231,-17.5545],"syðra-fjall 1":[65.83599,-17.42079],"granastaðir 2":[65.92163,-17.57587],"hallbjarnarstaðir 2":[65.67462,-17.32409],"múli 2":[65.82024,-17.3643],"vað 2":[65.79615,-17.50202],"breiðamýri 1":[65.7375,-17.39829],"hamrar 2":[65.75506,-17.41759],"skógar 1":[65.93912,-17.30597],"skógar 3":[65.93781,-17.30575],"hrísateigur 1":[65.96405,-17.35218],"hrísateigur 3":[65.96424,-17.35258],"hrísateigur 5":[65.96448,-17.35307],"smiðjuteigur 7a":[65.96199,-17.3444],"fremstafell 2":[65.72001,-17.56437],"núpar 1":[65.93519,-17.42023],"sandur 2":[65.95655,-17.54852],"hveravellir 1":[65.88666,-17.30767],"melgata 8b":[65.71429,-17.73508],"kross 1":[65.70701,-17.63538],"syðri-leikskálaá 2":[65.90321,-17.57199],"víðigerði 2":[65.88046,-17.43414],"brúar 2":[65.81817,-17.31814],"fellshlíð 1":[65.63155,-17.32356],"hallbjarnarstaðir 1":[66.15019,-17.25153],"hallbjarnarstaðir 4":[66.14961,-17.24948],"bjarkarlundur 4":[65.94813,-17.42366],"bjarkarlundur 9":[65.94487,-17.42111],"bjarkarlundur 10":[65.94499,-17.4224],"bjarkarlundur 13":[65.94491,-17.42504],"hvoll 1":[65.81547,-17.34325],"bjarkarlundur 21":[65.94816,-17.416],"melgata 7":[65.71395,-17.73517],"melgata 1":[65.71358,-17.73341],"breiðamýri 2":[65.7359,-17.40163],"víðigerði 1":[65.88012,-17.43397],"laxárvirkjun 7":[65.8205,-17.31451],"múli 1":[65.82052,-17.36931],"einarsstaðir 2":[65.74152,-17.40626],"melgata 8a":[65.71422,-17.73477],"hrísmóar 2":[66.02185,-17.35282],"hagi 1":[65.858,-17.38719],"rauðaskriða 3":[65.83871,-17.47543],"arnstapabyggð 3":[65.70578,-17.70376],"stekkjarhvammur 2":[65.92996,-17.32591],"stekkjarhvammur 4":[65.93009,-17.325],"bjarkarlundur 20":[65.94682,-17.42125],"hagi 2":[65.85631,-17.38371],"hraunkot 2":[65.93185,-17.52029],"hraunkot 1":[65.93043,-17.51868],"bjarkarlundur 18":[65.94548,-17.4223],"bjarkarlundur 5":[65.9482,-17.42425],"bjarkarlundur 31":[65.94601,-17.42423],"bjarkarlundur 14":[65.94491,-17.42597],"bjarkarlundur 22":[65.94836,-17.41802],"bjarkarlundur 3":[65.94794,-17.42264],"rauðaskriða 2":[65.83529,-17.47099],"syðra-fjall 2":[65.83604,-17.42126],"laxárlundur 1":[65.94969,-17.42073],"laxárlundur 4":[65.95002,-17.42299],"laxárlundur 6":[65.9504,-17.42161],"laxárlundur 10":[65.95114,-17.42231],"laxárlundur 12":[65.95143,-17.42113],"laxárlundur 14":[65.952,-17.42131],"ytri-tunga 1":[66.13078,-17.23784],"laxamýri 2":[65.97124,-17.38693],"héðinshöfði 2":[66.08088,-17.31662],"halldórsstaðir 2":[65.74605,-17.27036],"stekkjarhvammur 7":[65.92786,-17.32375],"lindahlíð 1":[65.82449,-17.43292],"arnstapabyggð 2":[65.70629,-17.70708],"sandur 3":[65.95687,-17.54819],"yztafell 1":[65.78321,-17.5784],"yztafell 3":[65.78116,-17.57925],"melgata 9":[65.71407,-17.73581],"smiðjuteigur 7b":[65.96189,-17.34404],"presthvammur 2":[65.82808,-17.31201],"arnstapabyggð 8":[65.70252,-17.70453],"bjarkarlundur 30":[65.94732,-17.42252],"bjarkarlundur 17":[65.94585,-17.42281],"bjarkarlundur 2":[65.94793,-17.42121],"bjarkarlundur 27":[65.94916,-17.42157],"bjarkarlundur 26":[65.94893,-17.42073],"bjarkarlundur 34":[65.94445,-17.42168],"rauðaskriða 1":[65.83686,-17.47283],"laxárlundur 16":[65.95323,-17.41899],"laxárlundur 3":[65.94973,-17.42279],"laxárlundur 5":[65.95066,-17.42245],"laxárlundur 8":[65.95071,-17.42018],"laxárlundur 11":[65.95161,-17.42241],"laxárlundur 13":[65.95175,-17.42062],"laxárlundur 15":[65.95241,-17.41887],"héðinshöfði 1b":[66.08489,-17.32119],"lækjamót 2":[65.7122,-17.60417],"stekkjarhvammur 9":[65.92733,-17.32257],"stekkjarhvammur 3":[65.92926,-17.32603],"stekkjarhvammur 1":[65.93032,-17.32557],"einarsstaðir 1":[65.74151,-17.4065],"hrísateigur 2":[65.96417,-17.35133],"hrísateigur 4":[65.96435,-17.35176],"hrísateigur 6":[65.96457,-17.35221],"bjarkarlundur 29":[65.94849,-17.42216],"bjarkarlundur 6":[65.94772,-17.42443],"bjarkarlundur 16":[65.94623,-17.42351],"bjarkarlundur 11":[65.94492,-17.42192],"bjarkarlundur 12a":[65.94454,-17.42262],"hrísmóar 1":[66.02183,-17.35158],"melgata 5":[65.71385,-17.73454],"melgata 3":[65.71368,-17.73406],"iðjugerði 1":[65.88043,-17.43287],"vað 1":[65.79966,-17.50169],"ytri tunga 1a":[66.13154,-17.24317],"arnstapabyggð 4":[65.70523,-17.7063],"granastaðir 1":[65.92157,-17.57687],"halldórsstaðir 3":[65.74605,-17.27073],"hafralækur 1":[65.87237,-17.43735],"presthvammur 1":[65.82875,-17.31318],"öndólfsstaðir 2":[65.74803,-17.38313],"bjarkarlundur 33":[65.94949,-17.42357],"ytri-tunga 1a":[66.13258,-17.24477],"láfsgerði 1":[65.73603,-17.4105],"laxárlundur 9":[65.95095,-17.42116],"mýlaugsstaðir 3":[65.82972,-17.42569],"melgata 4":[65.714,-17.73366],"melgata 6":[65.7141,-17.73415],"melgata 2":[65.71386,-17.73307],"melgata 11":[65.71429,-17.73618],"langavatn 2":[65.83539,-17.27636],"arnstapabyggð 1":[65.70653,-17.70459],"arnstapabyggð 6":[65.70431,-17.7049],"arnstapabyggð 7":[65.70348,-17.70253],"arnstapabyggð 9":[65.70353,-17.70392],"arnstapabyggð 10":[65.70291,-17.70555],"arnstapabyggð 5":[65.70495,-17.70352],"helluland 2":[65.82127,-17.37814],"hólkot 1":[65.79939,-17.44138],"hólkot 4":[65.80111,-17.44254],"hólkot 2":[65.79946,-17.44167],"nípá 2":[65.93795,-17.58565],"nípá 1":[65.93817,-17.58564],"halldórsstaðir 4":[65.74812,-17.26574],"hafralækur 7":[65.87382,-17.44226],"hafralækur 9":[65.87326,-17.44323],"hafralækur 8":[65.87309,-17.44161],"hafralækur 4":[65.87286,-17.43988],"hafralækur 6":[65.8734,-17.43997],"hafralækur 2":[65.87297,-17.43809],"hafralækur 3":[65.87361,-17.43822],"hafralækur 5":[65.87405,-17.43984],"arnstapabyggð 11":[65.70285,-17.70741],"hrafnsstaðir 2":[65.80954,-17.56239],"sandur 1":[65.9569,-17.5486],"mýlaugsstaðir 2":[65.82701,-17.42673],"rangárvegur 7":[65.84745,-17.54653],"rangárvegur 11":[65.84861,-17.54772],"rangárvegur 14":[65.84872,-17.54596],"geirbjarnarstaðir 1":[65.89689,-17.56563],"geirbjarnarstaðir 2":[65.89846,-17.56599],"knútsstaðir 1":[65.91853,-17.43794],"smiðjuteigur 7c":[65.96168,-17.34339],"múli 3":[65.82088,-17.36915],"arnstapabyggð 12":[65.70214,-17.70603],"víðigerði 4":[65.88033,-17.43525],"ketilsstaðir 2":[66.17269,-17.21696],"skörð 3":[65.95869,-17.32079],"laxárvirkjun 1":[65.81957,-17.31337],"laxárvirkjun 3":[65.81989,-17.31376],"laxárvirkjun 2":[65.82015,-17.31322],"laxárvirkjun 4":[65.82042,-17.31355],"laxárvirkjun 6":[65.82069,-17.31386],"laxárvirkjun 8":[65.82097,-17.31419],"rangárvegur 3":[65.84813,-17.54347],"rangárvegur 6":[65.84754,-17.54506],"breiðamýri 4":[65.73731,-17.39839],"skörð 4":[65.95883,-17.32297],"akrar 1":[65.75652,-17.38689],"skógar 2":[65.94086,-17.30804],"héðinshöfði 1a":[66.08452,-17.32008],"héðinshöfði 1c":[66.08579,-17.31997],"stafn 1":[65.62808,-17.32142],"hvoll 2":[65.81263,-17.34455],"hvoll 3":[65.81653,-17.34308],"bjarkarlundur 12":[65.94465,-17.42348],"einarsstaðir 6":[65.74132,-17.40839],"hallbjarnarstaðir 3":[66.14947,-17.24856],"fellsendi 2":[65.72339,-17.58328],"láfsgerði 5":[65.73574,-17.41024],"einarsstaðir 3":[65.74025,-17.40827],"halldórsstaðir 1":[65.74349,-17.2614],"laxamýri 2a":[65.97186,-17.38718],"einarsstaðir 1a":[65.95132,-17.30439],"fákatröð 3":[66.01065,-17.36903],"fákatröð 4":[66.01072,-17.36806],"bjarkarlundur 15":[65.94546,-17.42599],"hveravellir 5":[65.88516,-17.30884],"laugaból 2":[65.71218,-17.34752],"laugaból 3":[65.71267,-17.34711],"laugaból 4":[65.71346,-17.35273],"laugaból 5":[65.71383,-17.35192],"þóroddsstaður 2a":[65.85542,-17.54774],"þóroddsstaður 2b":[65.85585,-17.5477],"þóroddsstaður 2c":[65.85635,-17.54769],"öxará 1":[65.6671,-17.5779],"skógar 2a":[65.94002,-17.30819],"fákatröð 2":[66.0102,-17.36805],"kárhóll 1":[65.70578,-17.36447],"kárhóll 3":[65.70733,-17.36824],"kárhóll 2":[65.70615,-17.36489],"bjarkarlundur 7":[65.94714,-17.42401],"víðar 1":[65.64617,-17.30641],"hólkot 3":[65.79945,-17.44279],"rangárvegur 1":[65.84871,-17.5434],"rangárvegur 4":[65.848,-17.54411],"rangárvegur 9":[65.84794,-17.54712],"rangárvegur 12":[65.84814,-17.5456],"hveravellir 3":[65.88648,-17.31016],"steindalur 2":[66.1074,-17.24952],"brún 2":[65.66354,-17.30354],"stekkjarhvammur 5":[65.92863,-17.32253],