{"halldórsstaðir 2":[65.44828,-17.41267],"lundarbrekka 2":[65.45897,-17.39386],"halldórsstaðir 1":[65.44641,-17.40895],"svartárkot 2":[65.34163,-17.25027],"svartárkot 1a":[65.34205,-17.24612],"lundarbrekka 3":[65.45846,-17.39404],"rauðá 2":[65.68333,-17.51387],"lækjavellir 1":[65.49586,-17.46037],"lundarbrekka 1":[65.45834,-17.39866],"lækjavellir 2":[65.4951,-17.45934],"ingjaldsstaðir 1":[65.69584,-17.51586],"lundarbrekka 3a":[65.47602,-17.42288],"fljótsbakki 1":[65.71523,-17.52461],"svartárkot 1b":[65.34204,-17.24591],"engidalur 2":[65.50019,-17.27176]}