{"lautavegur 3":[65.71915,-17.37148],"lautavegur 9":[65.71889,-17.37103],"hólavegur 6":[65.72342,-17.37535],"austurhlíðarvegur 2":[65.72204,-17.36916],"hólavegur 9":[65.72402,-17.37582],"hólavegur 7":[65.72367,-17.37556],"hólavegur 5":[65.72321,-17.37502],"hólavegur 3":[65.72271,-17.37444],"hólavegur 1":[65.7222,-17.37399],"lautavegur 8":[65.71923,-17.37229],"lautavegur 7":[65.71886,-17.37132],"lautavegur 6":[65.71946,-17.37242],"hólavegur 10":[65.72415,-17.37594],"hólavegur 8":[65.7238,-17.37564],"hólavegur 4":[65.72296,-17.37477],"hólavegur 2":[65.72247,-17.37421],"lautavegur 13":[65.71858,-17.37071],"stóru-laugar 2":[65.73112,-17.36258],"lautavegur 10":[65.71896,-17.37206],"lautavegur 14":[65.71849,-17.37178],"lautavegur 12":[65.71869,-17.37188],"lautavegur 1":[65.71946,-17.37151],"lautavegur 11":[65.71855,-17.37109],"lautavegur 5":[65.71918,-17.37123],"stóru-laugar 3":[65.73083,-17.36301],"kvíhólsmýri 1a":[65.72071,-17.37016],"kvíhólsmýri 3b":[65.72029,-17.36953],"kvíhólsmýri 1b":[65.72063,-17.37009],"kvíhólsmýri 3a":[65.72043,-17.3699],"lautir 2":[65.721,-17.36583]}