{"stöng 1":[65.55155,-17.22394],"krafla 1":[65.70292,-16.76772],"garður 1":[65.55307,-16.97308],"garður 2":[65.5543,-16.97469],"stöng 2":[65.56199,-17.23917],"gautlönd 2":[65.55304,-17.132],"klappahraun 9c":[65.64146,-16.89769],"kálfaströnd 2":[65.5722,-16.96464],"garður 3":[65.55354,-16.97707],"klappahraun 9b":[65.64135,-16.8977],"skútustaðir 1":[65.56527,-17.02838],"álftagerði 3":[65.57036,-17.03725],"birkihraun 7":[65.64144,-16.90014],"grímstunga 2":[65.64219,-16.12148],"vogahraun 6":[65.62436,-16.91546],"vogar 4":[65.62242,-16.92311],"grímsstaðir 1":[65.64387,-16.12099],"grímsstaðir 2":[65.64368,-16.11719],"vogar 1":[65.62565,-16.91577],"vogar 1a":[65.62276,-16.92421],"múlavegur 13":[65.64184,-16.89601],"geiteyjarströnd 4":[65.59879,-16.93215],"skútustaðir 3a":[65.56608,-17.03306],"skútustaðir 2":[65.56661,-17.03268],"álftagerði 2":[65.5697,-17.0466],"baldursheimur 1":[65.52094,-17.05788],"grænavatn 1lan":[65.54063,-16.99741],"múlavegur 1":[65.63968,-16.89629],"múlavegur 2":[65.63967,-16.89549],"múlavegur 5":[65.64077,-16.89622],"birkihraun 9":[65.64117,-16.90015],"birkihraun 12":[65.64083,-16.9013],"birkihraun 8":[65.64143,-16.90086],"birkihraun 4":[65.64186,-16.9009],"skútahraun 1":[65.64213,-16.90159],"skútahraun 5":[65.64171,-16.90195],"skútahraun 9":[65.64126,-16.90229],"skútahraun 13":[65.64081,-16.90283],"skútahraun 16":[65.64026,-16.90213],"skútahraun 17":[65.64031,-16.90274],"skútahraun 19":[65.6405,-16.90394],"skútahraun 14":[65.64092,-16.90388],"skútahraun 10":[65.64135,-16.90354],"skútahraun 6":[65.64177,-16.90318],"skútahraun 4a":[65.64194,-16.90296],"lynghraun 2":[65.64213,-16.90533],"lynghraun 4":[65.64192,-16.90558],"lynghraun 6":[65.64173,-16.90588],"lynghraun 8":[65.64154,-16.90629],"lynghraun 10":[65.64133,-16.906],"hlíðavegur 4":[65.64229,-16.90764],"helluhraun 1":[65.64198,-16.90821],"helluhraun 3":[65.64169,-16.9081],"helluhraun 5":[65.64148,-16.90799],"helluhraun 7":[65.64125,-16.90803],"helluhraun 8":[65.64125,-16.90766],"helluhraun 9":[65.64103,-16.9077],"helluhraun 10":[65.64081,-16.90776],"helluhraun 12":[65.64043,-16.90694],"helluhraun 14":[65.64041,-16.90807],"helluhraun 16":[65.64045,-16.90916],"klappahraun 9a":[65.64124,-16.89771],"grímstunga 1":[65.64273,-16.11908],"hraunvegur 10":[65.64172,-16.91045],"arnarvatn 1":[65.58441,-17.1303],"arnarvatn 2":[65.581,-17.12997],"geiteyjarströnd 2":[65.59784,-16.93039],"grímsstaðir 4":[65.65362,-16.97537],"klappahraun 10":[65.64089,-16.89713],"vogar 2":[65.62233,-16.92299],"birkihraun 3":[65.64183,-16.90007],"múlavegur 9":[65.64134,-16.89614],"grænavatn 3":[65.53913,-16.99647],"baldursheimur 3":[65.51941,-17.05836],"álftagerði 1":[65.56987,-17.04752],"birkihraun 5":[65.64154,-16.90013],"helluhraun 18":[65.64079,-16.90859],"hraunvegur 8":[65.64125,-16.91111],"reykjahlíð 4":[65.64304,-16.91319],"reykjahlíð 2":[65.64246,-16.9133],"reykjahlíð 3":[65.64554,-16.91835],"múlavegur 3":[65.64019,-16.89623],"múlavegur 7":[65.64117,-16.89621],"birkihraun 11":[65.64089,-16.90043],"birkihraun 10":[65.64122,-16.90095],"birkihraun 6":[65.64164,-16.90089],"birkihraun 2":[65.64207,-16.90086],"skútahraun 3":[65.64191,-16.90178],"skútahraun 7":[65.64147,-16.90212],"skútahraun 11":[65.64104,-16.9027],"skútahraun 15":[65.64064,-16.9021],"skútahraun 18":[65.64041,-16.90334],"skútahraun 20":[65.64059,-16.90443],"skútahraun 12":[65.64112,-16.90369],"skútahraun 8":[65.64156,-16.90337],"skútahraun 4b":[65.64204,-16.90309],"skútahraun 2a":[65.64215,-16.90283],"lynghraun 1":[65.64218,-16.90469],"lynghraun 3":[65.64197,-16.90462],"lynghraun 5":[65.64177,-16.90503],"lynghraun 7":[65.6416,-16.90522],"lynghraun 9":[65.6414,-16.90547],"hlíðavegur 2":[65.6422,-16.90828],"hlíðavegur 6":[65.64241,-16.90685],"helluhraun 2":[65.64196,-16.90749],"helluhraun 4":[65.64173,-16.90751],"helluhraun 6":[65.64147,-16.90745],"helluhraun 7a":[65.64124,-16.90786],"helluhraun 8a":[65.64124,-16.90749],"helluhraun 11":[65.6408,-16.907],"helluhraun 13":[65.64042,-16.90753],"helluhraun 15":[65.64043,-16.90862],"helluhraun 17":[65.64078,-16.9092],"baldursheimur 2":[65.52023,-17.05654],"gautlönd 1":[65.55191,-17.1321],"arnarvatn 4":[65.58477,-17.12646],"geiteyjarströnd 1":[65.60305,-16.9258],"grímsstaðir 3":[65.65331,-16.97509],"reykjahlíð 3b":[65.6453,-16.91809],"vogar 3":[65.621,-16.92113],"klappahraun 11d":[65.64183,-16.89751],"klappahraun 11e":[65.6419,-16.8975],"klappahraun 11a":[65.64159,-16.89755],"klappahraun 11b":[65.64168,-16.89754],"birkihraun 1":[65.64202,-16.90009],"geirastaðir 1":[65.59895,-17.1071],"skútahraun 2b":[65.64225,-16.90294],"drekagil 5":[65.04281,-16.59639],"drekagil 3":[65.04246,-16.59589],"drekagil 1":[65.04198,-16.59446],"drekagil 2":[65.04193,-16.59488],"sniðilsvegur 1":[65.63979,-16.89751],"sniðilsvegur 2":[65.64026,-16.89705],"drekagil 1b":[65.04197,-16.59402],"vogahraun 4":[65.62418,-16.91544],"vogahraun 2":[65.62349,-16.91603],"skútustaðir 2i":[65.56735,-17.03861],"skútustaðir 2j":[65.56735,-17.03947],"álftagerði 4":[65.56864,-17.04643],"klappahraun 11c":[65.64176,-16.89753],"baldursheimur 2b":[65.52039,-17.05774],"kálfaströnd 1":[65.57152,-16.90942],"klappahraun 9":[65.64143,-16.8977],"reynihlíð 2":[65.64622,-16.91456],"reynihlíð 4":[65.64649,-16.91396],"reykjahlíð 4a":[65.64231,-16.9115],"reykjahlíð 3a":[65.64529,-16.91625],"geiteyjarströnd 1a":[65.60322,-16.92965],"vogahraun 3a":[65.62362,-16.91756],"grímsstaðir 2a":[65.65334,-16.97142],"grímsstaðir 5":[65.6531,-16.97299],"birkiland 1":[65.62116,-16.89484],"birkiland 21":[65.62004,-16.9015],"birkiland 6":[65.6191,-16.89711],"birkiland 14":[65.61881,-16.90279],"birkiland 7":[65.61963,-16.89857],"birkiland 15":[65.61913,-16.90352],"birkiland 8":[65.619,-16.89865],"birkiland 9":[65.61957,-16.89984],"birkiland 18":[65.62052,-16.90283],"birkiland 10":[65.61896,-16.90003],"birkiland 11":[65.61946,-16.90108],"birkiland 19":[65.61993,-16.90305],"birkiland 12":[65.61881,-16.90151],"birkiland 13":[65.61941,-16.90232],"birkiland 16":[65.6198,-16.9045],"birkiland 17":[65.6204,-16.90423],"birkiland 20":[65.62063,-16.90125],"birkiland 2":[65.62124,-16.89358],"birkiland 3":[65.62044,-16.89512],"birkiland 4":[65.61991,-16.89585],"birkiland 5":[65.61973,-16.89729],"birkiland 22":[65.62074,-16.89981],"birkiland 29":[65.6197,-16.9075],"birkiland 30":[65.62023,-16.90762],"birkiland 23":[65.62013,-16.90008],"birkiland 24":[65.62084,-16.89835],"birkiland 25":[65.62024,-16.89838],"birkiland 26":[65.62096,-16.8968],"birkiland 27":[65.62037,-16.89715],"birkiland 28":[65.61927,-16.90756],"geiteyjarströnd 2a":[65.59784,-16.9317],"reykjahlíð 1":[65.64321,-16.91046],"klappahraun 16a":[65.64188,-16.89696],"arnarvatn 3":[65.58256,-17.12825],"klappahraun 16b":[65.64178,-16.89697],"klappahraun 16c":[65.64167,-16.897],"hlíðavegur 8":[65.64239,-16.90585],"klappahraun 8":[65.64073,-16.89883],"klappahraun 1":[65.64181,-16.8984],"klappahraun 3":[65.64145,-16.89836],"klappahraun 4":[65.64147,-16.89933],"klappahraun 5":[65.64112,-16.89836],"álftagerði 3a":[65.56913,-17.04701],"arnarvatn 3a":[65.58268,-17.1219],"hraunvegur 6":[65.64102,-16.91099],"klappahraun 16":[65.64158,-16.89701],"reynihlíð 5":[65.64651,-16.9148],"klappahraun 14a":[65.64143,-16.89702],"drekagil 1a":[65.04181,-16.5944],"drekagil 6":[65.0434,-16.59692],"olnbogaás 1":[65.57346,-17.09149],"reynihlíð 1":[65.64536,-16.91385],"reynihlíð 3":[65.64618,-16.91491],"skútustaðir 3":[65.56591,-17.03259],"klappahraun 2":[65.64191,-16.89935],"klappahraun 6":[65.64104,-16.89927],"stöng 2a":[65.56189,-17.23925],"vogahraun 3":[65.62377,-16.91744],"klappahraun 14":[65.64113,-16.89709],"bjarnarflag 1":[65.64085,-16.85978],"bjarnarflag 2":[65.64102,-16.85978],"bjarnarflag 3":[65.64163,-16.85967],"klappahraun 14c":[65.64124,-16.89705],"vogahraun 1":[65.62369,-16.91799],"vogahraun 3b":[65.6236,-16.91743],"vogahraun 5":[65.62374,-16.91712],"klappahraun 14b":[65.64134,-16.89705],"gautlönd 3":[65.55015,-17.13183],"hrauntröð 2":[65.62455,-16.91774],"drekagil 4":[65.04264,-16.5961],"geiteyjarströnd 3":[65.59768,-16.93112],