{"boðagerði 2":[66.3022,-16.44793],"boðagerði 4":[66.30224,-16.44735],"boðagerði 5":[66.30267,-16.44713],"boðagerði 6":[66.30227,-16.44681],"boðagerði 7":[66.30268,-16.44659],"boðagerði 8":[66.30231,-16.4463],"boðagerði 9":[66.30272,-16.4461],"boðagerði 10":[66.30234,-16.44571],"boðagerði 11":[66.30276,-16.44556],"boðagerði 12":[66.30238,-16.44517],"boðagerði 13":[66.30278,-16.44511],"duggugerði 1":[66.30323,-16.44855],"duggugerði 2":[66.30288,-16.44849],"duggugerði 3":[66.30328,-16.44796],"duggugerði 4":[66.3029,-16.44789],"duggugerði 5":[66.30331,-16.44709],"duggugerði 10":[66.30301,-16.4462],"duggugerði 12":[66.30303,-16.44567],"duggugerði 14":[66.30309,-16.44499],"ekrugata 1":[66.30363,-16.44636],"ekrugata 2":[66.30367,-16.44556],"röndin 13":[66.2985,-16.44081],"röndin 9":[66.29877,-16.44137],"röndin 5":[66.29917,-16.44193],"bakkagata 1":[66.30022,-16.44441],"bakkagata 2":[66.30059,-16.44475],"bakkagata 5":[66.30012,-16.44586],"bakkagata 8":[66.30046,-16.44746],"bakkagata 11":[66.2999,-16.4487],"bakkagata 15":[66.30053,-16.45011],"bakkagata 12":[66.30079,-16.44803],"akurgerði 1":[66.30172,-16.44814],"akurgerði 5":[66.30181,-16.44717],"akurgerði 9":[66.30185,-16.4461],"akurgerði 13":[66.30192,-16.44502],"klifagata 6b":[66.30197,-16.44403],"klifagata 10":[66.30255,-16.44426],"klifagata 12":[66.30285,-16.44408],"klifagata 14":[66.30322,-16.44397],"boðagerði 1":[66.30259,-16.44818],"ekrugata 4":[66.30397,-16.4455],"bakkagata 20":[66.30345,-16.44863],"duggugerði 7":[66.30337,-16.44632],"duggugerði 9":[66.30344,-16.44542],"drafnargata 2":[66.30355,-16.4472],"ekrugata 3":[66.30387,-16.44643],"boðagerði 3":[66.30262,-16.44765],"röndin 17":[66.29795,-16.44007],"röndin 7":[66.29894,-16.44146],"röndin 3":[66.29947,-16.44232],"bakkagata 3":[66.29999,-16.44503],"bakkagata 4":[66.30048,-16.44603],"bakkagata 6":[66.30045,-16.44657],"bakkagata 9":[66.29983,-16.44741],"bakkagata 13":[66.3002,-16.44918],"bakkagata 10":[66.30035,-16.44785],"austurtröð 4":[66.30122,-16.44297],"akurgerði 3":[66.30175,-16.44769],"akurgerði 7":[66.30185,-16.44668],"akurgerði 11":[66.30189,-16.44551],"klifagata 6a":[66.30197,-16.44421],"klifagata 8":[66.30227,-16.4442],"ekrugata 6":[66.30421,-16.44581],"bakkagata 22":[66.30373,-16.44881],"akurgerði 2":[66.30134,-16.44801],"röndin 5b":[66.29904,-16.44176],"drafnargata 4":[66.30384,-16.44719],"klifagata 2":[66.30072,-16.44331],"klifagata 2a":[66.30088,-16.44345],"drafnargata 1":[66.30347,-16.44799]}