{"hafrafellstunga 2":[66.06693,-16.37649],"sandfellshagi 1":[66.11652,-16.39419],"ærlækjarsel 2":[66.1488,-16.54211],"keldunes 1":[66.0768,-16.68196],"lón 1":[66.09522,-16.92181],"ás 2":[66.02363,-16.47326],"ás 1":[66.02269,-16.47302],"sandfellshagi 2":[66.11698,-16.39419],"hólatröð 3":[66.06758,-16.40599],"hólatröð 4":[66.06789,-16.40775],"lóulundur 1":[66.07445,-16.44856],"spóalundur 4":[66.07322,-16.44558],"grjótnes 1":[66.47619,-16.55886],"skógar 1":[66.13769,-16.5617],"ærlækjarsel 1":[66.14945,-16.54353],"nýhöfn 2":[66.41479,-16.51796],"stekkjarsult 7":[66.0812,-16.88718],"þverárdalur 20":[66.14235,-16.41556],"lón 2":[66.09596,-16.92138],"víkingavatn 1":[66.09644,-16.84067],"austurgarður 2":[66.07545,-16.73912],"keldunes 2":[66.07678,-16.68176],"klifshagi 2":[66.11023,-16.42884],"stekkjarsult 9":[66.08158,-16.88772],"stekkjarsult 4":[66.08085,-16.88966],"fjöll 2":[66.07222,-16.92487],"rjúpnalundur 1":[66.07328,-16.44354],"rjúpnalundur 5":[66.07503,-16.44379],"rjúpnalundur 3":[66.07386,-16.44357],"þverárdalur 14":[66.14393,-16.40767],"þverárdalur 9":[66.14267,-16.40882],"þverárdalur 3":[66.14105,-16.41186],"þverárdalur 18":[66.14279,-16.4122],"drangatröð 7":[66.06712,-16.40902],"drangatröð 5":[66.06618,-16.40883],"lóulundur 2":[66.07373,-16.44622],"þverárdalur 15":[66.14355,-16.40891],"þverárdalur 6":[66.14208,-16.41063],"þverárdalur 13":[66.14449,-16.40675],"þverárdalur 8":[66.14244,-16.40962],"þverárdalur 1":[66.14097,-16.4144],"grjótnes 2":[66.4734,-16.5521],"klifshagi 1":[66.11439,-16.43291],"skógar 3":[66.14583,-16.58157],"garður 2":[66.07546,-16.76221],"víkingavatn 2":[66.09765,-16.84099],"skógar 2":[66.14492,-16.58181],"þverárdalur 16":[66.14323,-16.41009],"fjöll 1":[66.08184,-16.95382],"garður 1":[66.07799,-16.7642],"austurgarður 1":[66.07558,-16.73822],"hafrafellstunga 1":[66.06737,-16.3768],"sandfellshagi 3":[66.11916,-16.40119],"rjúpnalundur 7":[66.07587,-16.4436],"lóulundur 10":[66.07596,-16.4476],"þverárdalur 17":[66.14273,-16.41096],"þverárdalur 4":[66.14168,-16.41233],"þverárdalur 2":[66.14118,-16.41344],"þverárdalur 19":[66.14258,-16.41408],"drangatröð 8":[66.06675,-16.40906],"drangatröð 6":[66.06757,-16.40911],"drangatröð 3":[66.06682,-16.40739],"þverárdalur 12":[66.14395,-16.40479],"þverárdalur 7":[66.14212,-16.41011],"þverárdalur 10":[66.14353,-16.40687],"þverárdalur 11":[66.14343,-16.40406],"nýibær 2":[66.11253,-16.75056],"gilhagi 1":[66.07547,-16.34616],"vatnsendi 3":[66.4774,-16.41249],"vatnsendi 2":[66.47892,-16.4106],"grímsstaðir 2":[65.56837,-16.05023],"krossdalur árdalur 1a":[66.07611,-16.70492],"oddsstaðir 2":[66.49882,-16.43057],"ærlækur 2":[66.08233,-16.4284],"ærlækjarsel 4":[66.14956,-16.54407],"lóulundur 12":[66.07646,-16.44595],"rjúpnalundur 10":[66.07613,-16.44131],"þverárdalur 21":[66.14215,-16.41652],"lækjartröð 3":[66.06571,-16.40801],"rjúpnalundur 12":[66.07682,-16.44226],"leifsstaðir 2":[66.0903,-16.39354],"spóalundur 8":[66.0736,-16.44882],"ærlækjarsel 3":[66.14958,-16.54277],"krossdalur 2":[66.07703,-16.72492],"klifshagi 4":[66.11033,-16.43062],"fosshagi 2":[66.099,-16.40658],"lóulundur 3":[66.07506,-16.44827],"valþjófsstaðir 1":[66.23562,-16.43082],"krossdalur 1":[66.077,-16.72517],"stekkjarsult 8":[66.08133,-16.88744],"stekkjarsult 1":[66.08125,-16.89097],"stekkjarsult 3":[66.081,-16.88997],"stekkjarsult 11":[66.08188,-16.88839],"stekkjarsult 10":[66.08171,-16.88807],"stekkjarsult 2":[66.08108,-16.89055],"stekkjarsult 6":[66.08069,-16.88876],"stekkjarsult 5":[66.08077,-16.8892],"valþjófsstaðir 2a":[66.23443,-16.42026],"klifshagi 3":[66.11087,-16.4301],"hóll 2":[66.05761,-16.63915]}