{"aðalbraut 16b":[66.45587,-15.94859],"hafnarbraut 6":[66.45372,-15.94748],"aðalbraut 69":[66.44915,-15.94859],"aðalbraut 7":[66.4579,-15.9504],"hafnarbraut 2":[66.45435,-15.94729],"aðalbraut 4":[66.45696,-15.9485],"höfðabraut 1":[66.45877,-15.94759],"aðalbraut 25":[66.4542,-15.95099],"aðalbraut 2":[66.45789,-15.94823],"aðalbraut 17":[66.45604,-15.95153],"aðalbraut 23":[66.45461,-15.95107],"aðalbraut 26":[66.45359,-15.94945],"aðalbraut 31":[66.45293,-15.95051],"aðalbraut 34":[66.45241,-15.94939],"aðalbraut 35":[66.45236,-15.95031],"aðalbraut 37":[66.45213,-15.95023],"aðalbraut 41a":[66.45131,-15.95111],"aðalbraut 43":[66.45129,-15.94988],"aðalbraut 45":[66.45109,-15.95017],"aðalbraut 47":[66.45097,-15.94972],"aðalbraut 49":[66.45078,-15.94996],"aðalbraut 53":[66.45046,-15.94969],"aðalbraut 57":[66.45022,-15.94896],"aðalbraut 60":[66.44992,-15.9476],"aðalbraut 63":[66.4498,-15.94851],"aðalbraut 65":[66.44962,-15.94835],"ásgata 5":[66.45432,-15.95246],"ásgata 8":[66.45471,-15.95221],"ásgata 10":[66.45485,-15.95246],"ásgata 12":[66.455,-15.95269],"ásgata 14":[66.45514,-15.95298],"ásgata 16":[66.45528,-15.95324],"ásgata 17":[66.45517,-15.95408],"ásgata 19":[66.45528,-15.95452],"ásgata 23":[66.45555,-15.95507],"bæjarás 1":[66.4455,-15.94822],"grænuás 1":[66.4462,-15.94792],"grænuás 3":[66.44612,-15.94866],"grænuás 6":[66.44645,-15.94925],"lindarholt 4":[66.44657,-15.94293],"lindarholt 8":[66.44611,-15.94277],"melás 3":[66.44822,-15.94794],"miðás 1":[66.44685,-15.9477],"miðás 2":[66.44723,-15.94752],"miðás 3":[66.44679,-15.94843],"miðás 4":[66.44719,-15.94822],"miðás 5":[66.44674,-15.94906],"miðás 6":[66.44715,-15.94892],"nónás 1":[66.44752,-15.94742],"nónás 2":[66.4479,-15.9471],"nónás 3":[66.44747,-15.94814],"nónás 4":[66.44786,-15.94796],"nónás 5":[66.44742,-15.94882],"nónás 6":[66.44781,-15.94866],"tjarnarholt 1":[66.44685,-15.94371],"tjarnarholt 3":[66.44662,-15.94383],"tjarnarholt 4":[66.44659,-15.94479],"tjarnarholt 5":[66.44639,-15.9439],"tjarnarholt 6":[66.44633,-15.94489],"tjarnarholt 7":[66.44617,-15.94401],"tjarnarholt 8":[66.44606,-15.94499],"tjarnarholt 10":[66.44576,-15.94492],"víkurbraut 18":[66.45148,-15.94746],"vogsholt 1":[66.44692,-15.94523],"vogsholt 5":[66.4465,-15.94541],"vogsholt 7":[66.44624,-15.94555],"vogsholt 11":[66.44583,-15.94572],"vogsholt 13":[66.44558,-15.94584],"aðalbraut 15":[66.45648,-15.95172],"aðalbraut 24a":[66.4543,-15.94909],"aðalbraut 18a":[66.45551,-15.94928],"aðalbraut 67":[66.44931,-15.94846],"víkurbraut 4":[66.45418,-15.94776],"víkurbraut 2":[66.45432,-15.94763],"aðalbraut 5":[66.45803,-15.94994],"aðalbraut 19":[66.45562,-15.9514],"aðalbraut 24":[66.45405,-15.94997],"aðalbraut 27":[66.45373,-15.95111],"aðalbraut 29":[66.45317,-15.95053],"aðalbraut 32":[66.4527,-15.94935],"aðalbraut 33a":[66.45251,-15.95103],"aðalbraut 36":[66.4522,-15.9493],"aðalbraut 38":[66.45183,-15.94912],"aðalbraut 41b":[66.45111,-15.95102],"aðalbraut 44":[66.45141,-15.94904],"aðalbraut 46":[66.45119,-15.94891],"aðalbraut 48":[66.451,-15.94879],"aðalbraut 51":[66.45068,-15.94942],"aðalbraut 55":[66.45038,-15.94909],"aðalbraut 59":[66.45006,-15.94877],"aðalbraut 61":[66.44993,-15.94863],"ásgata 1":[66.45409,-15.95154],"ásgata 7":[66.45441,-15.95298],"ásgata 9":[66.45462,-15.953],"ásgata 11":[66.45471,-15.95355],"ásgata 13":[66.4549,-15.95351],"ásgata 15":[66.45498,-15.95395],"ásgata 18":[66.45544,-15.95351],"ásgata 21":[66.45548,-15.95449],"ásgata 25":[66.45578,-15.95513],"bæjarás 2":[66.44591,-15.94804],"grænuás 2":[66.44655,-15.94778],"grænuás 4":[66.4465,-15.94851],"lindarholt 2":[66.4468,-15.94291],"lindarholt 6":[66.44633,-15.94287],"lindarholt 10":[66.44585,-15.94264],"tjarnarholt 9":[66.44586,-15.9441],"tjarnarholt 11":[66.44555,-15.9442],"víkurbraut 20":[66.45125,-15.94722],"vogsholt 3":[66.4467,-15.94539],"vogsholt 6":[66.44632,-15.94649],"vogsholt 8":[66.4461,-15.94656],"vogsholt 10":[66.44587,-15.94661],"vogsholt 12":[66.44563,-15.94668],"aðalbraut 14":[66.45613,-15.95056],"aðalbraut 16":[66.45566,-15.95046],"aðalbraut 16a":[66.45581,-15.94949],"aðalbraut 18d":[66.45501,-15.94898],"aðalbraut 20f":[66.45553,-15.94752],"aðalbraut 56":[66.45032,-15.94833],"höfðabraut 4a":[66.45844,-15.94746],"aðalbraut 28":[66.45325,-15.94981],"aðalbraut 33":[66.45262,-15.95044],"vogsholt 9":[66.44604,-15.94562],"skólabraut 1":[66.44729,-15.94649]}