{"sveinungsvík 1":[66.39538,-15.83379],"ásmundarstaðir 2":[66.49643,-15.95456],"höfði 2":[66.41313,-15.93032],"ásmundarstaðir 1":[66.49803,-15.96257],"höfði 4":[66.40821,-15.9173],"sveinungsvík 2":[66.39537,-15.83181],"höfði 3":[66.41641,-15.93817]}