{"miðholt 6":[66.19855,-15.33327],"langanesvegur 5a":[66.19917,-15.33772],"vesturvegur 8b":[66.1995,-15.33972],"langholt 2":[66.20283,-15.33717],"miðholt 10":[66.19949,-15.33274],"miðholt 1":[66.19943,-15.33582],"miðholt 5":[66.19953,-15.33505],"langanesvegur 5b":[66.1992,-15.33763],"vesturvegur 4a":[66.19942,-15.33857],"vesturvegur 6b":[66.19946,-15.33928],"langanesvegur 37":[66.20336,-15.33939],"stórholt 4":[66.20351,-15.3367],"stórholt 8":[66.20398,-15.33656],"stórholt 1":[66.20334,-15.33799],"langanesvegur 18":[66.20115,-15.3357],"fjarðarvegur 12":[66.19714,-15.33221],"fjarðarvegur 10":[66.19724,-15.33255],"sunnuvegur 1":[66.19639,-15.32829],"sunnuvegur 3":[66.19614,-15.32817],"sunnuvegur 5a":[66.19588,-15.32808],"sunnuvegur 6":[66.19575,-15.32901],"sunnuvegur 7b":[66.19552,-15.32791],"sunnuvegur 9":[66.19531,-15.32776],"sunnuvegur 10":[66.19527,-15.32872],"bakkavegur 6b":[66.20021,-15.34013],"langanesvegur 39":[66.20446,-15.3399],"langanesvegur 32":[66.20442,-15.33701],"eyrarvegur 4b":[66.19756,-15.33735],"háholt 2":[66.20342,-15.33462],"bakkavegur 6":[66.20011,-15.33965],"hálsvegur 11":[66.19902,-15.33118],"lækjarvegur 6":[66.19779,-15.32998],"pálmholt 3":[66.20259,-15.33605],"pálmholt 5":[66.20249,-15.33555],"pálmholt 7":[66.20252,-15.33535],"pálmholt 9":[66.20214,-15.33612],"pálmholt 11":[66.20216,-15.33585],"pálmholt 13":[66.20212,-15.33558],"vesturvegur 2":[66.19936,-15.33812],"vesturvegur 5":[66.19917,-15.33879],"vesturvegur 9":[66.19924,-15.33967],"vesturvegur 12":[66.19957,-15.34058],"vesturvegur 13":[66.19937,-15.34067],"austurvegur 4":[66.19976,-15.3363],"austurvegur 6":[66.19983,-15.336],"austurvegur 8":[66.19997,-15.33569],"austurvegur 10":[66.19991,-15.33519],"austurvegur 12":[66.19989,-15.33448],"austurvegur 14":[66.20002,-15.33391],"austurvegur 16":[66.20015,-15.33329],"austurvegur 18":[66.20027,-15.33271],"bakkavegur 1":[66.19963,-15.33821],"bakkavegur 2":[66.19996,-15.33879],"bakkavegur 3":[66.19971,-15.33891],"bakkavegur 5":[66.19977,-15.33957],"bakkavegur 9":[66.1999,-15.34057],"bakkavegur 11":[66.19972,-15.34149],"bakkavegur 15":[66.19932,-15.34128],"bakkavegur 23":[66.19842,-15.34038],"eyrarvegur 2":[66.19797,-15.33696],"eyrarvegur 6":[66.19759,-15.33677],"fjarðarvegur 1":[66.19827,-15.33589],"fjarðarvegur 3":[66.19817,-15.33526],"fjarðarvegur 5":[66.19808,-15.33445],"fjarðarvegur 7":[66.19792,-15.33399],"fjarðarvegur 11":[66.19759,-15.33246],"fjarðarvegur 15":[66.19712,-15.33099],"fjarðarvegur 19":[66.19625,-15.32998],"fjarðarvegur 25":[66.19548,-15.32967],"fjarðarvegur 29":[66.19495,-15.32952],"fjarðarvegur 33":[66.19466,-15.32896],"fjarðarvegur 37":[66.19419,-15.3279],"fjarðarvegur 41":[66.19382,-15.32711],"fjarðarvegur 45":[66.19331,-15.32636],"fjarðarvegur 49":[66.19262,-15.32588],"hálsvegur 3":[66.1983,-15.33238],"hálsvegur 5":[66.19852,-15.33201],"hálsvegur 6":[66.19824,-15.33136],"hálsvegur 8":[66.19845,-15.33095],"langanesvegur 1":[66.19844,-15.33745],"langanesvegur 3b":[66.1989,-15.33874],"langanesvegur 7":[66.19933,-15.33761],"langanesvegur 9":[66.19953,-15.33765],"langanesvegur 11":[66.19987,-15.33793],"langanesvegur 13":[66.2002,-15.33862],"langanesvegur 15":[66.20044,-15.33843],"langanesvegur 16a":[66.20072,-15.33694],"langanesvegur 21":[66.20115,-15.33837],"langanesvegur 23":[66.20136,-15.33841],"langanesvegur 25":[66.20157,-15.33847],"langanesvegur 27":[66.2018,-15.33852],"langanesvegur 31":[66.20232,-15.33874],"langanesvegur 35":[66.20279,-15.33887],"langholt 6":[66.20299,-15.33611],"langholt 8":[66.20298,-15.33588],"lækjarvegur 1":[66.19759,-15.33157],"lækjarvegur 2":[66.19739,-15.33093],"lækjarvegur 3":[66.19783,-15.3312],"lækjarvegur 4":[66.1976,-15.33045],"austurvegur 2":[66.19963,-15.33661],"miðholt 3":[66.19944,-15.33564],"miðholt 7":[66.19954,-15.33478],"vesturvegur 1":[66.1992,-15.33805],"vesturvegur 4b":[66.19943,-15.33879],"vesturvegur 8a":[66.19948,-15.33954],"stórholt 2":[66.20332,-15.33677],"stórholt 6":[66.20373,-15.33662],"stórholt 10":[66.20407,-15.33655],"stórholt 3":[66.20394,-15.33806],"hálsvegur 2":[66.19779,-15.33218],"fjarðarvegur 13":[66.19745,-15.33197],"lækjarvegur 7":[66.19823,-15.33027],"sunnuvegur 2":[66.19628,-15.32927],"sunnuvegur 4":[66.19599,-15.32913],"sunnuvegur 5b":[66.19581,-15.32804],"sunnuvegur 7a":[66.19559,-15.32794],"sunnuvegur 8":[66.1955,-15.32887],"sunnuvegur 14":[66.19472,-15.32807],"sunnuvegur 11":[66.19503,-15.32761],"vesturvegur 6a":[66.19945,-15.3391],"vesturvegur 10":[66.19955,-15.34018],"hálsvegur 9":[66.19892,-15.33133],"eyrarvegur 10":[66.19728,-15.33688],"miðholt 21":[66.19997,-15.33238],"lækjarvegur 5":[66.19799,-15.33071],"pálmholt 1":[66.20259,-15.33627],"pálmholt 4":[66.20248,-15.337],"pálmholt 6":[66.20204,-15.33655],"pálmholt 8":[66.20205,-15.33675],"pálmholt 10":[66.20203,-15.33698],"pálmholt 12":[66.20203,-15.33715],"pálmholt 15":[66.20214,-15.33538],"vesturvegur 3":[66.19919,-15.33832],"vesturvegur 7":[66.1992,-15.33914],"vesturvegur 11":[66.19927,-15.34011],"vesturvegur 12a":[66.19958,-15.34084],"fjarðarvegur 17":[66.19703,-15.33058],"fjarðarvegur 23":[66.19574,-15.32977],"fjarðarvegur 27":[66.1952,-15.32964],"fjarðarvegur 31":[66.19474,-15.32944],"fjarðarvegur 35":[66.19441,-15.32878],"fjarðarvegur 39":[66.19402,-15.32755],"fjarðarvegur 43":[66.19358,-15.32663],"fjarðarvegur 47":[66.19297,-15.32614],"hálsvegur 1":[66.19809,-15.33278],"hálsvegur 4":[66.198,-15.33184],"hálsvegur 7":[66.19873,-15.33163],"hálsvegur 10":[66.19864,-15.33057],"langanesvegur 2":[66.19858,-15.33645],"langanesvegur 6":[66.19934,-15.33705],"langanesvegur 8":[66.19949,-15.33714],"langanesvegur 10":[66.19979,-15.33728],"langanesvegur 12":[66.20005,-15.33728],"langanesvegur 14":[66.20022,-15.33692],"langanesvegur 16":[66.2007,-15.33737],"langanesvegur 17a":[66.20082,-15.33862],"langanesvegur 20":[66.20152,-15.33776],"langanesvegur 22":[66.20209,-15.33777],"langanesvegur 24":[66.20245,-15.33785],"langanesvegur 26":[66.20278,-15.33796],"langanesvegur 29":[66.20204,-15.33869],"langanesvegur 33":[66.20254,-15.3387],"langholt 4":[66.20296,-15.33633],"bakkavegur 13":[66.19953,-15.34138],"bakkavegur 17":[66.19905,-15.34118],"eyrarvegur 1":[66.1975,-15.33629],"eyrarvegur 3":[66.19722,-15.33651],"austurvegur 1":[66.20003,-15.33673],"austurvegur 3":[66.20016,-15.33631],"eyrarvegur 8":[66.19744,-15.33688],"fjarðarvegur 2":[66.19784,-15.33595],"fjarðarvegur 4":[66.19772,-15.33486],"fjarðarvegur 6":[66.19765,-15.3344],"fjarðarvegur 9":[66.19786,-15.33326],"fjarðarvegur 14":[66.19701,-15.33181],"hafnarvegur 2":[66.19701,-15.3395],"bakkavegur 19":[66.19883,-15.34101],"eyrarvegur 12a":[66.1965,-15.3381],"eyrarvegur 12d":[66.19712,-15.33739],"bakkavegur 7":[66.1998,-15.33996],"langholt 1b":[66.20336,-15.33328],"langholt 1a":[66.20339,-15.33398],"miðholt 15":[66.19978,-15.33328],"miðholt 13":[66.19968,-15.33382],"miðholt 17":[66.19981,-15.33309],"miðholt 19":[66.19984,-15.33292],"miðholt 9":[66.19962,-15.33417],"miðholt 11":[66.19965,-15.33398],"miðholt 4":[66.19896,-15.33459],"langanesvegur 17b":[66.20088,-15.33892],"fjarðarvegur 6a":[66.1976,-15.33413],"langanesvegur 19":[66.20093,-15.33833],"bakkavegur 21":[66.19863,-15.34093],"háholt 4":[66.20404,-15.33435],"fjarðarvegur 3a":[66.19841,-15.33536],"eyrarvegur 12b":[66.19627,-15.33794],"eyrarvegur 12c":[66.19696,-15.33786],"langholt 10":[66.20304,-15.33535],"háholt 1":[66.20335,-15.33543],"eyrarvegur 12":[66.19664,-15.3386],"markholt 3":[66.20379,-15.33345],"sunnuvegur 1a":[66.19661,-15.32832],"eyrarvegur 5":[66.19623,-15.33648],"bakkavegur 8":[66.19807,-15.3406]}