{"gunnarsstaðir 2":[66.15522,-15.42164],"sævarland 1":[66.22664,-15.70661],"syðri-brekkur 1":[66.14921,-15.35191],"hlíð 2":[66.25557,-15.10022],"eiði 1":[66.26665,-15.00494],"gunnarsstaðir 1":[66.15513,-15.42668],"hvammur 2":[66.12451,-15.421],"hallgilsstaðir 2":[66.12496,-15.39258],"læknesstaðir 2":[66.37389,-14.89772],"flaga 1":[66.18013,-15.61755],"kúðá 1":[66.12452,-15.77896],"brúarland 2":[66.13868,-15.40005],"syðri-brekkur 2":[66.14858,-15.35409],"hallgilsstaðir 1":[66.12804,-15.38546],"krossavík 1":[66.29931,-15.72929],"flaga 2":[66.19914,-15.60252],"hvammur 4":[66.12322,-15.41981],"hvammur 1":[66.12424,-15.41738],"lækjarós 1":[66.15667,-15.56607],"heiði 2":[66.29009,-15.06966],"heiði 1":[66.28929,-15.07138],"gunnarsstaðir 5":[66.15439,-15.42541],"gunnarsstaðir 4":[66.15433,-15.4236],"áland 2":[66.20771,-15.54852],"kúðá 2":[66.12408,-15.77765],"krossavík 2":[66.30113,-15.73234],"eiði 2":[66.26758,-15.00509],"sævarland 2":[66.22723,-15.70777],"hlíð 1":[66.25372,-15.0989],"læknesstaðir 1":[66.36216,-14.94664],"lækjarós 2":[66.15698,-15.56507],"brúarland 3":[66.13871,-15.39933],"syðri-brekkur 2a":[66.14797,-15.35227],"garður 1":[66.19794,-15.74915],"laxárdalur 2":[66.15516,-15.51373],"laxárdalur 1":[66.15607,-15.51293],"hvammur 3":[66.12313,-15.42439]}