{"kötlunesvegur 3":[66.03779,-14.8026],"hafnargata 2":[66.03737,-14.8051],"hafnargata 3":[66.03659,-14.80395],"hafnargata 6":[66.03661,-14.80489],"hafnargata 7":[66.03594,-14.80423],"hafnargata 13a":[66.03521,-14.80457],"hafnargata 15":[66.03483,-14.80472],"hafnargata 19":[66.03431,-14.80494],"hafnargata 23":[66.03373,-14.80523],"hraunstígur 1":[66.03401,-14.80446],"hraunstígur 4":[66.03366,-14.80394],"brekkustígur 5":[66.03445,-14.80284],"brekkustígur 2":[66.03425,-14.80437],"miðvangur 1":[66.03591,-14.80342],"miðvangur 7":[66.03539,-14.80352],"skólagata 5":[66.03666,-14.80124],"skólagata 4":[66.03614,-14.80272],"bæjarás 4":[66.03474,-14.80328],"bæjarás 3":[66.0351,-14.80335],"bæjarás 7":[66.03552,-14.80233],"bæjarás 11":[66.03608,-14.80204],"bæjarás 6":[66.0347,-14.80262],"kötlunesvegur 19a":[66.03916,-14.79913],"steinholt 6":[66.03384,-14.80751],"bergholt 1":[66.03565,-14.80536],"hafnartangi 2":[66.03853,-14.80509],"kötlunesvegur 15":[66.03863,-14.80039],"kötlunesvegur 19b":[66.03934,-14.79934],"kötlunesvegur 8":[66.03856,-14.79912],"hafnartangi 4":[66.03791,-14.80459],"hafnargata 4":[66.03687,-14.80518],"hafnargata 5":[66.03623,-14.80412],"hafnargata 8":[66.0364,-14.80548],"hafnargata 9":[66.03568,-14.80438],"hafnargata 11a":[66.03538,-14.80448],"hafnargata 13b":[66.03513,-14.80458],"hafnargata 17":[66.03457,-14.80487],"hafnargata 21":[66.03404,-14.80505],"steinholt 2a":[66.03482,-14.80684],"hraunstígur 3":[66.03391,-14.8037],"brekkustígur 1":[66.03456,-14.80406],"brekkustígur 3":[66.03451,-14.80342],"brekkustígur 4":[66.03419,-14.8037],"miðvangur 3":[66.03585,-14.80345],"miðvangur 9":[66.03528,-14.80365],"skólagata 2":[66.03619,-14.80324],"bæjarás 2":[66.0348,-14.80391],"bæjarás 1":[66.03512,-14.80352],"bæjarás 5":[66.03526,-14.80266],"bæjarás 9":[66.03578,-14.80218],"bæjarás 8":[66.03493,-14.80234],"steinholt 1":[66.03442,-14.80636],"steinholt 4":[66.03436,-14.80707],"kötlunesvegur 19":[66.03941,-14.79874],"skólagata 3":[66.03714,-14.80322],"hafnargata 1":[66.03683,-14.80419],"steinholt 2":[66.03481,-14.80608],"hafnartangi 1":[66.03795,-14.80377],"hafnargata 11":[66.03546,-14.80444]}