{"saurbær 1":[66.08911,-15.14502],"veðramót 2":[66.00669,-15.07233],"veðramót 1":[66.00668,-15.07197],"miðfjörður 2":[66.03745,-15.09686],"miðfjörður 1":[66.03739,-15.09778],"djúpilækur 1":[66.03211,-15.00743],"djúpilækur 2":[66.03209,-15.00736],"miðfjarðarnessel 2":[66.03445,-15.11741],"kverkártunga 2":[66.01964,-15.14584]}