{"kolbeinsgata 42":[65.74877,-14.83627],"kolbeinsgata 24a":[65.7502,-14.83333],"kolbeinsgata 18a":[65.75154,-14.83195],"kolbeinsgata 6":[65.75328,-14.82951],"skálanesgata 7":[65.748,-14.83473],"skálanesgata 8a":[65.74785,-14.83604],"skálanesgata 3":[65.74812,-14.83449],"skálanesgata 5":[65.74806,-14.83461],"þverholt 12":[65.75362,-14.83619],"þverholt 9":[65.75441,-14.83569],"hamrahlíð 17":[65.75406,-14.82934],"hafnarbyggð 55":[65.7603,-14.81983],"sundabúð 1":[65.7514,-14.83093],"miðbraut 12":[65.75599,-14.82608],"kolbeinsgata 3":[65.75317,-14.829],"kolbeinsgata 7":[65.7527,-14.8298],"kolbeinsgata 11b":[65.75194,-14.8297],"kolbeinsgata 15":[65.75192,-14.83091],"kolbeinsgata 35":[65.74959,-14.83321],"kolbeinsgata 37":[65.74896,-14.83477],"kolbeinsgata 43":[65.74837,-14.83592],"kolbeinsgata 45":[65.74818,-14.83625],"kolbeinsgata 47":[65.74798,-14.83653],"kolbeinsgata 57":[65.74689,-14.83808],"kolbeinsgata 64":[65.74629,-14.83966],"kolbeinsgata 62":[65.74653,-14.83927],"kolbeinsgata 60":[65.74675,-14.839],"kolbeinsgata 58":[65.74694,-14.83873],"kolbeinsgata 54":[65.74742,-14.83821],"kolbeinsgata 52":[65.74775,-14.83781],"kolbeinsgata 48":[65.74821,-14.83721],"kolbeinsgata 44":[65.7486,-14.8366],"skálanesgata 14":[65.74644,-14.8376],"skálanesgata 10":[65.74689,-14.83723],"skálanesgata 13":[65.74663,-14.83657],"skálanesgata 6":[65.74816,-14.83532],"skálanesgata 9":[65.74778,-14.83516],"skálanesgata 1a":[65.74841,-14.83386],"sundabúð 2":[65.75121,-14.83116],"kolbeinsgata 20":[65.75134,-14.83216],"kolbeinsgata 16b":[65.75204,-14.83161],"hamrahlíð 23a":[65.75197,-14.83232],"hamrahlíð 40":[65.75239,-14.83276],"hamrahlíð 44":[65.75202,-14.8333],"sigtún 2":[65.75201,-14.83391],"sigtún 1":[65.75239,-14.83411],"hamrahlíð 38":[65.75261,-14.83244],"hamrahlíð 32":[65.7532,-14.83138],"hamrahlíð 30":[65.75345,-14.83112],"steinholt 16":[65.75398,-14.8322],"steinholt 14":[65.75369,-14.83227],"steinholt 10":[65.75322,-14.83265],"steinholt 8":[65.75304,-14.83313],"steinholt 6":[65.75283,-14.83345],"steinholt 4":[65.75257,-14.83391],"vallholt 1":[65.75274,-14.83443],"steinholt 1":[65.75303,-14.83403],"steinholt 3":[65.75324,-14.83376],"steinholt 5":[65.7535,-14.83352],"steinholt 7":[65.75376,-14.83339],"steinholt 9":[65.75397,-14.8332],"vallholt 6":[65.75385,-14.83403],"vallholt 21":[65.75396,-14.83463],"vallholt 19":[65.75376,-14.83479],"vallholt 9":[65.7532,-14.83503],"vallholt 15":[65.75346,-14.83567],"þverholt 15":[65.75386,-14.83545],"þverholt 3":[65.75418,-14.83597],"háholt 2":[65.75407,-14.83717],"búðaröxl 5":[65.75376,-14.83828],"búðaröxl 3":[65.7536,-14.83805],"hamrahlíð 21":[65.7529,-14.83106],"hamrahlíð 19":[65.75315,-14.83073],"hamrahlíð 12":[65.75536,-14.82891],"hamrahlíð 8":[65.75575,-14.82828],"hamrahlíð 4":[65.75619,-14.82786],"miðbraut 13":[65.75499,-14.82788],"hamrahlíð 5":[65.75534,-14.82811],"hafnarbyggð 11":[65.75524,-14.82653],"miðbraut 19":[65.75555,-14.82731],"miðbraut 23":[65.756,-14.8268],"hafnarbyggð 15":[65.75562,-14.8261],"hamrahlíð 2":[65.75634,-14.82694],"lónabraut 3":[65.75668,-14.82676],"hafnarbyggð 22":[65.75703,-14.82344],"hafnarbyggð 29":[65.75757,-14.82355],"hafnarbyggð 25":[65.75725,-14.82408],"hafnarbyggð 21":[65.75685,-14.82459],"lónabraut 2":[65.75669,-14.82557],"lónabraut 4":[65.75693,-14.82543],"lónabraut 7":[65.75722,-14.82617],"lónabraut 11":[65.7577,-14.82567],"hafnarbyggð 33":[65.75797,-14.82277],"sjávarbyggð 15":[65.75835,-14.82048],"hafnarbyggð 35":[65.7582,-14.82255],"lónabraut 10":[65.7582,-14.82459],"lónabraut 17":[65.75843,-14.82545],"lónabraut 21":[65.75888,-14.82518],"lónabraut 19":[65.75862,-14.82531],"lónabraut 23":[65.75908,-14.82495],"lónabraut 25":[65.75929,-14.82483],"lónabraut 27":[65.75952,-14.82472],"lónabraut 29":[65.75976,-14.82453],"fagrihjalli 1":[65.75874,-14.82347],"fagrihjalli 4":[65.75865,-14.82261],"hafnarbyggð 37":[65.75839,-14.82217],"hafnarbyggð 39":[65.75869,-14.82191],"hafnarbyggð 41":[65.75891,-14.82163],"hafnarbyggð 47":[65.75957,-14.82074],"fagrihjalli 10":[65.75936,-14.82171],"fagrihjalli 6":[65.75895,-14.82226],"fagrihjalli 3a":[65.75909,-14.8235],"fagrihjalli 7":[65.75938,-14.82274],"lónabraut 18":[65.75925,-14.82409],"lónabraut 22":[65.7597,-14.82371],"lónabraut 24":[65.7599,-14.82357],"lónabraut 33":[65.76024,-14.82415],"lónabraut 37":[65.76067,-14.8238],"lónabraut 41":[65.7611,-14.82357],"lónabraut 36":[65.76124,-14.82276],"lónabraut 32":[65.7608,-14.82299],"fagrihjalli 11":[65.75972,-14.8224],"fagrihjalli 15":[65.75998,-14.82214],"fagrihjalli 19":[65.76036,-14.82179],"fagrihjalli 23":[65.76078,-14.82142],"fagrihjalli 24":[65.76091,-14.82048],"fagrihjalli 20":[65.76048,-14.82085],"fagrihjalli 16":[65.76002,-14.8213],"hafnarbyggð 51":[65.75999,-14.82021],"hafnarbyggð 54":[65.7604,-14.81787],"hafnarbyggð 56":[65.76055,-14.81717],"hafnarbyggð 1a":[65.75295,-14.82854],"hafnarbyggð 2a":[65.75319,-14.82646],"hafnarbyggð 1":[65.75328,-14.82798],"holtsgata 1":[65.75339,-14.83035],"miðbraut 1":[65.75374,-14.82961],"hamrahlíð 28":[65.75387,-14.83049],"hamrahlíð 26":[65.75398,-14.83027],"hamrahlíð 22":[65.75435,-14.83002],"hamrahlíð 18":[65.75475,-14.82958],"miðbraut 5":[65.75418,-14.82854],"miðbraut 4":[65.75411,-14.828],"hafnarbyggð 7":[65.75439,-14.82754],"hafnarbyggð 4":[65.75383,-14.8268],"hafnarbyggð 8a":[65.7543,-14.82626],"hamrahlíð 9":[65.75493,-14.82852],"hamrahlíð 14":[65.75515,-14.82912],"hafnarbyggð 4a":[65.75345,-14.82635],"skálanesgata 11":[65.74683,-14.83627],"skálanesgata 15":[65.7464,-14.83678],"skálanesgata 8":[65.74797,-14.83568],"skálanesgata 1":[65.74819,-14.83435],"fagrihjalli 21":[65.76057,-14.82163],"fagrihjalli 25":[65.761,-14.82118],"fagrihjalli 22":[65.76068,-14.82067],"fagrihjalli 18":[65.76022,-14.82109],"fagrihjalli 14":[65.75978,-14.82138],"hafnarbyggð 53":[65.76022,-14.81993],"hafnarbyggð 49":[65.75977,-14.82049],"skálanesgata 4":[65.74846,-14.83488],"kolbeinsgata 22":[65.75109,-14.83235],"kolbeinsgata 18":[65.75181,-14.83185],"hamrahlíð 23":[65.75178,-14.83259],"hamrahlíð 42":[65.75222,-14.833],"sigtún 4":[65.75222,-14.83375],"búðaröxl 4":[65.75544,-14.83898],"vallholt 8":[65.75406,-14.83382],"vallholt 23":[65.75415,-14.83444],"vallholt 4":[65.75363,-14.83424],"vallholt 17":[65.75358,-14.83497],"þverholt 14":[65.75367,-14.83603],"þverholt 10":[65.75389,-14.83634],"þverholt 7":[65.75437,-14.83572],"háholt 3":[65.75517,-14.83738],"háholt 1":[65.75459,-14.83772],"búðaröxl 6":[65.75489,-14.83861],"kolbeinsgata 14":[65.7525,-14.83121],"kolbeinsgata 10":[65.75277,-14.83055],"kolbeinsgata 8":[65.75309,-14.83],"hafnarbyggð 43":[65.75914,-14.82131],"fagrihjalli 12":[65.75959,-14.82163],"fagrihjalli 8":[65.75918,-14.82213],"fagrihjalli 3":[65.75906,-14.82307],"fagrihjalli 5":[65.75924,-14.82289],"fagrihjalli 9":[65.75949,-14.82261],"lónabraut 20":[65.75948,-14.82383],"lónabraut 31":[65.75994,-14.82437],"lónabraut 35":[65.76043,-14.82397],"lónabraut 39":[65.76089,-14.8237],"lónabraut 43":[65.76132,-14.82349],"lónabraut 34":[65.76101,-14.82289],"lónabraut 30":[65.76056,-14.82311],"fagrihjalli 13":[65.75984,-14.82227],"fagrihjalli 17":[65.76017,-14.82204],"hamrahlíð 10":[65.75558,-14.82862],"hamrahlíð 6":[65.75597,-14.82805],"hamrahlíð 7":[65.75512,-14.82832],"miðbraut 15":[65.75519,-14.82765],"miðbraut 17":[65.75536,-14.82752],"miðbraut 21":[65.75579,-14.82703],"hafnarbyggð 13":[65.75543,-14.82628],"hafnarbyggð 17":[65.75585,-14.82577],"lónabraut 1":[65.75648,-14.82644],"hafnarbyggð 19":[65.75623,-14.82515],"sjóbúð 1":[65.75667,-14.82298],"hafnarbyggð 26":[65.75756,-14.82266],"hafnarbyggð 27":[65.75741,-14.82388],"hafnarbyggð 23":[65.75704,-14.82434],"skuldarhalli 1":[65.7566,-14.82476],"lónabraut 5":[65.75692,-14.82621],"lónabraut 9":[65.75745,-14.82598],"lónabraut 15":[65.75816,-14.82595],"sjávarbyggð 13":[65.75799,-14.82121],"vallholt 13":[65.75342,-14.83585],"þverholt 5":[65.75421,-14.83588],"háholt 7":[65.75579,-14.83691],"lónabraut 16":[65.75858,-14.82444],"hafnarbyggð 59":[65.76067,-14.8191],"sundabúð 3":[65.75096,-14.83146],"hafnarbyggð 3":[65.75391,-14.82736],