{"ytri-hlíð 2":[65.6927,-15.04445],"hróaldsstaðir 2":[65.81312,-14.89625],"ljótsstaðir 1":[65.72878,-14.94605],"grund 2":[65.7626,-14.81493],"hámundarstaðir 4":[65.83963,-14.78556],"krossavík 2":[65.72491,-14.75342],"skógar 3":[65.76921,-14.87903],"hrappsstaðir 1":[65.65391,-14.91722],"þorbrandsstaðir 1":[65.62743,-15.04805],"refsstaður 2":[65.68153,-14.86817],"engihlíð 1":[65.68744,-14.86259],"fagrabrekka 2":[65.76459,-14.81254],"ytri-hlíð 1":[65.69352,-15.0389],"refsstaður 3":[65.68216,-14.86681],"refsstaður 1":[65.68221,-14.86608],"hrappsstaðir 2":[65.65248,-14.92227],"grund 1":[65.76255,-14.81503],"leiðarhöfn 1":[65.76868,-14.79339],"norður-skálanes 1":[65.74477,-14.8757],"ljótsstaðir 2":[65.72802,-14.95163],"leifsstaðir 1":[65.76768,-15.01641],"vakursstaðir 2":[65.69708,-14.99371],"skógar 2":[65.77154,-14.87405],"ytri-hlíð 3":[65.70501,-15.03007],"norður-skálanes 7":[65.74742,-14.86904],"norður-skálanes 6":[65.74743,-14.86977],"norður-skálanes 8":[65.74723,-14.8695],"hámundarstaðir 5":[65.84228,-14.78635],"skjaldþingsstaðir 6":[65.70247,-14.82097],"ytri-hlíð 4":[65.69145,-15.04453],"skógar 1":[65.76178,-14.89792],"krossavík 1":[65.7262,-14.75093],"vakursstaðir 1":[65.70998,-14.99371],"torfastaðir 2":[65.73637,-14.93241],"hvammsgerði 1":[65.82795,-14.83993],"hauksstaðir 1":[65.65918,-15.16959],"hauksstaðir 2":[65.65941,-15.16862],"hauksstaðir 3":[65.65924,-15.1669],"hauksstaðir 4":[65.66338,-15.10981],"skjaldþingsstaðir 5":[65.70296,-14.8201],"hróaldsstaðir 1":[65.80698,-14.90884],"leiðarhöfn 2":[65.76867,-14.79626],"hámundarstaðir 2":[65.84065,-14.78618],"skjaldþingsstaðir 4":[65.70313,-14.81926],"skjaldþingsstaðir 3":[65.70332,-14.81841],"skjaldþingsstaðir 2":[65.70358,-14.81771],"skjaldþingsstaðir 1":[65.7039,-14.81691],"þorbrandsstaðir 2":[65.62159,-15.05615]}