{"brú 1":[65.10948,-15.53058],"brú 2":[65.10828,-15.52917],"breiðamörk 2":[65.56348,-14.50725],"húsey 1":[65.63268,-14.27665],"birnufell 1":[65.25504,-14.53691],"hof 2":[65.18076,-14.63974],"hrafnabjörg 1":[65.47469,-14.58926],"einarsstaðir 9":[65.17559,-14.48785],"einarsstaðir 19":[65.17543,-14.48497],"einarsstaðir 14":[65.17495,-14.48685],"einarsstaðir 13":[65.17519,-14.48681],"grásteinn 3":[65.27415,-14.37187],"fjósakambur 8b":[65.09209,-14.74757],"réttarkambur 1":[65.09157,-14.74561],"réttarkambur 2":[65.09108,-14.7465],"réttarkambur 3":[65.09162,-14.74492],"réttarkambur 5":[65.09173,-14.74435],"réttarkambur 7":[65.09183,-14.74378],"réttarkambur 14":[65.09111,-14.74549],"réttarkambur 16":[65.09112,-14.74491],"réttarkambur 24":[65.09145,-14.74341],"vallnaholt 8":[65.37079,-14.34784],"eiðavellir 4":[65.3712,-14.34671],"hraungarður 6":[65.37336,-14.34876],"hólatún 1":[65.37586,-14.34753],"selblá 1":[65.29742,-14.43956],"eyvindará 4":[65.27698,-14.37538],"eiðar 16a":[65.37468,-14.3501],"eiðar 21a":[65.37547,-14.35084],"einarsstaðir 8":[65.17583,-14.48758],"fjósakambur 4":[65.09293,-14.74676],"fjósakambur 5":[65.09235,-14.74617],"fjósakambur 10":[65.09182,-14.74781],"fjósakambur 14":[65.09105,-14.7484],"fjósakambur 6b":[65.09252,-14.74701],"einarsstaðir 29":[65.17787,-14.48509],"einarsstaðir 16":[65.17468,-14.48565],"einarsstaðir 15":[65.17456,-14.48612],"miðhús 1":[65.26453,-14.37096],"dalir 1":[65.53062,-14.15278],"hjartarstaðir 1":[65.4113,-14.31252],"hauksstaðir 2":[65.38663,-14.69714],"þorvaldsstaðir 1":[65.03016,-14.66419],"strönd 2":[65.17026,-14.59393],"staffell 1":[65.28928,-14.51089],"ketilsstaðir 2":[65.20636,-14.48587],"eyjólfsstaðaskógur 20":[65.17331,-14.48394],"ytri víðivellir 2":[65.00593,-14.95401],"selblá 2":[65.29671,-14.43992],"skeggjastaðir 1":[65.35815,-14.8299],"úlfsstaðaskógur 20":[65.16961,-14.49772],"vallnaholt 2":[65.37159,-14.34819],"valgerðarvegur 6":[65.29834,-14.43895],"finnsstaðir 2":[65.29157,-14.37632],"fljótsbakki 2":[65.359,-14.39146],"kaldá 2":[65.19224,-14.49923],"sauðhagi 1":[65.12682,-14.56523],"ekkjufellssel hef 1":[65.3075,-14.43948],"ás 1":[65.20112,-14.60351],"gilsárteigur 1":[65.37402,-14.31152],"valgerðarvegur 4":[65.29794,-14.43927],"úlfsstaðaskógur 32":[65.17144,-14.49322],"úlfsstaðaskógur 7":[65.17257,-14.49224],"úlfsstaðaskógur 1":[65.17342,-14.49259],"úlfsstaðaskógur 2":[65.17285,-14.49332],"úlfsstaðaskógur 26":[65.16948,-14.49606],"úlfsstaðaskógur 30":[65.16967,-14.49459],"davíðsstaðir 2":[65.4292,-14.3295],"uppsalir 1":[65.27972,-14.3638],"tunguás 4":[65.50391,-14.57604],"tunguás 3":[65.50237,-14.5775],"hnefilsdalur 2":[65.33745,-14.92656],"hvanná 2":[65.36542,-14.82953],"merki 1":[65.23923,-15.19713],"skjöldólfsstaðir 2":[65.31264,-15.1455],"teigasel 1":[65.37475,-14.72662],"glúmsstaðir 1":[64.98802,-15.05377],"valþjófsstaður 2":[65.0179,-14.98342],"hafrafell 4":[65.29649,-14.48063],"rangá 1":[65.3569,-14.41882],"rangá 2":[65.35509,-14.4175],"hallbjarnarstaðir 2":[65.01963,-14.58683],"haugar 2":[64.98297,-14.62055],"stóra sandfell 1":[65.12367,-14.54637],"einarsstaðir 26":[65.17827,-14.48423],"einarsstaðir 25":[65.17804,-14.48433],"einarsstaðir 23":[65.17753,-14.48502],"einarsstaðir 4":[65.17632,-14.48792],"einarsstaðir 31":[65.17752,-14.48631],"einarsstaðir 6":[65.17631,-14.48709],"einarsstaðir 7":[65.17607,-14.48741],"einarsstaðir 20":[65.17569,-14.48495],"eyjólfsstaðaskógur 2":[65.17515,-14.49278],"eyjólfsstaðaskógur 6":[65.17377,-14.49188],"eyjólfsstaðaskógur 13":[65.17304,-14.48951],"eyjólfsstaðaskógur 1":[65.17419,-14.49296],"hrafnabjörg 2":[65.47504,-14.5897],"ketilsstaðir 1":[65.20628,-14.48589],"tunguás 5":[65.50446,-14.5755],"stóri-hagi 4":[65.3847,-14.3591],"stóri-hagi 6":[65.3858,-14.35994],"stóri-hagi 8":[65.38626,-14.35988],"stóri-hagi 10":[65.38707,-14.35965],"stóri-hagi 12":[65.38746,-14.35909],"stóri-hagi 13":[65.38762,-14.35936],"stóri-hagi 15":[65.38763,-14.36013],"hamborg 1":[65.05267,-14.93267],"eyjólfsstaðaskógur 10":[65.1743,-14.48844],"úlfsstaðaskógur 10":[65.17214,-14.49469],"úlfsstaðaskógur 18":[65.16992,-14.49677],"hallfreðarstaðir 1":[65.50118,-14.4732],"brennistaðir 3":[65.39214,-14.29882],"fossvellir 2":[65.45337,-14.60207],"meðalnes 2":[65.23927,-14.54568],"hof 1":[65.18056,-14.63774],"þorvaldsstaðir 2":[65.03017,-14.66419],"stóra-sandfell 3":[65.12529,-14.54037],"finnsstaðir 1b":[65.28805,-14.37941],"einarsstaðir 33":[65.17694,-14.48696],"úlfsstaðaskógur 24":[65.16891,-14.49718],"eyjólfsstaðaskógur 18":[65.1725,-14.48403],"breiðavað 3":[65.33087,-14.38124],"ranabyggð 11":[65.27024,-14.3799],"arnórsstaðir 3":[65.25518,-15.19714],"skógargerði 5":[65.34326,-14.41971],"skógargerði 6":[65.34299,-14.41953],"eyjólfsstaðaskógur 15":[65.17292,-14.48675],"eyjólfsstaðaskógur 23":[65.17395,-14.48463],"eyjólfsstaðaskógur 21":[65.17355,-14.48562],"úlfsstaðaskógur 12":[65.17182,-14.49562],"úlfsstaðaskógur 13":[65.17141,-14.49752],"úlfsstaðaskógur 14":[65.17113,-14.49683],"úlfsstaðaskógur 15":[65.17102,-14.4981],"úlfsstaðaskógur 16":[65.17053,-14.49712],"úlfsstaðaskógur 17":[65.1705,-14.49857],"úlfsstaðaskógur 19":[65.16998,-14.49885],"úlfsstaðaskógur 33":[65.171,-14.49372],"úlfsstaðaskógur 34":[65.17262,-14.49067],"úlfsstaðaskógur 38":[65.17096,-14.49206],"breiðamörk 1":[65.56766,-14.50497],"finnsstaðir 1":[65.28903,-14.37924],"hafrafell 1":[65.29752,-14.47779],"brekkugerði 2":[65.10047,-14.81284],"geirastaðir 2":[65.58942,-14.38089],"staffell 2":[65.29197,-14.50858],"ormarsstaðir 2":[65.22667,-14.60108],"skeggjastaðir 2":[65.17383,-14.68473],"álftaás 4b":[65.23001,-14.46987],"úlfsstaðaskógur 4":[65.17246,-14.49395],"teigasel 2":[65.38052,-14.69553],"ytri-víðivellir 2":[65.00537,-14.954],"úlfsstaðaskógur 21":[65.16944,-14.49926],"úlfsstaðaskógur 37":[65.17137,-14.49178],"álftaás 4a":[65.23011,-14.47016],"úlfsstaðaskógur 25":[65.17025,-14.49615],"gilsárteigur 2":[65.37257,-14.3112],"kóreksstaðir 1":[65.54208,-14.17745],"tunguás 10":[65.51188,-14.56722],"stóri-hagi 1":[65.38403,-14.3587],"stóri-hagi 3":[65.38447,-14.35888],"stóri-hagi 5":[65.3849,-14.35934],"stóri-hagi 7":[65.38603,-14.35994],"stóri-hagi 9":[65.38637,-14.36025],"stóri-hagi 11":[65.38725,-14.35938],"stóri-hagi 14":[65.38777,-14.35968],"eyjólfsstaðaskógur 9":[65.1744,-14.48921],"eyjólfsstaðaskógur 11":[65.17383,-14.48914],"ytri-víðivellir 1":[65.02124,-14.92203],"úlfsstaðaskógur 6":[65.173,-14.49144],"dalir 2":[65.52979,-14.1543],"húsey 2":[65.63254,-14.27552],"tunguás 11":[65.51398,-14.56422],"hjartarstaðir 2":[65.40997,-14.31084],"eiðar 5":[65.37253,-14.35316],"réttarkambur 22":[65.09129,-14.74405],"eiðavellir 2":[65.37151,-14.34702],"hraungarður 1":[65.37404,-14.34675],"eiðavellir 6":[65.37067,-14.34646],"kaldá 1":[65.19078,-14.49993],"brennistaðir 1":[65.39259,-14.2994],"fljótsbakki 1":[65.36036,-14.39232],"finnsstaðir 1a":[65.28831,-14.37936],"hvanná 1":[65.36777,-14.80584],"fjósakambur 2":[65.09343,-14.74642],"fjósakambur 6a":[65.09261,-14.74696],"fjósakambur 8a":[65.09221,-14.74745],"fjósakambur 12":[65.09144,-14.74813],"stóra-sandfell 2":[65.13399,-14.51984],"glúmsstaðir 2":[64.98234,-15.08793],"valþjófsstaður 1":[65.02149,-14.97799],"ekkjufell 1":[65.27596,-14.4478],"hafrafell 3":[65.29696,-14.47713],"hólshjáleiga 2":[65.5988,-14.26292],"úlfsstaðaskógur 22":[65.16888,-14.49853],"einarsstaðir 27":[65.17836,-14.4849],"einarsstaðir 24":[65.1778,-14.48444],"einarsstaðir 21":[65.17727,-14.486],"einarsstaðir 30":[65.17766,-14.48579],"einarsstaðir 32":[65.17713,-14.48663],"einarsstaðir 2":[65.17557,-14.48884],"einarsstaðir 18":[65.17516,-14.4851],"eyjólfsstaðaskógur 3":[65.17482,-14.49226],"eyjólfsstaðaskógur 8":[65.17366,-14.49079],"eyjólfsstaðaskógur 5":[65.17442,-14.49167],"sauðhagi 2":[65.12449,-14.56934],"eyjólfsstaðaskógur 4":[65.17475,-14.49078],"úlfsstaðaskógur 8":[65.17221,-14.49266],"úlfsstaðaskógur 28":[65.16925,-14.49518],"úlfsstaðaskógur 31":[65.17027,-14.49423],"úlfsstaðaskógur 29":[65.17117,-14.49474],"hrafnabjörg 4":[65.47005,-14.58915],"ormarsstaðir 1":[65.22557,-14.59818],