{"vallargata 2b":[65.25743,-14.00786],"hamrabakki 12":[65.25983,-14.01503],"austurvegur 16":[65.26064,-14.00356],"botnahlíð 20":[65.25744,-14.00264],"langitangi 5":[65.25308,-14.0151],"oddagata 4d":[65.26241,-14.00975],"strandarvegur 15":[65.27182,-13.98239],"strandarvegur 29":[65.27373,-13.97519],"brekkuvegur 7":[65.26048,-13.99957],"ránargata 11":[65.26668,-14.01148],"múlavegur 28":[65.25704,-14.00562],"múlavegur 30":[65.25698,-14.00565],"austurvegur 38a":[65.26145,-13.99888],"austurvegur 12b":[65.26031,-14.00401],"hafnargata 38c":[65.2655,-13.99164],"hafnargata 35":[65.26595,-13.99266],"ferjuleira 1":[65.26319,-14.002],"strandarvegur 39":[65.27474,-13.96879],"hafnargata 38a":[65.26512,-13.99215],"hafnargata 41":[65.26621,-13.99233],"strandarvegur 21":[65.27255,-13.98036],"ránargata 2c":[65.26375,-14.01092],"vesturvegur 1":[65.25981,-14.00885],"hlíðarvegur 1":[65.25592,-14.00903],"ránargata 23":[65.26916,-14.01076],"oddagata 4e":[65.26262,-14.00914],"fjörður 4b":[65.2621,-14.01271],"ránargata 1":[65.26055,-14.01133],"garðarsvegur 15":[65.25562,-14.00975],"hafnargata 47":[65.26686,-13.99107],"strandarvegur 35":[65.27432,-13.97197],"múlavegur 18":[65.25748,-14.00534],"múlavegur 22":[65.25734,-14.00536],"leirubakki 11":[65.25979,-14.0113],"bjólfsgata 1":[65.26203,-14.00794],"bjólfsgata 6":[65.26184,-14.00889],"bjólfsgata 8":[65.2615,-14.00967],"botnahlíð 4":[65.25936,-13.99813],"botnahlíð 6":[65.25915,-13.99869],"botnahlíð 7":[65.25883,-13.99817],"botnahlíð 9":[65.25865,-13.99861],"botnahlíð 11":[65.25846,-13.99908],"botnahlíð 12":[65.25856,-14.00013],"botnahlíð 13":[65.25827,-13.99959],"botnahlíð 14":[65.25839,-14.00059],"botnahlíð 15":[65.25808,-14.00001],"botnahlíð 16":[65.25818,-14.00108],"botnahlíð 17":[65.25789,-14.00052],"botnahlíð 19":[65.25768,-14.00094],"botnahlíð 21":[65.25751,-14.0014],"botnahlíð 23":[65.2573,-14.00192],"botnahlíð 27":[65.25688,-14.00247],"botnahlíð 28":[65.25661,-14.00353],"botnahlíð 29":[65.25664,-14.00266],"botnahlíð 30":[65.25634,-14.00371],"botnahlíð 31":[65.25634,-14.00285],"botnahlíð 33":[65.25611,-14.00291],"botnahlíð 35":[65.25586,-14.00309],"brattahlíð 2":[65.25914,-13.99959],"brattahlíð 4":[65.25933,-13.99911],"brattahlíð 6":[65.2595,-13.99873],"brattahlíð 10":[65.25987,-13.99782],"brekkuvegur 4":[65.2608,-14.00033],"dalbakki 1":[65.25825,-14.01352],"árbakki 1":[65.2581,-14.01272],"árbakki 5":[65.2578,-14.01301],"dalbakki 5":[65.25798,-14.01379],"dalbakki 9":[65.25774,-14.01401],"fjarðarbakki 1":[65.25872,-14.01386],"fjarðarbakki 3":[65.25893,-14.01368],"fjarðarbakki 5":[65.25915,-14.01348],"fjarðarbakki 7":[65.2594,-14.01329],"fjarðarbakki 10":[65.25979,-14.01407],"fjarðargata 1":[65.26326,-14.01063],"fjörður 1":[65.26163,-14.01242],"fjörður 4":[65.26198,-14.01252],"fjörður 6":[65.26161,-14.0128],"fossgata 4":[65.26267,-13.99523],"fossgata 7":[65.26274,-13.99474],"garðarsvegur 2":[65.25857,-14.00721],"garðarsvegur 6":[65.25822,-14.00788],"garðarsvegur 11":[65.25598,-14.00955],"garðarsvegur 14":[65.25745,-14.00889],"garðarsvegur 18":[65.25701,-14.00981],"garðarsvegur 22":[65.25637,-14.01034],"garðarsvegur 26":[65.25594,-14.0107],"garðarsvegur 9b":[65.25621,-14.00938],"hafnargata 2":[65.26201,-13.99851],"hafnargata 4":[65.26255,-13.99755],"hafnargata 6":[65.26335,-13.99613],"hafnargata 11":[65.26406,-13.99542],"hafnargata 12":[65.2639,-13.99508],"hafnargata 15":[65.26436,-13.99487],"hafnargata 18b":[65.26421,-13.99414],"hafnargata 24":[65.26437,-13.99362],"árbakki 7":[65.25764,-14.01315],"árbakki 9":[65.2575,-14.0133],"árstígur 1":[65.25881,-14.00788],"árstígur 3":[65.25859,-14.00809],"árstígur 5":[65.2584,-14.00843],"árstígur 6":[65.25881,-14.00859],"árstígur 7":[65.25824,-14.00872],"árstígur 8":[65.25867,-14.00887],"árstígur 9":[65.25808,-14.00898],"árstígur 11":[65.25792,-14.00927],"árstígur 13":[65.2577,-14.00968],"árstígur 15":[65.25747,-14.01006],"árstígur 17":[65.25718,-14.01059],"austurvegur 3":[65.26042,-14.00655],"austurvegur 4":[65.26017,-14.0059],"austurvegur 5":[65.26049,-14.00619],"austurvegur 7":[65.26055,-14.00587],"austurvegur 11":[65.2607,-14.00514],"austurvegur 13":[65.26075,-14.00485],"austurvegur 15":[65.26088,-14.00437],"austurvegur 17b":[65.26116,-14.00434],"austurvegur 21":[65.26119,-14.00294],"austurvegur 23":[65.26127,-14.00252],"austurvegur 30":[65.26116,-14.00084],"austurvegur 36":[65.26141,-13.99925],"austurvegur 40b":[65.26133,-13.99828],"austurvegur 44":[65.26172,-13.99762],"austurvegur 46b":[65.26166,-13.99729],"austurvegur 48":[65.26194,-13.99704],"austurvegur 50":[65.26202,-13.99673],"austurvegur 54":[65.26232,-13.99622],"baugsvegur 1":[65.26073,-13.99951],"baugsvegur 4":[65.26057,-13.99906],"skólavegur 1":[65.25982,-14.00518],"suðurgata 4":[65.25934,-14.00686],"suðurgata 8":[65.25825,-14.00497],"túngata 4":[65.25869,-14.00374],"túngata 6":[65.25885,-14.00334],"túngata 8":[65.25898,-14.00301],"túngata 9":[65.25944,-14.0028],"túngata 10":[65.25927,-14.00227],"túngata 12":[65.25949,-14.00172],"túngata 13":[65.25968,-14.00232],"túngata 14":[65.25972,-14.00116],"túngata 15":[65.25981,-14.00189],"túngata 16":[65.25995,-14.00062],"túngata 17":[65.25993,-14.00153],"túngata 19":[65.26004,-14.00127],"túngata 21":[65.26024,-14.00087],"túngata 23":[65.26042,-14.00047],"vesturvegur 3":[65.25956,-14.00958],"vesturvegur 4":[65.26018,-14.01],"vesturvegur 7":[65.25911,-14.00999],"vesturvegur 15":[65.25841,-14.01079],"öldugata 8":[65.26196,-14.00696],"öldugata 11":[65.26212,-14.00831],"öldugata 13":[65.26224,-14.00856],"öldugata 16":[65.26253,-14.00866],"hafnargata 25":[65.26487,-13.99391],"hafnargata 26":[65.26452,-13.99361],"hafnargata 42":[65.26576,-13.99147],"hafnargata 42b":[65.26569,-13.99066],"hafnargata 44":[65.26612,-13.9912],"hafnargata 44b":[65.26606,-13.99031],"hafnargata 46":[65.26633,-13.99059],"hafnargata 48":[65.26654,-13.99046],"fjarðargata 10":[65.26392,-14.00659],"hlíðarvegur 7":[65.25581,-14.00836],"hlíðarvegur 9":[65.25573,-14.00779],"leirubakki 1":[65.25847,-14.01226],"leirubakki 3":[65.25869,-14.01205],"leirubakki 5":[65.25891,-14.01185],"leirubakki 7":[65.25914,-14.01164],"leirubakki 9":[65.25935,-14.01143],"miðtún 1":[65.26063,-14.00088],"miðtún 2":[65.26089,-14.00113],"miðtún 4":[65.2608,-14.0016],"miðtún 5":[65.2603,-14.00184],"miðtún 7":[65.26016,-14.00241],"miðtún 9":[65.26,-14.0028],"miðtún 10":[65.2604,-14.0029],"miðtún 11":[65.25972,-14.00311],"miðtún 13":[65.25987,-14.00341],"miðtún 16":[65.26011,-14.00383],"múlavegur 1":[65.26026,-13.99979],"múlavegur 2":[65.25952,-14.00081],"múlavegur 3":[65.26003,-13.99985],"múlavegur 4":[65.25937,-14.0012],"múlavegur 5":[65.25978,-14.00003],"múlavegur 6":[65.25922,-14.00158],"múlavegur 7":[65.25951,-14.00019],"múlavegur 9":[65.25914,-14.00058],"múlavegur 10":[65.25891,-14.00234],"múlavegur 11":[65.25899,-14.00007],"múlavegur 13":[65.25873,-14.00055],"múlavegur 15":[65.25893,-14.00111],"múlavegur 17":[65.25874,-14.00162],"múlavegur 21":[65.25835,-14.00157],"múlavegur 25":[65.25839,-14.00248],"múlavegur 27":[65.25817,-14.00205],"múlavegur 31":[65.25818,-14.00295],"múlavegur 35":[65.258,-14.00337],"múlavegur 39":[65.25771,-14.00388],"múlavegur 53":[65.25642,-14.00434],"múlavegur 59":[65.25626,-14.00514],"norðurgata 3":[65.26042,-14.00968],"norðurgata 6":[65.26062,-14.00953],"norðurgata 8":[65.26081,-14.00969],"oddagata 1":[65.26201,-14.00886],"oddagata 4b":[65.2622,-14.01018],"oddagata 6":[65.2618,-14.01019],"ránargata 2a":[65.26321,-14.01212],"ránargata 8":[65.26548,-14.0113],"ránargata 15":[65.26664,-14.01065],"austurvegur 15c":[65.26097,-14.00447],"bjólfsgata 3":[65.26189,-14.00812],"hlíðarvegur 15":[65.25558,-14.0071],"múlavegur 50":[65.25582,-14.00644],"vallargata 2c":[65.25738,-14.0077],"vallargata 2d":[65.25733,-14.00751],"austurvegur 17":[65.26098,-14.00391],"austurvegur 18":[65.26088,-14.00263],"hafnargata 40b":[65.26553,-13.99112],"túngata 11":[65.2595,-14.00264],"ránargata 17":[65.26803,-14.01185],"ránargata 13":[65.26685,-14.01216],"oddagata 2":[65.26233,-14.00915],"suðurgata 5":[65.25929,-14.00555],