{"hesthúsalóð 1":[65.25182,-14.01937],"fjarðarsel 3":[65.24446,-14.03038],"sandgata 5":[65.28508,-13.9726],"útvegur 7":[65.28612,-13.9631],"vestdalseyrarvegur 2":[65.27229,-14.00907],"hesthúsalóð 2":[65.25145,-14.01985],"hesthúsalóð 4":[65.25085,-14.02061],"fjarðarsel 4":[65.24467,-14.03087],"langahlíð 3":[65.28139,-13.99632],"eyrarvegur 19":[65.28432,-13.97506],"eyrarvegur 15":[65.28426,-13.9756],"eyrarvegur 11":[65.28418,-13.97611],"eyrarvegur 17":[65.28401,-13.97516],"eyrarvegur 9":[65.28383,-13.97666],"eyrarvegur 7":[65.28376,-13.97709],"eyrarvegur 5":[65.2837,-13.97738],"eyrarvegur 3":[65.28365,-13.97777],"hjallavegur 3":[65.28433,-13.97796],"hjallavegur 7":[65.28462,-13.97667],"sandgata 3":[65.28562,-13.97302],"sandgata 1":[65.28606,-13.97499],"sandgata 7":[65.28586,-13.97141],"langahlíð 4":[65.28157,-13.99563],"langahlíð 2":[65.28087,-13.99864],"brimnes 2":[65.31014,-13.77724],"fjarðarsel 8":[65.24602,-14.02739],"langahlíð 1":[65.28039,-14.00049],"vestdalseyrarvegur 7":[65.27724,-14.00689],"hesthúsalóð 3":[65.25112,-14.02004],"langahlíð 5":[65.28207,-13.9936]}