{"fjörður 1":[65.18998,-14.02476],"brekkubrún 2":[65.20456,-13.8011],"þinghólsvegur 7":[65.20393,-13.79218],"sandhús 1":[65.20403,-13.81126],"þinghólsvegur 3":[65.20381,-13.79115],"brekkubrún 3":[65.20461,-13.80183],"eyri 1":[65.20429,-13.8146],"brekkubrún 1":[65.20459,-13.80149],"þinghólsvegur 9":[65.20401,-13.79334],"þinghólsvegur 5":[65.20386,-13.79167],"þinghólsvegur 1":[65.20373,-13.79063],"fjörður 2":[65.18888,-14.02722],"höfðabrekka 1":[65.2039,-13.81074],"þinghólsvegur 13a":[65.20387,-13.79519],"sandhús 2":[65.20417,-13.81175]}