{"breiðvangur 2":[65.52498,-13.81216],"ásbrún 2":[65.52529,-13.81086],"ásbrún 1":[65.52531,-13.81103],"dagsbrún 1":[65.52507,-13.81129],"breiðvangur 1":[65.52504,-13.81212],"jörfi 1":[65.52588,-13.81293],"jörfi 2":[65.52584,-13.8137],"bakkavegur 1":[65.52906,-13.81747],"víkurnes 2":[65.52529,-13.81192],"dagsbrún 2":[65.52505,-13.81115],"bakki 1":[65.52585,-13.82472],"víkurnes 1":[65.52535,-13.81189],"bakkavegur 3":[65.52936,-13.81727],"bakkavegur 7":[65.52962,-13.81776],"bakkavegur 5":[65.52939,-13.81782],"bakkavegur 9":[65.52959,-13.81719],"bakkavegur 10":[65.52947,-13.81609],"sæberg 2":[65.53049,-13.81768],"bakkavegur 6":[65.52929,-13.81655],"lækjargrund 1":[65.52453,-13.81163],"lækjarbrún 2":[65.52468,-13.81151],"lækjarbrún 1":[65.52483,-13.8114],"lækjargrund 2":[65.52438,-13.81173],"bakkavegur 22":[65.53053,-13.81605],"bakkavegur 28":[65.5313,-13.8159],"bakkavegur 30":[65.53155,-13.8158]}