{"grund 2":[65.48534,-13.84726],"snotrunes 1":[65.55341,-13.8197],"gilsárvellir 1":[65.48995,-13.84608],"sólbakki 2":[65.50877,-13.79439],"úlfsstaðir 1":[65.35342,-13.93665],"snotrunes 2":[65.5534,-13.81959],"hvannstóð 1":[65.46437,-13.86878],"geitland 3":[65.53434,-13.8305],"jökulsármóar 2":[65.51329,-13.81638],"geitavík 2":[65.54272,-13.82483],"geitavík 1":[65.54175,-13.82255],"grund 1":[65.4859,-13.84661],"gilsárvellir 2":[65.49146,-13.84072],"stakkahlíð 2":[65.36848,-13.86669],"njarðvík 1":[65.56152,-13.92896],"gilsárvellir 3":[65.48926,-13.84325],"ós 1":[65.52308,-13.79844],"geitland 2":[65.53525,-13.83392]}