{"hæðargerði 37":[65.0356,-14.20844],"hæðargerði 39":[65.03557,-14.20937],"efstagerði 2":[65.03724,-14.20853],"efstagerði 4":[65.03706,-14.20852],"efstagerði 6":[65.03688,-14.20872],"efstagerði 8":[65.03686,-14.20815],"efstagerði 10":[65.03685,-14.20784],"efstagerði 12":[65.03682,-14.20754],"efstagerði 14":[65.0368,-14.20723],"efstagerði 1":[65.03716,-14.20804],"efstagerði 3":[65.03714,-14.20776],"efstagerði 5":[65.03712,-14.20742],"efstagerði 7":[65.03712,-14.20721],"hæðargerði 29b":[65.03543,-14.20579],"sunnugerði 22":[65.03264,-14.20593],"melgerði 3":[65.03235,-14.2063],"austurvegur 29":[65.03196,-14.20273],"ásgerði 3":[65.03242,-14.20393],"ásgerði 7":[65.03294,-14.20403],"ásgerði 6":[65.03301,-14.20333],"bakkagerði 2":[65.03304,-14.20286],"bakkagerði 6":[65.03302,-14.20218],"austurvegur 33":[65.0321,-14.20167],"austurvegur 39":[65.03192,-14.20029],"vallargerði 3":[65.0327,-14.20181],"vallargerði 9":[65.03277,-14.2002],"vallargerði 8":[65.03238,-14.20049],"vallargerði 12":[65.03235,-14.19939],"austurvegur 39a":[65.03203,-14.19887],"austurvegur 43":[65.03197,-14.19681],"austurvegur 59a":[65.03096,-14.19184],"melbrekka 9":[65.0344,-14.19766],"heiðarvegur 20":[65.03707,-14.21265],"heiðarvegur 23":[65.03728,-14.21361],"heiðarvegur 22":[65.03717,-14.21214],"heiðarvegur 25":[65.03737,-14.21298],"heiðarvegur 27":[65.03749,-14.21245],"heiðarvegur 24":[65.03722,-14.21154],"heiðarvegur 29":[65.03754,-14.21199],"heiðarvegur 26":[65.03718,-14.21091],"heiðarvegur 28":[65.03725,-14.21015],"heiðarvegur 31":[65.03757,-14.21141],"heiðarvegur 33":[65.03758,-14.21064],"heiðarvegur 35":[65.03756,-14.21011],"heiðarvegur 23b":[65.03747,-14.2139],"heiðarvegur 23c":[65.03762,-14.21387],"heiðarvegur 25b":[65.03766,-14.21325],"hæðargerði 1c":[65.03695,-14.20941],"hæðargerði 3":[65.03658,-14.20946],"hæðargerði 7":[65.03648,-14.20837],"hæðargerði 9":[65.03622,-14.20765],"hæðargerði 13":[65.03627,-14.20871],"hæðargerði 2":[65.03685,-14.21003],"hæðargerði 6":[65.03669,-14.21006],"austurvegur 1":[65.03278,-14.216],"öldugata 3":[65.03231,-14.21463],"öldugata 2":[65.03245,-14.21691],"öldugata 6":[65.03216,-14.21615],"óseyri 4":[65.03158,-14.21559],"austurvegur 12":[65.03246,-14.21363],"austurvegur 7":[65.03269,-14.2125],"austurvegur 11":[65.03269,-14.21097],"sunnugerði 5b":[65.03318,-14.21226],"austurvegur 19":[65.03252,-14.20806],"austurvegur 20":[65.03185,-14.20726],"sunnugerði 16":[65.03279,-14.20771],"sunnugerði 17":[65.03304,-14.2075],"austurvegur 21":[65.03227,-14.20744],"austurvegur 24":[65.03158,-14.20531],"brekkugata 11":[65.03422,-14.21961],"eyrarstígur 1":[65.03334,-14.21897],"eyrarstígur 3":[65.03337,-14.21941],"eyrarstígur 4":[65.0336,-14.21939],"árgata 1":[65.03437,-14.2185],"árgata 3":[65.03461,-14.21837],"árgata 5":[65.03468,-14.21836],"árgata 7":[65.03494,-14.21793],"mánagata 1":[65.03296,-14.21718],"mánagata 2":[65.03291,-14.21629],"mánagata 3":[65.03319,-14.21697],"mánagata 4":[65.0333,-14.2165],"mánagata 5":[65.03342,-14.21688],"mánagata 6":[65.03357,-14.21632],"austurvegur 59b":[65.03115,-14.19198],"austurvegur 63":[65.03069,-14.19055],"austurvegur 65":[65.03071,-14.19017],"austurvegur 70":[65.02982,-14.18843],"leiruvogur 2":[65.03362,-14.23219],"búðareyri 17":[65.03361,-14.22541],"búðareyri 11":[65.03314,-14.22259],"sjávargata 1":[65.03257,-14.2244],"ægisgata 70":[65.03202,-14.2272],"búðargata 2":[65.03234,-14.22272],"búðargata 6":[65.03188,-14.2228],"búðargata 7":[65.03163,-14.22201],"ægisgata 5":[65.03098,-14.22026],"hafnargata 1":[65.0323,-14.21855],"búðareyri 6":[65.03322,-14.22126],"búðareyri 5":[65.03283,-14.22031],"búðareyri 3":[65.03279,-14.21976],"brekkugata 4":[65.03368,-14.22037],"brekkugata 6":[65.03378,-14.21988],"brekkugata 8":[65.03386,-14.21934],"brekkugata 9":[65.03401,-14.22018],"heiðarvegur 17":[65.03649,-14.21459],"heiðarvegur 21":[65.03698,-14.21441],"heiðarvegur 18":[65.03696,-14.21327],"mánagata 7":[65.03362,-14.21702],"mánagata 9":[65.03394,-14.21677],"mánagata 11":[65.03418,-14.21672],"mánagata 17":[65.03474,-14.21679],"mánagata 21":[65.0352,-14.2165],"mánagata 25":[65.0356,-14.21598],"mánagata 14":[65.03505,-14.21572],"mánagata 16":[65.0353,-14.21563],"holtagata 1":[65.03435,-14.21608],"holtagata 3":[65.03446,-14.21531],"tungumelur 3":[65.03493,-14.22168],"tungumelur 5":[65.03483,-14.22144],"tungumelur 9":[65.03472,-14.22116],"tungumelur 11":[65.03458,-14.22144],"tungumelur 13":[65.03465,-14.22164],"tungumelur 15":[65.03469,-14.22172],"tungumelur 17":[65.03479,-14.22198],"tungumelur 19":[65.03485,-14.2221],"kvíabrekka 4":[65.03521,-14.22124],"kvíabrekka 6":[65.03516,-14.2211],"kvíabrekka 8":[65.03506,-14.22089],"kvíabrekka 10":[65.03502,-14.22079],"kvíabrekka 12":[65.03494,-14.22059],"búðareyri 33a":[65.03411,-14.23128],"búðareyri 29":[65.03413,-14.2287],"búðareyri 28":[65.03458,-14.22832],"búðareyri 21":[65.03391,-14.22682],"búðareyri 19":[65.03384,-14.22634],"nesbraut 2":[65.03331,-14.22722],"nesbraut 8":[65.03329,-14.2298],"hlunnavogur 2":[65.03334,-14.22652],"hlunnavogur 3":[65.03321,-14.22582],"mánagata 29":[65.03589,-14.21495],"hjallavegur 1":[65.03595,-14.21375],"hjallavegur 5":[65.03602,-14.21254],"hjallavegur 4":[65.03569,-14.21305],"heiðarvegur 2":[65.03296,-14.21339],"heiðarvegur 4":[65.03319,-14.21337],"heiðarvegur 8":[65.03361,-14.21342],"heiðarvegur 12":[65.03412,-14.21348],"lundargata 2":[65.03324,-14.21553],"lundargata 4":[65.03316,-14.21512],"heiðarvegur 5":[65.03415,-14.21417],"heiðarvegur 11":[65.03535,-14.21439],"heiðarvegur 14":[65.03569,-14.21388],"hæðargerði 10":[65.03669,-14.21097],"hæðargerði 10b":[65.03674,-14.21073],"hæðargerði 12":[65.03648,-14.21097],"hæðargerði 14":[65.03623,-14.21088],"hæðargerði 16":[65.03597,-14.2108],"hæðargerði 18":[65.03576,-14.21052],"hæðargerði 20":[65.03617,-14.20998],"hæðargerði 22":[65.03611,-14.20997],"hæðargerði 24":[65.03586,-14.20989],"hæðargerði 26":[65.0358,-14.20986],"hæðargerði 28":[65.0356,-14.20981],"hæðargerði 17":[65.03586,-14.20929],"hæðargerði 19":[65.03584,-14.20866],"hæðargerði 21":[65.03579,-14.20811],"hæðargerði 25":[65.03575,-14.20705],"hæðargerði 27":[65.03572,-14.20638],"hæðargerði 29":[65.03545,-14.20626],"hæðargerði 23":[65.03576,-14.20752],"stekkjargrund 2":[65.03548,-14.23248],"stekkjargrund 4":[65.0355,-14.23222],"stekkjargrund 7":[65.03599,-14.23032],"stekkjargrund 11":[65.03601,-14.22906],"stekkjargrund 8":[65.03557,-14.23104],"stekkjargrund 12":[65.03561,-14.23013],"stekkjarbrekka 1":[65.03508,-14.23304],"stekkjarbrekka 3":[65.03512,-14.23235],"stekkjarbrekka 6":[65.03475,-14.23235],"stekkjarbrekka 14":[65.03487,-14.23029],"stekkjarbrekka 18":[65.03495,-14.22934],"stekkjarbrekka 13":[65.03532,-14.22972],"stekkjarbrekka 9":[65.03527,-14.23069],"stekkjarbrekka 5":[65.03509,-14.23178],"tungumelur 16":[65.0353,-14.22253],"tungumelur 20":[65.03519,-14.22225],"sunnugerði 18":[65.03273,-14.20704],"sunnugerði 21":[65.0329,-14.20642],"sunnugerði 23":[65.03296,-14.20585],"melgerði 15":[65.0343,-14.212],"bakkagerði 10":[65.0331,-14.20089],"bakkagerði 12":[65.0331,-14.20031],"bakkagerði 14":[65.03312,-14.19974],"bakkagerði 16":[65.03306,-14.19917],"bakkagerði 18":[65.03303,-14.1986],"bakkagerði 20":[65.033,-14.19808],"bakkagerði 11":[65.03326,-14.19877],"bakkagerði 3":[65.03337,-14.20278],"kvíabrekka 1a":[65.03573,-14.22164],"kvíabrekka 1c":[65.03561,-14.22136],"kvíabrekka 1e":[65.03535,-14.22075],"búðarmelur 16b":[65.03571,-14.22043],"búðarmelur 16d":[65.03593,-14.22094],"búðarmelur 14b":[65.03584,-14.22011],"búðarmelur 14d":[65.03597,-14.22045],"stekkjartún 1":[65.03806,-14.22776],"stekkjartún 3":[65.03836,-14.22781],"stekkjartún 5":[65.0386,-14.22813],"stekkjartún 7":[65.03877,-14.22859],"búðareyri 35":[65.03409,-14.23251],"leiruvogur 8":[65.0327,-14.23185],"melgerði 7":[65.03362,-14.20667],"melgerði 9":[65.03369,-14.20759],"melgerði 13":[65.03345,-14.20947],"tungumelur 4":[65.03536,-14.2222],"tungumelur 8":[65.0355,-14.22251],"tungumelur 12":[65.03545,-14.2229],"stekkjarholt 2":[65.03634,-14.231],"stekkjarholt 4":[65.03636,-14.2304],