{"hjallaleira 3":[65.03171,-14.23966],"fagradalsbraut 3":[65.0309,-14.25743],"fagradalsbraut 4":[65.03056,-14.25739],"fagradalsbraut 20":[65.03105,-14.26196],"austurvegur 80":[65.02964,-14.18191],"hjallaleira 8":[65.03103,-14.23776],"hjallaleira 9":[65.03141,-14.23765],"kollaleira 2":[65.03647,-14.23944],"hjallaleira 5":[65.03165,-14.239],"hjallaleira 12":[65.0297,-14.23835],"hjallaleira 15":[65.03061,-14.23677],"hraun 2":[65.02967,-14.11986],"sléttunes 1":[65.02701,-14.27463],"fagradalsbraut 7":[65.03019,-14.25692],"kollaleira 4":[65.03358,-14.25325],"hraun 7a":[65.03041,-14.11634],"hraun 1":[65.03419,-14.0988],"fagradalsbraut 10":[65.02982,-14.25682],"fagradalsbraut 5":[65.03095,-14.25706],"sómastaðir 3":[65.03641,-14.10787],"hjallaleira 25":[65.0293,-14.24014],"hafnarlóð 3":[65.02889,-14.10864],"hjallanes 6":[65.03058,-14.24109],"hjallanes 8":[65.03039,-14.24071],"hjallanes 10":[65.0303,-14.24009],"fagradalsbraut 1":[65.03078,-14.25799],"hjallaleira 23":[65.02915,-14.23806],"hraun 5":[65.03071,-14.11992],"hraun 3":[65.03087,-14.12316],"seljateigshjáleiga 2":[65.03171,-14.28598],"hraun 4":[65.02968,-14.12117],"hraun 10":[65.02898,-14.12049],"hjallaleira 2":[65.03095,-14.24065],"sómastaðir 2":[65.03148,-14.12595],"hraun 6":[65.02955,-14.12294],"hraun 7":[65.02982,-14.11692],"hraun 8":[65.02877,-14.11807],"hraun 9":[65.02901,-14.11559],"hraun 12":[65.02888,-14.12276],"hraun 14":[65.02874,-14.12733],"hjallaleira 1":[65.03145,-14.24067],"kollaleira 1":[65.03539,-14.24165],"hraun 11":[65.02829,-14.11621],"hraun 13":[65.02758,-14.11705],"kollaleira 2a":[65.03653,-14.23681],"hjallaleira 21":[65.02907,-14.23703]}