{"réttarstígur 1a":[65.06499,-14],"strandgata 75":[65.06806,-14.00565],"strandgata 11":[65.07616,-14.02284],"dalbraut 3":[65.07923,-14.03911],"dalbarð 4":[65.08021,-14.03725],"strandgata 9a":[65.07636,-14.02357],"bleiksárhlíð 2":[65.07788,-14.02996],"bleiksárhlíð 4":[65.0779,-14.02955],"strandgata 37b":[65.07324,-14.01686],"tungustígur 5":[65.07349,-14.0157],"útkaupstaðarbraut 3b":[65.07219,-14.01477],"strandgata 98b":[65.0641,-13.99751],"bakkastígur 10a":[65.07221,-14.01249],"langidalur 2":[65.08006,-14.04337],"langidalur 4":[65.07986,-14.04364],"langidalur 6":[65.07966,-14.04389],"langidalur 8":[65.07947,-14.04416],"langidalur 10":[65.07926,-14.04442],"langidalur 12":[65.07907,-14.04471],"langidalur 14":[65.07887,-14.04496],"langidalur 17":[65.07839,-14.04441],"skammidalur 2":[65.0794,-14.04219],"skammidalur 3":[65.07914,-14.0428],"skammidalur 5":[65.07924,-14.04331],"skammidalur 7":[65.07931,-14.0436],"ystidalur 3":[65.07828,-14.03999],"ystidalur 2":[65.07827,-14.04102],"marbakki 7":[65.07505,-14.02801],"leirukrókur 3":[65.07561,-14.03253],"miðdalur 1":[65.07895,-14.04164],"miðdalur 3":[65.07888,-14.04135],"miðdalur 5":[65.07885,-14.04117],"miðdalur 7":[65.07877,-14.0409],"miðdalur 9":[65.07874,-14.04074],"miðdalur 11":[65.07866,-14.04047],"lambeyrarbraut 14":[65.07062,-14.01078],"dalbarð 6":[65.08006,-14.0367],"ystidalur 7":[65.07783,-14.04052],"árdalur 3":[65.07735,-14.04187],"árdalur 5":[65.07747,-14.04238],"árdalur 7":[65.07758,-14.04292],"árdalur 9":[65.07773,-14.04346],"árdalur 11":[65.07784,-14.04391],"árdalur 13":[65.07793,-14.04443],"árdalur 15":[65.07805,-14.04496],"árdalur 17":[65.07815,-14.04548],"árdalur 19":[65.07827,-14.04601],"miðdalur 2":[65.07952,-14.04061],"miðdalur 4":[65.07957,-14.0408],"miðdalur 6":[65.07962,-14.04098],"miðdalur 8":[65.07966,-14.04116],"miðdalur 10":[65.0797,-14.04135],"miðdalur 13":[65.07858,-14.0423],"miðdalur 14":[65.07871,-14.0429],"miðdalur 15":[65.07837,-14.0426],"miðdalur 16":[65.07848,-14.0432],"árdalur 2":[65.07774,-14.04174],"langidalur 16":[65.07868,-14.04525],"bleiksárhlíð 22":[65.07721,-14.02418],"túngata 7":[65.07236,-14.01303],"túngata 8":[65.07238,-14.0138],"túngata 9a":[65.07205,-14.01284],"túngata 11a":[65.07194,-14.01266],"túngata 13":[65.07187,-14.01195],"tungustígur 1":[65.07332,-14.01639],"tungustígur 4":[65.07357,-14.01596],"útkaupstaðarbraut 2":[65.0724,-14.01567],"útkaupstaðarbraut 4":[65.0726,-14.01484],"strandgata 71a":[65.06821,-14.00654],"strandgata 73":[65.06811,-14.00626],"strandgata 75b":[65.06787,-14.0055],"strandgata 78":[65.06591,-14.00345],"strandgata 79b":[65.0667,-14.00373],"strandgata 81":[65.0659,-14.00235],"strandgata 83":[65.06578,-14.00216],"strandgata 85":[65.0656,-14.002],"strandgata 86b":[65.0648,-14.00134],"strandgata 88":[65.06459,-14.00051],"strandgata 90":[65.06471,-14.0001],"strandgata 92":[65.06459,-13.99987],"strandgata 94":[65.0644,-13.99992],"strandgata 95":[65.06476,-13.99875],"strandgata 97":[65.06452,-13.99826],"svínaskálahlíð 1":[65.06656,-14.00033],"svínaskálahlíð 3":[65.06643,-14.00012],"svínaskálahlíð 5":[65.06625,-13.99962],"svínaskálahlíð 7":[65.06614,-13.99917],"svínaskálahlíð 9":[65.06594,-13.9984],"svínaskálahlíð 11":[65.06571,-13.99761],"svínaskálahlíð 13":[65.06552,-13.99705],"svínaskálahlíð 15":[65.06539,-13.9966],"svínaskálahlíð 17":[65.06517,-13.99611],"svínaskálahlíð 19":[65.065,-13.99565],"svínaskálahlíð 21":[65.06483,-13.9952],"túngata 1":[65.07306,-14.01414],"strandgata 33":[65.07394,-14.01679],"bakkastígur 3c":[65.07307,-14.01267],"strandgata 75c":[65.06772,-14.00548],"strandgata 11b":[65.07645,-14.02233],"strandgata 18":[65.07507,-14.02191],"fífubarð 11":[65.08017,-14.04079],"fossgata 2":[65.07325,-14.01197],"fossgata 4":[65.07301,-14.0115],"fossgata 5a":[65.07302,-14.01084],"fossgata 7":[65.07274,-14.01049],"grjótárgata 6":[65.07327,-14.01367],"hátún 3":[65.07143,-14.00943],"hátún 5":[65.07127,-14.00917],"hátún 9":[65.0708,-14.00864],"hátún 11":[65.0706,-14.00835],"hátún 13":[65.07021,-14.00753],"hátún 17":[65.06992,-14.00692],"hátún 20":[65.06978,-14.00731],"hátún 23":[65.06939,-14.00581],"hátún 24":[65.06939,-14.00668],"helgafell 2":[65.07092,-14.00814],"helgafell 5":[65.07061,-14.00701],"helgafell 9":[65.07022,-14.0061],"hlíðarendavegur 1a":[65.06606,-14.00059],"hlíðarendavegur 1b":[65.06615,-14.00089],"hlíðarendavegur 2":[65.06585,-14.00091],"hlíðarendavegur 3":[65.06587,-14.00007],"hlíðarendavegur 4a":[65.06569,-14.00058],"hlíðarendavegur 4b":[65.06558,-14.00092],"hlíðarendavegur 5":[65.06565,-13.99948],"hlíðarendavegur 5a":[65.06588,-13.99958],"hlíðarendavegur 6b":[65.06534,-14.00034],"hlíðarendavegur 7":[65.06547,-13.99876],"hlíðarendavegur 10":[65.06501,-13.99834],"hólsvegur 1":[65.07048,-14.00961],"hólsvegur 2":[65.07027,-14.01008],"fagrahlíð 3":[65.07885,-14.02995],"hólsvegur 3a":[65.07022,-14.009],"hólsvegur 4b":[65.0701,-14.01005],"hólsvegur 7":[65.06996,-14.00837],"hólsvegur 9b":[65.06984,-14.00798],"hólsvegur 11":[65.06959,-14.00754],"kirkjustígur 1b":[65.0717,-14.01407],"kirkjustígur 3":[65.07185,-14.01396],"kirkjustígur 5":[65.07189,-14.01351],"kirkjustígur 8":[65.07211,-14.01376],"lambeyrarbraut 2":[65.07157,-14.01224],"lambeyrarbraut 4":[65.07143,-14.01182],"lambeyrarbraut 6":[65.07134,-14.01152],"lambeyrarbraut 8":[65.07123,-14.01118],"lambeyrarbraut 12":[65.07105,-14.01057],"réttarstígur 5":[65.06525,-13.99912],"smiðjustígur 2":[65.06592,-14.00188],"smiðjustígur 4":[65.06598,-14.00142],"steinholtsvegur 1":[65.06777,-14.00424],"steinholtsvegur 3":[65.0675,-14.00393],"steinholtsvegur 5":[65.06728,-14.00354],"steinholtsvegur 7":[65.06714,-14.00316],"steinholtsvegur 9":[65.06696,-14.00296],"steinholtsvegur 12":[65.06653,-14.0031],"strandgata 1a":[65.07767,-14.02906],"strandgata 1b":[65.07759,-14.02848],"strandgata 3b":[65.07747,-14.02724],"strandgata 5":[65.07712,-14.02607],"strandgata 11a":[65.07606,-14.02232],"strandgata 12b":[65.07674,-14.02661],"strandgata 13":[65.07588,-14.02176],"strandgata 14":[65.0764,-14.02586],"strandgata 14a":[65.07615,-14.02465],"strandgata 15":[65.07586,-14.02023],"strandgata 16":[65.07555,-14.02254],"strandgata 19":[65.07555,-14.01945],"bogahlíð 14":[65.08114,-14.03914],"strandgata 24a":[65.07431,-14.0189],"strandgata 19a":[65.07521,-14.01926],"strandgata 21":[65.07539,-14.01884],"strandgata 21a":[65.07506,-14.01886],"strandgata 23":[65.07523,-14.01842],"strandgata 25":[65.07502,-14.01825],"strandgata 28a":[65.074,-14.01801],"strandgata 29":[65.07453,-14.0173],"strandgata 29a":[65.07456,-14.01802],"strandgata 30a":[65.07382,-14.0179],"strandgata 30b":[65.07373,-14.01847],"strandgata 31":[65.07425,-14.01761],"strandgata 33a":[65.07395,-14.01745],"strandgata 34a":[65.07313,-14.01797],"strandgata 35":[65.0736,-14.01681],"strandgata 35a":[65.07366,-14.01633],"strandgata 39":[65.0722,-14.01588],"strandgata 41":[65.07184,-14.01558],"strandgata 48a":[65.07096,-14.01426],"strandgata 50":[65.07085,-14.01379],"strandgata 53":[65.07062,-14.01208],"strandgata 58":[65.06972,-14.01074],"strandgata 59":[65.06992,-14.01034],"strandgata 61":[65.06992,-14.00995],"strandgata 64":[65.06894,-14.00869],"strandgata 66":[65.06843,-14.00793],"strandgata 68":[65.06801,-14.00707],"strandgata 69b":[65.06856,-14.00675],"strandgata 70b":[65.06763,-14.0062],"bogahlíð 2":[65.08056,-14.03784],"bogahlíð 6":[65.08074,-14.03793],"bleiksárhlíð 69":[65.07366,-14.01441],"botnabraut 3":[65.07167,-14.0105],"brekkubarð 2":[65.07972,-14.03674],"dalbarð 8":[65.07992,-14.036],"fagrahlíð 4":[65.07866,-14.02919],"fagrahlíð 11":[65.07882,-14.02769],"fagrahlíð 15":[65.07858,-14.02654],"fagrahlíð 17":[65.07848,-14.02604],"fagrahlíð 21":[65.07828,-14.02511],"fífubarð 2":[65.07995,-14.03847],"fífubarð 4":[65.08004,-14.03885],"fífubarð 6":[65.08018,-14.03938],"fífubarð 8":[65.08026,-14.03992],"strandgata 4":[65.07734,-14.03172],"strandgata 10":[65.07712,-14.02878],"strandgata 27":[65.07488,-14.01798],"strandgata 32":[65.07334,-14.01765],"strandgata 34":[65.07313,-14.01754],"strandgata 36":[65.07278,-14.01726],