{"hvammur 1":[65.04584,-13.90945],"strandgata 120":[65.05998,-13.99235],"strandgata 122":[65.05974,-13.99328],"helgustaðir 2":[65.0379,-13.87494],"högnastaðir 2":[65.04897,-13.93815],"kirkjuból 2":[65.02393,-13.63151],"símonartún 8":[65.05307,-13.96591],"sigmundarhús 2":[65.0424,-13.8925],"daltún 9":[65.0811,-14.0507],"byggðarholt 1":[65.08148,-14.06417],"ímastaðir innribær 2":[65.03304,-13.64928]}