{"skorrastaður 3b":[65.12461,-13.79949],"skorrastaður 1a":[65.12463,-13.79702],"skorrastaður 2":[65.1249,-13.79626],"efri-skálateigur 2":[65.1241,-13.81031],"hof 1":[65.1306,-13.76821],"skuggahlíðarháls 18":[65.10896,-13.85195],"skuggahlíð 3":[65.11231,-13.8235],"skorrastaður 3a":[65.1244,-13.79921],"efri-skálateigur 1":[65.12369,-13.80738],"skorrastaður 3":[65.12468,-13.80024],"kirkjubólseyri 2":[65.12053,-13.84346],"golfskáli 2":[65.12365,-13.76922],"skuggahlíðarháls 9":[65.1105,-13.84761],"efri-skálateigur 1a":[65.12406,-13.80654],"skorrastaður 1":[65.12493,-13.797],"ormsstaðir 3":[65.132,-13.72705],"skuggahlíðarháls 10e":[65.10985,-13.84837],"skuggahlíðarháls 6n":[65.11124,-13.84223],"eyjan 1":[65.12153,-13.76955],"skorrastaður 1b":[65.12488,-13.79644],"golfskáli 1":[65.12306,-13.76893],"ormsstaðir 4":[65.13597,-13.75621],"ormsstaðir 2":[65.13179,-13.75975],"kirkjubólseyri 14":[65.12029,-13.8408],"dalland 1":[65.12681,-13.81985],"efri-miðbær 2":[65.12882,-13.77932]}