{"grímseyri 11a":[64.93397,-14.0325],"hólsstígur 2":[64.92782,-14.00079],"bæjarstígur 1":[64.93152,-14.01495],"skólavegur 85b":[64.93159,-14.01747],"hafnargata 31":[64.92865,-14.00967],"skólavegur 70a":[64.93092,-14.01256],"búðavegur 12b":[64.92841,-14.00586],"skólavegur 72a":[64.93106,-14.01317],"búðavegur 8":[64.92803,-14.00531],"búðavegur 13":[64.92837,-14.00697],"hafnargata 33":[64.92875,-14.01044],"hafnargata 7":[64.92606,-14.00008],"hafnargata 3":[64.92519,-13.99603],"skólavegur 66a":[64.93069,-14.01163],"skólavegur 67":[64.93018,-14.01227],"skólavegur 68":[64.93071,-14.01243],"skólavegur 68a":[64.93083,-14.01226],"skólavegur 71":[64.93055,-14.01314],"skólavegur 74":[64.93101,-14.01381],"skólavegur 74a":[64.93123,-14.01356],"skólavegur 75":[64.93077,-14.01407],"skólavegur 76":[64.93112,-14.0143],"skólavegur 76a":[64.93133,-14.01416],"skólavegur 77":[64.9309,-14.0146],"skólavegur 78":[64.93127,-14.01525],"skólavegur 80":[64.93141,-14.01559],"skólavegur 80a":[64.93161,-14.01532],"skólavegur 81":[64.93116,-14.01559],"skólavegur 83":[64.9314,-14.01663],"skólavegur 84a":[64.93185,-14.01646],"skólavegur 86":[64.93176,-14.01717],"skólavegur 88":[64.93197,-14.01788],"skólavegur 90":[64.93205,-14.01844],"skólavegur 91":[64.93188,-14.0187],"skólavegur 92":[64.93217,-14.01901],"skólavegur 94":[64.93226,-14.01929],"skólavegur 96":[64.9324,-14.01986],"skólavegur 105":[64.93286,-14.02363],"smiðjustígur 2":[64.93195,-14.02009],"túngata 5":[64.93116,-14.00935],"túngata 11":[64.93054,-14.00699],"stekkholt 9":[64.93523,-14.02351],"stekkholt 13":[64.93497,-14.02204],"stekkholt 15":[64.9348,-14.02151],"stekkholt 20":[64.93436,-14.02123],"garðaholt 7":[64.93457,-14.02921],"holtavegur 7":[64.93602,-14.03019],"hlíðarbrekka 16":[64.93371,-14.01885],"skólavegur 100":[64.93271,-14.02079],"hlíðarbrekka 18":[64.93358,-14.01839],"gilsholt 1":[64.93472,-14.02524],"gilsholt 2":[64.93439,-14.02496],"gilsholt 4":[64.93433,-14.02433],"gilsholt 6":[64.93415,-14.02341],"stekkholt 4":[64.935,-14.02514],"hlíðarbrekka 20":[64.93344,-14.01788],"hlíðarbrekka 22":[64.93328,-14.01738],"hlíðarbrekka 24":[64.93317,-14.01704],"stekkholt 6":[64.93499,-14.02453],"stekkholt 7":[64.93533,-14.02413],"skólavegur 12":[64.92696,-13.99854],"skólavegur 14":[64.92722,-13.99936],"skólavegur 16":[64.92731,-13.99976],"skólavegur 18":[64.92753,-14.00053],"skólavegur 20":[64.9276,-14.00088],"skólavegur 24":[64.92778,-14.00161],"skólavegur 26":[64.92791,-14.00201],"skólavegur 31":[64.92821,-14.00418],"skólavegur 33":[64.92825,-14.0046],"skólavegur 36a":[64.9287,-14.00417],"skólavegur 38a":[64.9288,-14.00443],"skólavegur 39":[64.92871,-14.00608],"skólavegur 44":[64.92908,-14.00662],"skólavegur 46a":[64.92938,-14.00686],"skólavegur 49":[64.92924,-14.00833],"skólavegur 50":[64.92957,-14.00846],"skólavegur 51":[64.92934,-14.00906],"skólavegur 52a":[64.92984,-14.0085],"skólavegur 55":[64.92966,-14.00991],"skólavegur 59":[64.92991,-14.01116],"skólavegur 62":[64.93021,-14.01095],"skólavegur 64a":[64.93056,-14.01114],"garðaholt 4":[64.93436,-14.02639],"búðavegur 57":[64.93156,-14.02147],"hafnargata 1a":[64.925,-13.9946],"hafnargata 12":[64.92647,-14.0006],"hafnargata 17":[64.9271,-14.00428],"hafnargata 23":[64.92803,-14.00712],"hafnargata 30":[64.92873,-14.00879],"hafnargata 35":[64.92893,-14.01125],"hafnargata 32":[64.929,-14.00965],"hafnargata 41":[64.92991,-14.01425],"hafnargata 43":[64.93005,-14.01482],"búðavegur 59":[64.93169,-14.02243],"hafnargata 2":[64.92524,-13.99277],"skólavegur 38b":[64.92871,-14.00515],"hlíðargata 39":[64.93054,-14.01057],"hafnargata 19":[64.92745,-14.00498],"skólavegur 104":[64.93278,-14.02123],"hlíðargata 70":[64.93308,-14.02071],"hlíðargata 74":[64.9331,-14.02117],"skólavegur 106":[64.93282,-14.02143],"skólavegur 110":[64.93285,-14.02174],"skólavegur 112":[64.93288,-14.02191],"hlíðargata 78":[64.93313,-14.02161],"hlíðargata 80":[64.93316,-14.02177],"hlíðargata 82":[64.93316,-14.02203],"álfabrekka 1":[64.93147,-14.01235],"álfabrekka 3":[64.93168,-14.01204],"álfabrekka 5":[64.93184,-14.01177],"álfabrekka 7":[64.93203,-14.0115],"borgarstígur 1":[64.93037,-14.01048],"búðavegur 10a":[64.92831,-14.00541],"búðavegur 28":[64.93011,-14.01279],"búðavegur 30a":[64.93037,-14.01323],"búðavegur 36":[64.93082,-14.01555],"búðavegur 38":[64.93085,-14.01607],"búðavegur 39a":[64.93048,-14.01633],"búðavegur 41a":[64.93064,-14.01719],"búðavegur 45a":[64.93084,-14.01822],"búðavegur 47a":[64.93098,-14.01874],"búðavegur 49":[64.93128,-14.01924],"búðavegur 50":[64.93158,-14.01922],"búðavegur 54":[64.93189,-14.02101],"garðaholt 1":[64.93389,-14.02596],"garðaholt 6":[64.93445,-14.02681],"garðaholt 8b":[64.93462,-14.02744],"hafnargata 8a":[64.92638,-13.99951],"hamarsgata 1":[64.92758,-14.00359],"hamarsgata 3":[64.92776,-14.00346],"hamarsgata 6":[64.9274,-14.00291],"hamarsgata 7":[64.92759,-14.0027],"hamarsgata 9":[64.92748,-14.0023],"hamarsgata 12":[64.92704,-14.00145],"hamarsgata 14":[64.92694,-14.00109],"hamarsgata 18":[64.92664,-14],"hamarsgata 23":[64.92657,-13.99895],"hamarsgata 25":[64.9264,-13.99845],"hlíðargata 4":[64.92843,-14.00074],"hlíðargata 8":[64.92869,-14.00176],"hlíðargata 12":[64.92898,-14.00278],"hlíðargata 15":[64.92923,-14.00503],"hlíðargata 18":[64.92951,-14.00497],"hlíðargata 22":[64.92978,-14.00598],"hlíðargata 25":[64.92968,-14.00668],"hlíðargata 28":[64.93018,-14.00748],"hlíðargata 32":[64.93046,-14.00868],"hlíðargata 34":[64.93059,-14.00912],"hlíðargata 36":[64.93069,-14.00957],"hlíðargata 38":[64.9308,-14.00999],"hlíðargata 42":[64.93111,-14.01106],"hlíðargata 45":[64.93109,-14.01223],"hlíðargata 47":[64.93123,-14.01284],"hlíðargata 53":[64.93174,-14.01482],"hlíðargata 56":[64.93243,-14.01578],"hlíðargata 60":[64.93292,-14.01764],"grímseyri 2":[64.93329,-14.02898],"grímseyri 6":[64.93391,-14.03029],"grímseyri 10":[64.93441,-14.03145],"króksholt 6":[64.93378,-14.02405],"króksholt 10":[64.93355,-14.0231],"skólabrekka 2":[64.93161,-14.01303],"skólabrekka 4":[64.93182,-14.01282],"skólabrekka 6":[64.93202,-14.01252],"skólabrekka 8":[64.93221,-14.01219],"skólavegur 2":[64.92587,-13.99497],"skólavegur 6":[64.92642,-13.99679],"skólavegur 8a":[64.92668,-13.99674],"túngata 1":[64.9315,-14.01052],"hafnargata 36":[64.92923,-14.01034],"búðavegur 6":[64.92786,-14.00459],"skólavegur 107":[64.93302,-14.02413],"óseyri 1":[64.93296,-14.02832],"skólavegur 66":[64.93048,-14.01188],"hamarsgata 17":[64.9269,-14.0003],"búðavegur 37":[64.93058,-14.01577],"króksholt 1":[64.93353,-14.02442],"hafnargata 40":[64.92951,-14.01179],"hlíðargata 62c":[64.93349,-14.01876],"búðavegur 53":[64.93146,-14.02009],"hlíðargata 62b":[64.93348,-14.01866],"skólavegur 27":[64.92782,-14.00281],"hlíðarbrekka 1":[64.93349,-14.02118],"hlíðarbrekka 3":[64.93357,-14.0217],"hlíðarbrekka 7":[64.93376,-14.021],"hlíðarbrekka 9":[64.93399,-14.02041],"hlíðarbrekka 13":[64.93429,-14.01925],"hlíðarbrekka 15":[64.93418,-14.01883],"hlíðarbrekka 25":[64.93357,-14.01643],"hlíðarbrekka 23":[64.93371,-14.01694],"hlíðarbrekka 14":[64.93389,-14.01922],"stekkholt 11":[64.93516,-14.02291],"grímseyri 7":[64.93345,-14.03114],"hlíðargata 40":[64.93088,-14.0104],"hamarsgata 8":[64.92721,-14.00256],"hamarsgata 10":[64.92715,-14.00209],"hamarsgata 13":[64.9272,-14.00119],"hamarsgata 15":[64.92713,-14.00069],"hamarsgata 24":[64.92632,-13.99887],"hlíðargata 2":[64.9283,-14.00013],"hlíðargata 6":[64.92853,-14.00138],"hlíðargata 10":[64.92888,-14.00244],"hlíðargata 14":[64.92914,-14.00335],"hlíðargata 16":[64.92939,-14.00449],"hlíðargata 20":[64.92968,-14.0056],"hlíðargata 24":[64.92989,-14.00641],"hlíðargata 68":[64.93308,-14.02049],"hlíðargata 72":[64.93309,-14.02096],"hlíðargata 76":[64.93312,-14.02138],"skólavegur 108":[64.93283,-14.0216],"skólavegur 8":[64.92655,-13.99721],"skólavegur 10":[64.92679,-13.99808],"hlíðargata 26":[64.93003,-14.00696],"hlíðargata 30":[64.9303,-14.00792],"hlíðargata 33":[64.93021,-14.00892],"hlíðargata 35":[64.93034,-14.00934],"hlíðargata 37":[64.93042,-14.00975],"hlíðargata 41":[64.93086,-14.01111],