{"brimnes 2":[64.92149,-13.90015],"hvammur 1":[64.87519,-13.7965],"hvammur 2":[64.87565,-13.79685],"hólagerði 1":[64.954,-14.13566],"brimnes 1":[64.92126,-13.8982],"vattarnes 1":[64.93193,-13.6939],"þernunes 1":[64.98158,-13.8843],"nesvegur 13":[64.93292,-14.04354],"goðatún 4":[64.93237,-14.04561],"goðatún 6a":[64.93235,-14.04657],"þernunes 2":[64.98116,-13.88515],"nesvegur 2":[64.93505,-14.04697],"hvammur 3":[64.87562,-13.79692],"brimnes 3":[64.92239,-13.89883],"gvendarnes 6":[64.8508,-13.77137],"tunguholt 2":[64.93376,-14.0863],"gvendarnes 5":[64.85032,-13.77208],"hólagerði 2":[64.95355,-14.13296],"goðatún 6":[64.93255,-14.04619],"goðatún 7":[64.93327,-14.04602],"goðatún 7a":[64.93338,-14.04559],"goðatún 9":[64.93352,-14.04633],"goðatún 5":[64.93298,-14.04565],"goðatún 5a":[64.93312,-14.04526],"búðir 1":[64.93534,-14.0147],"ljósaland 1":[64.93935,-14.03825]}