{"fjarðarbraut 31a":[64.83508,-13.87771],"fjarðarbraut 37a":[64.83457,-13.87548],"fjarðarbraut 40a":[64.83346,-13.87628],"bakkagerði 2":[64.83337,-13.87291],"bankastræti 3":[64.83263,-13.87498],"borgargerði 2":[64.83528,-13.86839],"borgargerði 6":[64.83534,-13.8696],"borgargerði 10":[64.83537,-13.87063],"borgargerði 14":[64.83541,-13.87173],"borgargerði 18":[64.83553,-13.8728],"fjarðarbraut 9":[64.83605,-13.88357],"fjarðarbraut 15":[64.83571,-13.88201],"fjarðarbraut 19":[64.83553,-13.88117],"fjarðarbraut 23":[64.83531,-13.88007],"fjarðarbraut 29":[64.83496,-13.87845],"fjarðarbraut 35":[64.83456,-13.87728],"fjarðarbraut 38":[64.83407,-13.87762],"fjarðarbraut 41":[64.83356,-13.87523],"fjarðarbraut 43":[64.83333,-13.87464],"fjarðarbraut 48":[64.83279,-13.87256],"fjarðarbraut 50":[64.83273,-13.87194],"fjarðarbraut 53":[64.83295,-13.87129],"fjarðarbraut 55":[64.8329,-13.87064],"fjarðarbraut 57":[64.83281,-13.86787],"fjarðarbraut 61":[64.83262,-13.86655],"fjarðarbraut 64":[64.83224,-13.86588],"gildrumelur 2":[64.83288,-13.86568],"grenimelur 13":[64.83308,-13.86298],"heiðmörk 1":[64.83376,-13.86815],"heiðmörk 3":[64.83394,-13.86782],"heiðmörk 5":[64.83414,-13.86747],"heiðmörk 7":[64.83432,-13.86705],"heiðmörk 8":[64.83411,-13.86654],"heiðmörk 9":[64.83452,-13.86669],"heiðmörk 11":[64.83481,-13.86615],"heiðmörk 12":[64.83453,-13.86564],"heiðmörk 15":[64.83475,-13.86735],"heiðmörk 19":[64.83462,-13.86748],"hólaland 4":[64.83422,-13.86904],"hólaland 8":[64.83461,-13.86915],"hólaland 14":[64.83492,-13.86952],"hólaland 18":[64.83499,-13.87077],"hólaland 20":[64.83501,-13.87125],"fjarðarbraut 40b":[64.8331,-13.87595],"fjarðarbraut 1":[64.83688,-13.88652],"skólabraut 5":[64.83416,-13.8748],"skólabraut 10":[64.83392,-13.87368],"skólabraut 12":[64.8339,-13.87311],"skólabraut 16":[64.83387,-13.87213],"skólabraut 20":[64.83334,-13.86867],"sævarendi 2":[64.83492,-13.88649],"sævarendi 3":[64.83558,-13.88611],"túngata 3":[64.83353,-13.87183],"túngata 4":[64.83332,-13.87092],"túngata 7":[64.83379,-13.87094],"túngata 8":[64.83367,-13.86988],"hólaland 22":[64.83507,-13.87173],"leynimelur 4":[64.83275,-13.86439],"leynimelur 5":[64.83246,-13.86491],"leynimelur 7":[64.83249,-13.86503],"leynimelur 9":[64.83253,-13.86553],"leynimelur 11":[64.83256,-13.86563],"réttarholt 1":[64.83276,-13.86268],"skólabraut 1":[64.83395,-13.87589],"hólaland 12a":[64.83495,-13.86874],"gildrumelur 1":[64.83312,-13.86612],"bólsvör 4":[64.83306,-13.87731],"skólabraut 4":[64.83391,-13.87427],"gildrumelur 3":[64.83329,-13.86575],"bankastræti 5":[64.8323,-13.87529],"bólsvör 2":[64.83285,-13.87677],"réttarholt 3":[64.83279,-13.86214],"gildrumelur 4":[64.83305,-13.86535],"heiðmörk 13":[64.83496,-13.86661],"heiðmörk 17":[64.83468,-13.86736],"hólaland 2":[64.83403,-13.86939],"hólaland 6":[64.83441,-13.869],"hólaland 12":[64.8349,-13.86856],"hólaland 16":[64.83497,-13.87037],"borgargerði 23":[64.83527,-13.87473],"bólsvör 1":[64.83256,-13.87631],"skólabraut 3":[64.83407,-13.87534],"skólabraut 7":[64.83422,-13.87417],"skólabraut 11":[64.83419,-13.87325],"skólabraut 14":[64.83388,-13.87263],"skólabraut 18":[64.83384,-13.8715],"sævarendi 1":[64.83579,-13.88704],"sævarendi 7":[64.83566,-13.88447],"túngata 2":[64.83319,-13.87145],"túngata 6":[64.83344,-13.87039],"hólaland 24":[64.83507,-13.87272],"bólsvör 3":[64.83265,-13.87572],"túngata 5":[64.83367,-13.87134],"gildrumelur 6":[64.83286,-13.86481],"bakkagerði 1":[64.83345,-13.87346],"bankastræti 1":[64.83236,-13.87448],"bankastræti 4":[64.83262,-13.87336],"borgargerði 4":[64.8353,-13.86898],"borgargerði 8":[64.83535,-13.87011],"borgargerði 12":[64.83542,-13.87115],"borgargerði 16":[64.83546,-13.87222],"fjarðarbraut 7":[64.8362,-13.88407],"fjarðarbraut 11":[64.83592,-13.88294],"fjarðarbraut 17":[64.83565,-13.88159],"fjarðarbraut 21":[64.83543,-13.88062],"fjarðarbraut 25":[64.83526,-13.8796],"fjarðarbraut 37":[64.83442,-13.87648],"fjarðarbraut 40":[64.83361,-13.87666],"fjarðarbraut 42":[64.83291,-13.87446],"fjarðarbraut 44":[64.83288,-13.87403],"fjarðarbraut 49":[64.83308,-13.87245],"fjarðarbraut 51":[64.833,-13.87168],"fjarðarbraut 54":[64.83262,-13.87105],"fjarðarbraut 56":[64.83258,-13.87053],"fjarðarbraut 59":[64.83271,-13.8673],"fjarðarbraut 63":[64.83259,-13.86609],"fjarðarbraut 66":[64.8322,-13.86549],"grenimelur 11":[64.83292,-13.86336],"gildrumelur 8":[64.83321,-13.86378],"bólsvör 6":[64.8339,-13.87848],"fjarðarbraut 43a":[64.83363,-13.8739],"heiðmörk 13a":[64.83506,-13.86714],"sævarendi 13":[64.83536,-13.88218],"heiðmörk 13b":[64.83508,-13.86753],"heiðmörk 2":[64.83355,-13.86745],"fjarðarbraut 25a":[64.83572,-13.87875]}