{"lönd 3":[64.82773,-13.83458],"lönd 1":[64.82935,-13.82871],"lönd 2":[64.82965,-13.82972]}