{"hrauntún 12":[64.79488,-14.00516],"hrauntún 8":[64.79473,-14.00531],"hrauntún 10":[64.79481,-14.00519],"selnes 28":[64.7901,-14.00343],"selnes 30":[64.79027,-14.00331],"hrauntún 9":[64.79511,-14.00576],"sólvellir 25":[64.79208,-14.00933],"sæberg 3":[64.79158,-14.00942],"selnes 3":[64.78688,-14.00611],"selnes 25":[64.79446,-14.00192],"sólvellir 8b":[64.79203,-14.00495],"ásvegur 1":[64.79234,-14.00981],"ásvegur 7":[64.79283,-14.00944],"ásvegur 11":[64.79328,-14.00902],"ásvegur 15":[64.79362,-14.0087],"ásvegur 18":[64.79365,-14.00764],"ásvegur 19":[64.79406,-14.00837],"ásvegur 23":[64.79448,-14.00798],"ásvegur 26":[64.79454,-14.00691],"ásvegur 28":[64.79477,-14.0067],"ásvegur 31":[64.7953,-14.00713],"hrauntún 1":[64.79447,-14.00635],"hrauntún 14":[64.79522,-14.00495],"selnes 8":[64.78763,-14.00488],"selnes 14":[64.78815,-14.00461],"selnes 15":[64.78868,-14.00513],"selnes 17":[64.78915,-14.00483],"selnes 19":[64.78977,-14.00454],"selnes 20":[64.78929,-14.00396],"selnes 32":[64.79085,-14.00299],"selnes 34":[64.7911,-14.00301],"selnes 36":[64.79132,-14.00284],"selnes 38":[64.7916,-14.00273],"selnes 42":[64.79202,-14.00233],"selnes 44":[64.79234,-14.00194],"sólbakki 1":[64.7921,-14.00312],"sólbakki 2":[64.79244,-14.00293],"sólbakki 3":[64.79217,-14.00366],"sólbakki 4":[64.79251,-14.00347],"sólbakki 5":[64.79227,-14.00408],"sólbakki 6":[64.79262,-14.00401],"sólbakki 9":[64.7924,-14.00505],"sólbakki 11":[64.7925,-14.00554],"sólheimar 2":[64.79296,-14.00237],"sólheimar 4":[64.79303,-14.00288],"sólheimar 5":[64.79283,-14.0037],"sólheimar 8":[64.79318,-14.00391],"sólvellir 2":[64.79154,-14.00365],"sólvellir 6":[64.7919,-14.00447],"sólvellir 10a":[64.79211,-14.00529],"sólvellir 16":[64.79237,-14.00782],"sólvellir 23":[64.7921,-14.00833],"sæberg 4":[64.79184,-14.01085],"sæberg 6":[64.79144,-14.01166],"sæberg 8":[64.79104,-14.01281],"sæberg 11":[64.79115,-14.01351],"sæberg 13":[64.79153,-14.01266],"sæberg 15":[64.79199,-14.01188],"sæberg 17":[64.79232,-14.01108],"sæberg 19":[64.79268,-14.01034],"sólvellir 10b":[64.79214,-14.00543],"sólvellir 23a":[64.79196,-14.00872],"ásvegur 2":[64.79249,-14.00902],"ásvegur 4":[64.7927,-14.00843],"ásvegur 9":[64.79303,-14.00915],"ásvegur 13":[64.79347,-14.00882],"ásvegur 17":[64.79385,-14.00858],"ásvegur 21":[64.79427,-14.00818],"ásvegur 25":[64.79467,-14.00771],"ásvegur 27":[64.79488,-14.00752],"ásvegur 29":[64.79509,-14.00733],"ásvegur 32":[64.79517,-14.00637],"hrauntún 2":[64.79438,-14.00559],"hrauntún 6":[64.79453,-14.00546],"selnes 1":[64.78591,-14.00659],"sólbakki 7":[64.79232,-14.00456],"sólbakki 10":[64.79283,-14.00497],"sólheimar 1":[64.79268,-14.00261],"sólheimar 3":[64.79275,-14.00317],"sólheimar 6":[64.79311,-14.00333],"sólheimar 12":[64.79333,-14.00485],"sólvellir 4":[64.7917,-14.00395],"sólvellir 8a":[64.792,-14.00491],"sólvellir 14":[64.79233,-14.00734],"sólvellir 18":[64.79239,-14.00822],"sæberg 2":[64.79216,-14.01001],"sæberg 5":[64.79164,-14.01125],"sæberg 7":[64.79127,-14.01201],"sæberg 12":[64.79135,-14.01307],"sæberg 14":[64.79182,-14.01227],"sæberg 16":[64.79217,-14.01155],"sæberg 18":[64.79249,-14.01081],"selnes 2":[64.7867,-14.00525],"sæberg 1":[64.7918,-14.00984],"selnes 4":[64.78709,-14.00533],"hrauntún 3":[64.79476,-14.00608],"hrauntún 4":[64.79446,-14.00549],"sólvellir 21c":[64.79176,-14.00783],"sólvellir 21d":[64.79201,-14.00761],"selnes 7":[64.78729,-14.00581],"þverhamar 4":[64.78974,-14.00228],"selnes 42b":[64.79205,-14.00155],"sólvellir 21b":[64.79198,-14.0084],"sólvellir 12":[64.79223,-14.00587],"selnes 14b":[64.78836,-14.00445],"sólheimar 9":[64.79304,-14.00489],"ásvegur 30":[64.79499,-14.00649],"ásvegur 16":[64.79341,-14.00798],"hrauntún 7":[64.795,-14.00583]}