{"þverhamar 1":[64.80401,-14.02333],"fell 1":[64.80815,-14.09139],"hlíðarendi 1":[64.86134,-14.27223],"þverhamar 2a":[64.80094,-13.99082],"ormsstaðir 2":[64.80761,-14.07441],"ormsstaðir 1":[64.80746,-14.07427],"streiti 1":[64.72145,-14.02844],"þverhamar 6":[64.8021,-14.00365],"þorvaldsstaðir 1":[64.89292,-14.31106],"þverhamar 3":[64.80122,-14.00208],"þverhamar 2b":[64.80218,-14.01003],"hlíð 2":[64.83912,-14.354],"hlíð 3":[64.83879,-14.35451],"hlíð 5":[64.84102,-14.37134],"hlíð 4":[64.84077,-14.36619],"þorvaldsstaðir 2":[64.89279,-14.31043],"hlíðarendi 2":[64.86179,-14.25041],"þverhamar 5":[64.80035,-13.99],"helluvegur 2":[64.79575,-14.01046]}