{"langalág 1b":[64.6594,-14.29873],"borgarland 22b":[64.65574,-14.29657],"hammersminni 2b":[64.65538,-14.28162],"víkurland 2":[64.65934,-14.28142],"eyjaland 3":[64.65432,-14.27908],"langalág 1a":[64.65931,-14.299],"víkurland 4a":[64.66067,-14.28675],"markarland 3":[64.65721,-14.28645],"markarland 7":[64.6578,-14.28679],"markarland 11":[64.65817,-14.28683],"markarland 4":[64.65713,-14.28531],"markarland 6b":[64.65737,-14.28554],"borgarland 20a":[64.65545,-14.29712],"borgarland 32a":[64.65624,-14.29573],"markarland 13":[64.65872,-14.28681],"markarland 16":[64.65881,-14.28611],"mörk 8b":[64.65786,-14.28522],"búð 1":[64.65758,-14.28315],"víkurland 4":[64.66053,-14.28715],"markarland 1":[64.65669,-14.28545],"markarland 5":[64.65745,-14.28651],"borgarland 17":[64.65696,-14.29552],"markarland 15":[64.65901,-14.28674],"markarland 9":[64.65802,-14.28685],"markarland 2":[64.65699,-14.28487],"markarland 6a":[64.65731,-14.28555],"markarland 8a":[64.65757,-14.28573],"borgarland 1":[64.65493,-14.29925],"borgarland 22a":[64.65567,-14.29671],"mörk 8a":[64.65797,-14.28512],"mörk 8c":[64.65776,-14.28532],"víkurland 16":[64.66032,-14.29758],"borgargarður 1":[64.65593,-14.29876],"markarland 14":[64.65853,-14.2861],"víkurland 1a":[64.65888,-14.28148],"höfn 2":[64.65766,-14.28177],"eyjaland 4":[64.65378,-14.28001],"hlíð 2":[64.65496,-14.29406],"hlíð 13":[64.656,-14.29361],"hraun 1":[64.65592,-14.2885],"hraun 3":[64.65621,-14.28832],"hraun 5":[64.6564,-14.28829],"kambur 2":[64.65762,-14.28747],"bakki 1":[64.65679,-14.28379],"bakki 3":[64.65699,-14.28367],"bakki 4":[64.65806,-14.28221],"borgargarður 5":[64.65724,-14.30004],"kambur 6":[64.657,-14.28785],"kambur 8":[64.65679,-14.28778],"mörk 1":[64.65839,-14.28437],"mörk 3":[64.65804,-14.28418],"steinar 1":[64.65562,-14.28736],"steinar 2":[64.65533,-14.2881],"steinar 3":[64.65547,-14.28698],"steinar 4":[64.65515,-14.28857],"steinar 5":[64.65505,-14.28706],"steinar 6":[64.6552,-14.28867],"steinar 7":[64.65499,-14.28772],"steinar 8":[64.65501,-14.28906],"steinar 9":[64.6549,-14.28813],"steinar 10":[64.65508,-14.28917],"steinar 12":[64.65486,-14.28959],"steinar 13":[64.6546,-14.28902],"steinar 14":[64.65491,-14.28966],"steinar 15":[64.65445,-14.28957],"varða 1":[64.65571,-14.28054],"varða 5":[64.65583,-14.27976],"varða 8":[64.65564,-14.27908],"varða 12":[64.6561,-14.27831],"varða 13":[64.65649,-14.27866],"varða 15":[64.65669,-14.27846],"varða 17":[64.65686,-14.27807],"varða 19":[64.65708,-14.27789],"víkurland 6":[64.66106,-14.29409],"víkurland 11":[64.65939,-14.29423],"víkurland 15":[64.66001,-14.29809],"vogaland 2a":[64.65627,-14.28277],"vogaland 3":[64.65794,-14.27782],"vogaland 5":[64.65823,-14.27727],"vogaland 9":[64.65827,-14.27583],"vogaland 20":[64.65773,-14.27582],"borgarland 7":[64.65585,-14.29735],"borgarland 10":[64.65465,-14.2966],"borgarland 12":[64.6549,-14.296],"borgarland 14":[64.65511,-14.29626],"borgarland 18":[64.65523,-14.29748],"borgarland 21":[64.65698,-14.2944],"borgarland 24":[64.65564,-14.29587],"borgarland 28":[64.65597,-14.29535],"borgarland 30":[64.65605,-14.29599],"borgarland 34":[64.65654,-14.2953],"borgarland 36":[64.65672,-14.29484],"borgarland 38":[64.65662,-14.29427],"borgarland 40":[64.65658,-14.29411],"borgarland 42":[64.65652,-14.29371],"borgarland 44":[64.65648,-14.29357],"brekka 1":[64.65937,-14.28697],"brekka 2":[64.65963,-14.28741],"brekka 3":[64.65933,-14.28707],"brekka 4":[64.65947,-14.28771],"brekka 5":[64.65908,-14.28734],"brekka 6":[64.65929,-14.28804],"brekka 7":[64.65885,-14.2873],"brekka 8":[64.65898,-14.28839],"brekka 10":[64.65881,-14.28808],"brekka 12":[64.65854,-14.28821],"búð 3":[64.65768,-14.28276],"búland 1":[64.656,-14.28582],"búland 3":[64.65473,-14.2903],"búland 6":[64.65625,-14.28666],"búland 9":[64.65351,-14.2962],"búland 12":[64.65554,-14.28924],"búland 16":[64.65528,-14.29031],"hammersminni 1":[64.65542,-14.28067],"hammersminni 6":[64.65474,-14.28159],"hammersminni 10":[64.65429,-14.28194],"hammersminni 14":[64.65381,-14.28253],"hammersminni 18":[64.65347,-14.2833],"hammersminni 28":[64.65216,-14.28437],"hamrar 2":[64.65529,-14.29092],"hamrar 4":[64.65554,-14.29125],"hamrar 10":[64.65509,-14.29234],"víkurland 9":[64.65973,-14.29397],"borgarland 46b":[64.6566,-14.29281],"mörk 6":[64.6584,-14.28528],"hlíð 1":[64.65453,-14.29546],"borgarland 1b":[64.65464,-14.29844],"varða 4":[64.65468,-14.27929],"borgarland 46c":[64.65661,-14.29266],"víkurland 6c":[64.66165,-14.29623],"víkurland 6d":[64.66317,-14.2924],"langalág 2":[64.65937,-14.29982],"brekka 16":[64.65831,-14.28747],"búland 2":[64.65655,-14.28572],"búland 4":[64.6564,-14.28628],"búland 8":[64.65612,-14.28706],"búland 10":[64.65563,-14.2887],"búland 14":[64.65537,-14.28975],"eyjaland 2":[64.65438,-14.28041],"hammersminni 2":[64.65552,-14.28229],"hammersminni 4":[64.65523,-14.28127],"hammersminni 8":[64.6545,-14.28174],"hammersminni 12":[64.65405,-14.28228],"hammersminni 16":[64.65362,-14.28275],"hammersminni 22":[64.65288,-14.28351],"hammersminni 34":[64.65163,-14.28583],"hamrar 6":[64.65539,-14.29187],"hamrar 12":[64.65502,-14.29294],"steinar 1a":[64.65579,-14.28705],"hamrar 14":[64.65487,-14.29353],"hlíð 3":[64.65468,-14.29516],"hlíð 15":[64.65623,-14.29317],"hraun 2":[64.65607,-14.2877],"kambur 1":[64.6568,-14.28616],"kambur 4":[64.65726,-14.28768],"borgarland 5":[64.65551,-14.29801],"borgarland 9":[64.65631,-14.2966],"borgarland 11":[64.65647,-14.29621],"borgarland 13":[64.65656,-14.29609],"borgarland 19":[64.65716,-14.29473],"borgarland 26":[64.65562,-14.29535],"bakki 2":[64.65679,-14.28302],"borgargarður 3":[64.6564,-14.30055],"borgarland 3":[64.65517,-14.29877],"kambur 10":[64.65658,-14.28763],"langalág 3":[64.65889,-14.2981],"langalág 6":[64.65874,-14.29964],"mörk 4":[64.65857,-14.28491],"varða 7":[64.656,-14.27942],"varða 10":[64.65589,-14.27864],"varða 14":[64.65627,-14.27803],"varða 16":[64.65659,-14.2776],"varða 18":[64.65682,-14.27724],"varða 2":[64.65478,-14.28009],"víkurland 7":[64.66067,-14.29038],"víkurland 13":[64.6597,-14.29489],"vogaland 1":[64.6569,-14.28447],"vogaland 2b":[64.65631,-14.28308],"vogaland 4":[64.65616,-14.28025],"vogaland 7":[64.65855,-14.27738],"vogaland 12":[64.65708,-14.27925],"mörk 2":[64.65878,-14.28468],"mörk 12":[64.65737,-14.28453],"eyjaland 1":[64.65489,-14.28083],"borgarland 20b":[64.65549,-14.29701],"borgarland 32b":[64.65628,-14.29568],"víkurland 2a":[64.65942,-14.28127],"vogaland 18":[64.65767,-14.27675],"víkurland 5":[64.6587,-14.28302],"varða 6":[64.65513,-14.27884],"hlíð 6":[64.6556,-14.29317],"hammersminni 15b":[64.65313,-14.28051],"víkurland 6b":[64.66075,-14.29545],"hlíð 4":[64.65542,-14.29354],"víkurland 7a":[64.66038,-14.28972],"borgarland 27":[64.65697,-14.29219],"borgarland 52":[64.65669,-14.29135],"borgarland 46":[64.65659,-14.29288],"borgarland 54":[64.6567,-14.29076],"borgarland 23":[64.65686,-14.29365],"borgarland 29":[64.657,-14.29166],"borgarland 25":[64.65688,-14.29282],"borgarland 50":[64.6566,-14.29178],"langalág 10":[64.65827,-14.29823],"markarland 10":[64.65803,-14.28586],"víkurland 6a":[64.66302,-14.29457],"mörk 14":[64.65747,-14.28428],"markarland 10e":[64.65789,-14.28597],"langalág 8":[64.6585,-14.29898],"varða 9":[64.65623,-14.27898],"búland 18":[64.65505,-14.29073],"markarland 8b":[64.65766,-14.28576],"langalág 4":[64.65896,-14.3004],"steinar 11":[64.65475,-14.28854],"hammersminni 3":[64.65516,-14.2807],"hammersminni 24":[64.65264,-14.28379],"markarland 10b":[64.65807,-14.28609],"borgarland 7a":[64.65619,-14.29693],"markarland 17":[64.65919,-14.2866],"hammersminni 4b":[64.65508,-14.28128],"hlíð 11":[64.65564,-14.29401],"markarland 10a":[64.65814,-14.28608],"markarland 10c":[64.65801,-14.28608],"markarland 10d":[64.65794,-14.28605],"langalág 7":[64.65907,-14.29759],"hlíð 5":[64.655,-14.29486],"víkurland 17":[64.66017,-14.29846],"vogaland 2c":[64.65645,-14.284],"víkurland 2b":[64.65954,-14.28105],"borgarland 16":[64.65518,-14.29689],"borgarland 2":[64.65451,-14.29765],"borgarland 4":[64.6545,-14.2972],"borgarland 6":[64.6549,-14.29761],