{"geithellar 2":[64.59125,-14.57991],"múli 1":[64.58559,-14.6099],"starmýri 2":[64.51903,-14.54904],"búlandsnes/skógrækt 1":[64.65784,-14.3286],"bragðavellir 2":[64.64389,-14.51468],"starmýri 1":[64.52464,-14.55262],"þvottá 1":[64.50835,-14.50778],"berufjörður 1":[64.796,-14.48381],"krossgerði 1":[64.70032,-14.1692],"múli 3":[64.58076,-14.6057],"bragðavellir 6":[64.64416,-14.51681],"berufjörður 2":[64.79621,-14.4855],"berunes 1":[64.69839,-14.25423],"berunes 2":[64.69963,-14.25593],"lindarbrekka 2a":[64.76939,-14.46877],"bragðavellir 1":[64.64232,-14.51399],"starmýri 2a":[64.51798,-14.54849],"rannveigarstaðir 2":[64.56348,-14.61722],"gautavík 2":[64.73784,-14.33395],"lindarbrekka 2":[64.76956,-14.46844],"geithellar 1":[64.59522,-14.57218],"múli 2":[64.57824,-14.60458],"krossgerði 2":[64.70021,-14.16789],"lindarbrekka 1":[64.76961,-14.46777],"bóndavarða 1":[64.65538,-14.27532],"bóndavarða 3":[64.65533,-14.27523],"bóndavarða 5":[64.65535,-14.27511],"starmýri 3":[64.52892,-14.55738],"steinaborg 2":[64.69786,-14.19796],"steinaborg 3":[64.6979,-14.1982],"melrakkanes 2":[64.60131,-14.41732],"múli 1a":[64.58125,-14.61015]}