{"horn 3":[64.25698,-14.99157],"hólar 2":[64.30003,-15.18994],"stafafellsfjöll 4":[64.43533,-14.89768],"stafafellsfjöll 37":[64.44413,-14.93527],"stafafellsfjöll 40a":[64.44621,-14.93178],"stafafellsfjöll 25a":[64.44196,-14.92833],"bær 1":[64.38759,-14.77564],"grund 2":[64.31945,-15.23679],"setberg 1":[64.38529,-15.28905],"viðborð 1":[64.34775,-15.39258],"hlíðarberg 1":[64.33819,-15.45493],"uppsalir 1":[64.21086,-15.72337],"hvammsfjöll 1":[64.41316,-14.98148],"hoffell 2a":[64.39628,-15.3404],"rauðaberg 1":[64.33828,-15.45983],"stöðull 1":[64.30019,-15.18699],"árnanes 3":[64.2889,-15.2325],"hafnarnes 1":[64.27889,-15.20596],"bjarnanes 3":[64.32082,-15.24648],"hoffell 2":[64.39702,-15.33766],"rauðaberg 2":[64.33841,-15.44628],"flatey 1":[64.2529,-15.55352],"brunnavellir 1":[64.1874,-15.86847],"smyrlabjörg 1":[64.21755,-15.7182],"skálafell 1":[64.2477,-15.68689],"skálafell 2":[64.23596,-15.69399],"tjörn 2":[64.30301,-15.40848],"hoffell 1":[64.3952,-15.33368],"borgarhöfn 4":[64.19392,-15.80942],"stafafellsfjöll 1b":[64.42922,-14.88422],"stafafellsfjöll 7":[64.43699,-14.90094],"stafafellsfjöll 19":[64.4419,-14.92218],"stafafellsfjöll 25":[64.44204,-14.93017],"stafafellsfjöll 26":[64.44128,-14.9307],"stafafellsfjöll 28":[64.44135,-14.93219],"stafafellsfjöll 35":[64.4449,-14.93622],"stafafellsfjöll 33":[64.44554,-14.93727],"stafafellsfjöll 31":[64.44677,-14.94195],"hoffell 3":[64.39699,-15.33764],"hoffell 3d":[64.39819,-15.33849],"hoffell 3b":[64.36488,-15.31958],"breiðabólsstaður 2":[64.12846,-16.01199],"grænahraun 1":[64.28236,-15.13886],"holtsendi 2":[64.28779,-15.1872],"hraunhóll 2":[64.31588,-15.22395],"hraunhóll 4":[64.31569,-15.22453],"hraunhóll 7":[64.31512,-15.225],"hraunhóll 8":[64.31535,-15.22553],"hæðagarður 1":[64.3132,-15.22361],"hæðagarður 3":[64.31341,-15.22398],"hæðagarður 5":[64.31365,-15.22434],"hæðagarður 7":[64.31387,-15.22474],"hæðagarður 9":[64.31407,-15.22509],"hæðagarður 10":[64.31428,-15.22439],"hæðagarður 12":[64.3145,-15.22478],"hæðagarður 14":[64.31471,-15.22514],"hæðagarður 16":[64.31497,-15.22556],"hæðagarður 18":[64.31525,-15.22602],"hæðagarður 20":[64.31546,-15.22639],"hæðagarður 22":[64.31569,-15.22679],"stafafellsfjöll 1a":[64.43067,-14.88496],"stafafellsfjöll 32a":[64.44554,-14.9422],"stafafellsfjöll 10":[64.43722,-14.90447],"stafafellsfjöll 16":[64.43906,-14.9168],"stafafellsfjöll 23":[64.44161,-14.92668],"setberg 2":[64.38756,-15.30332],"stafafellsfjöll 30d":[64.4441,-14.93714],"stafafellsfjöll 30a":[64.4434,-14.93825],"byggðarholt 2":[64.3807,-14.81031],"lækjarbrekka 2":[64.2983,-15.20532],"klifabotn 1":[64.40501,-14.93151],"seljavellir 2":[64.30483,-15.20802],"smyrlabjörg 3":[64.21717,-15.71872],"hraunhóll 5":[64.31529,-15.22461],"hæðagarður 2":[64.3134,-15.22292],"hæðagarður 4":[64.31363,-15.22334],"hæðagarður 6":[64.31385,-15.22369],"hæðagarður 8":[64.31407,-15.22403],"hæðagarður 11":[64.31429,-15.22547],"hæðagarður 13":[64.31445,-15.22599],"hæðagarður 15":[64.31467,-15.22633],"hæðagarður 17":[64.31496,-15.22666],"hæðagarður 19":[64.31517,-15.22694],"hæðagarður 21":[64.31542,-15.22732],"stafafellsfjöll 32":[64.445,-14.93966],"stafafellsfjöll 5":[64.43606,-14.90048],"stafafellsfjöll 4a":[64.4357,-14.899],"stafafellsfjöll 14a":[64.43783,-14.91255],"stafafellsfjöll 3":[64.43536,-14.89538],"stafafellsfjöll 21":[64.44141,-14.92427],"stafafellsfjöll 6":[64.43658,-14.90082],"stafafellsfjöll 20":[64.44043,-14.92373],"stafafellsfjöll 22":[64.44067,-14.92763],"stafafellsfjöll 2":[64.43411,-14.89345],"stafafellsfjöll 11":[64.43677,-14.9061],"stafafellsfjöll 30":[64.44344,-14.937],"stafafellsfjöll 38":[64.44364,-14.93366],"stafafellsfjöll 39a":[64.44214,-14.9351],"stafafellsfjöll 32b":[64.44533,-14.94135],"bjarnanes 1":[64.32091,-15.24726],"stafafellsfjöll 8":[64.43738,-14.90143],"stafafellsfjöll 13a":[64.43767,-14.90916],"stafafellsfjöll 14":[64.43794,-14.91383],"stafafellsfjöll 18":[64.44078,-14.92147],"stafafellsfjöll 24":[64.44243,-14.92737],"stafafellsfjöll 39":[64.44209,-14.93233],"stafafellsfjöll 27":[64.44138,-14.93144],"stafafellsfjöll 29":[64.44125,-14.93383],"stafafellsfjöll 41":[64.44436,-14.92675],"stafafellsfjöll 34":[64.44568,-14.93554],"stafafellsfjöll 40":[64.44647,-14.93305],"bær 4":[64.38832,-14.77714],"hagi 2":[64.28785,-15.13904],"breiðabólsstaður 3":[64.12922,-16.01721],"breiðabólsstaður 1":[64.12692,-16.0161],"flatey 2":[64.24357,-15.52427],"karlsfell 1":[64.42479,-14.78259],"stafafellsfjöll 1":[64.43169,-14.88554],"kálfafell 2":[64.18124,-15.89334],"laxárbakki 3":[64.30824,-15.22496],"kyljuholt 1":[64.29916,-15.41354],"kyljuholt 3":[64.29937,-15.41204],"kyljuholt 5":[64.29917,-15.41141],"stafafellsfjöll 30c":[64.44403,-14.93797],"stafafellsfjöll 30b":[64.44408,-14.9391],"tjörn 3":[64.30255,-15.40811],"skálafell 2a":[64.24727,-15.68838],"árnanes 5":[64.30238,-15.21009],"reynivellir 3":[64.1329,-16.06312],"myllulækur 8":[64.34948,-15.25935],"akurnes 2":[64.31005,-15.2203],"akurnes 3":[64.30986,-15.21707],"klifabotn 2d":[64.40826,-14.93005],"stafafellsfjöll 45a":[64.44004,-14.93775],"árnanes 3a":[64.28915,-15.23294],"árnanes 3b":[64.30627,-15.20687],"meðalfell 2b":[64.32274,-15.21554],"karlsbrekka 3":[64.42479,-14.7762],"karlsbrekka 5":[64.42137,-14.7758],"karlsbrekka 4":[64.42233,-14.77778],"seljavellir 2e":[64.30033,-15.19777],"seljavellir 2a":[64.30501,-15.20706],"seljavellir 2b":[64.30466,-15.20668],"seljavellir 2c":[64.30554,-15.20842],"myllulækur 11":[64.3508,-15.2566],"myllulækur 12":[64.35118,-15.25576],"svínafell 2":[64.39047,-15.3994],"hagi 3":[64.2871,-15.13418],"stafafellsfjöll 49":[64.4422,-14.9396],"stafafellsfjöll 43":[64.44032,-14.93486],"stafafellsfjöll 48":[64.44154,-14.93769],"stafafellsfjöll 47":[64.44113,-14.93868],"stafafellsfjöll 46":[64.44067,-14.94008],"stafafellsfjöll 44":[64.43997,-14.93544],"stafafellsfjöll 17a":[64.43978,-14.92223],"klifabotn 2e":[64.40784,-14.93078],"mói-meðalfell 2":[64.30483,-15.26813],"stafafellsfjöll 32c":[64.44544,-14.94323],"stafafellsfjöll 50":[64.44175,-14.94116],"stafafellsfjöll 51":[64.44278,-14.94049],"stafafellsfjöll 20a":[64.44076,-14.92518],"myllulækur 6":[64.34831,-15.26009],"breiðabólsstaður 4":[64.12996,-16.01499],"sauðanes 2a":[64.28176,-15.15549],"bergárvegur 66":[64.29982,-15.13555],"heinaberg 2":[64.29836,-15.59505],"klifabotn 2":[64.40778,-14.92997],"vík 1":[64.42681,-14.62347],"kálfafell 1":[64.18118,-15.89492],"horn 1":[64.25273,-14.99748],"krossbær 2":[64.3724,-15.28058],"krossbær 3":[64.3686,-15.27546],"borgarhöfn 8":[64.19163,-15.81682],"stafafellsfjöll 1d":[64.42814,-14.88402],"stafafellsfjöll 45b":[64.43968,-14.93783],"hellisholt 2":[64.26745,-15.50775],"akurnes 1":[64.31044,-15.22134],"horn 2":[64.23754,-15.1814],"grænahraun 4":[64.28179,-15.13709],"laxárbakki 2":[64.30753,-15.22419],"stafafellsfjöll 40b":[64.44567,-14.93196],"árnanes 1":[64.28112,-15.2398],"árnanes 4":[64.28894,-15.23371],"klifabotn 2b":[64.40858,-14.93227],"reynivellir 1":[64.13156,-16.05273],"stórulág 2":[64.35299,-15.2667],"stafafellsfjöll 1c":[64.4301,-14.88596],"stafafellsfjöll 1e":[64.42743,-14.88295],"stafafellsfjöll 39c":[64.44278,-14.93069],"stafafellsfjöll 40c":[64.44552,-14.93021],"árnanes 5b":[64.303,-15.20968],"hoffell 2b":[64.39659,-15.3391],"grænahraun 2":[64.2817,-15.13845],"smiðsholt 3":[64.30057,-15.41143],"uppsalir 3":[64.21056,-15.72398],"klifabotn 2a":[64.40905,-14.93189],"tjörn holtar 2":[64.3051,-15.40859],"stafafellsfjöll 39b":[64.44283,-14.93205],"árnanes 2":[64.28857,-15.23072],"stafafellsfjöll 43b":[64.44019,-14.93051],"karlsbrekka 2":[64.42399,-14.77757],"stafafellsfjöll 12":[64.43635,-14.90761],"stafafellsfjöll 36":[64.44481,-14.93455],"stafafellsfjöll 13":[64.43777,-14.90973],"stafafellsfjöll 42":[64.44352,-14.92518],"stafafellsfjöll 17":[64.43941,-14.92092],"stafafellsfjöll 9":[64.43767,-14.90403],"uppsalir 2":[64.20773,-15.72943],"myllulækur 9":[64.3499,-15.25846],"myllulækur 10":[64.35045,-15.25741],"hraunhóll 6":[64.31555,-15.22501],"breiðabólsstaðir 4":[64.12921,-16.0152],"þorgeirsstaðir 3":[64.34404,-14.92442],