{"svínafell 1":[63.98306,-16.85434],"skaftafell 1b":[64.01663,-16.96647],"skaftafell 1a":[64.01649,-16.96705],"skaftafell 1c":[64.01667,-16.96706],"skaftafell 2":[63.98935,-16.89546],"svínafell 3":[63.98418,-16.85625],"hof 1":[63.90591,-16.70642],"hof 4":[63.90891,-16.70697],"hnappavellir 7":[63.90474,-16.59794],"hnappavellir 2":[63.90642,-16.58925],"borgartún 14b":[63.90852,-16.71658],"fagurhólsmýri 1":[63.87883,-16.64254],"hof 2":[63.90738,-16.71052],"skaftafell 4a":[64.00424,-16.96251],"hnappavellir 4":[63.90656,-16.5929],"fagurhólsmýri 2":[63.8782,-16.64315],"fagurhólsmýri 4":[63.88204,-16.64525],"fagurhólsmýri 3":[63.87756,-16.64742],"hnappavellir 10":[63.89962,-16.60787],"malarás 2":[63.879,-16.69239],"borgartún 14c":[63.90858,-16.71674],"sel 1":[63.96244,-16.87804],"litla hof 1":[63.90466,-16.70279],"litla hof 4":[63.90509,-16.70205],"skaftafell 3":[64.00637,-16.98285],"borgartún 14":[63.9086,-16.71645],"litla hof 3":[63.90527,-16.70273],"flugvallarvegur 5":[64.00359,-16.94273],"flugvallarvegur 3":[64.00298,-16.94154],"hnappavellir 1":[63.90471,-16.58938],"eystribær 3":[63.90683,-16.70533],"eystribær 1":[63.90626,-16.7053],"malarás 3":[63.87738,-16.69179],"skaftafell 3a":[64.00622,-16.97427],"skaftafell 3b":[64.00575,-16.97058],"skaftafell 3c":[64.00501,-16.9674],"freysmörk 8":[63.98668,-16.90409],"skaftafell 4":[64.0026,-16.96324],"freysmörk 6":[63.98587,-16.90308],"hnappavellir 2a":[63.90655,-16.58983],"freysmörk 10":[63.9855,-16.90464],"borgartún 5":[63.90868,-16.71457],"borgartún 6":[63.90824,-16.71322],"borgartún 8":[63.90848,-16.71279],"borgartún 9":[63.90917,-16.71374],"borgartún 10":[63.90873,-16.71239],"borgartún 11":[63.90941,-16.71333],"borgartún 12":[63.90897,-16.71198],"borgartún 18":[63.90904,-16.71566],"borgartún 20":[63.90928,-16.71523],"hnappavellir 7a":[63.90465,-16.59674],"malarás 1":[63.87938,-16.68293],"hálsasker 3":[63.97288,-16.84685],"hnappavellir 5":[63.90574,-16.59716],"skaftafell 1d":[64.01712,-16.9677],"borgartún 7":[63.90892,-16.71414],"borgartún 1":[63.90819,-16.71539],"borgartún 2":[63.90776,-16.71406],"borgartún 3":[63.90843,-16.71496],"borgartún 4":[63.90799,-16.71363],"borgartún 16":[63.90879,-16.71609],"borgartún 14a":[63.90845,-16.71634],"freysmörk 12":[63.98656,-16.90579],"hálsasker 2":[63.97351,-16.84627]}