{"lækjamót 2":[63.91618,-20.98697],"baugsstaðir 3":[63.8233,-20.9522],"skipar 1":[63.83035,-21.00413],"stekkar 2":[63.9065,-21.06795],"baugsstaðir 2":[63.82362,-20.95253],"baugsstaðir 1":[63.8237,-20.95316],"borgarholt 2":[63.85313,-20.98404],"kotferja 2":[63.93089,-21.08433],"baugsstaðir 4":[63.82269,-20.94747],"skógarflöt 9":[63.91053,-21.01904],"stóra-sandvík 6":[63.91273,-21.06153],"stóra sandvík 1":[63.91392,-21.06649],"holt 3":[63.85484,-20.96189],"stekkjarvað 11":[63.86503,-21.13308],"stekkjarvað 10":[63.86489,-21.1324],"stekkjarvað 9":[63.86474,-21.13184],"stekkjarvað 12":[63.86516,-21.1337],"stekkjarvað 13":[63.86533,-21.13428],"stekkjarvað 16":[63.86587,-21.13339],"stekkjarvað 14":[63.86546,-21.13478],"stekkjarvað 15":[63.86608,-21.13391],"norðurbraut 21":[63.8988,-21.08323],"norðurgata 10":[63.89735,-21.08962],"norðurgata 4":[63.89593,-21.08914],"norðurgata 15":[63.8997,-21.09701],"norðurgata 17":[63.90046,-21.09702],"norðurgata 19":[63.90087,-21.09577],"suðurbraut 10":[63.89223,-21.08918],"suðurbraut 2":[63.89334,-21.08764],"suðurbraut 8":[63.89244,-21.09058],"suðurbraut 34":[63.88804,-21.09283],"suðurgata 14":[63.8897,-21.10016],"suðurgata 17":[63.88628,-21.0976],"suðurgata 2":[63.89252,-21.09829],"suðurgata 3":[63.89159,-21.09305],"skipar 2":[63.83039,-21.0046],"norðurbraut 44":[63.90056,-21.08043],"norðurgata 3":[63.89708,-21.09572],"norðurleið 17":[63.89959,-21.1072],"norðurleið 2":[63.89566,-21.10032],"suðurgata 19":[63.88657,-21.09867],"suðurgata 5":[63.89109,-21.09272],"dísarstaðir 2":[63.92385,-20.96291],"stóra-sandvík 5":[63.91315,-21.06107],"stóra-sandvík 3":[63.91389,-21.06124],"votmúli 1":[63.91126,-20.99473],"litla-sandvík 1":[63.91582,-21.06553],"votmúli 2":[63.91265,-20.99355],"ásamýri 2":[63.91205,-20.97528],"stekkjarvað 1":[63.86522,-21.13525],"stekkjarvað 2":[63.86507,-21.13463],"suðurgata 21":[63.88713,-21.0992],"strokkhólsvegur 4":[63.91274,-21.05811],"keldnakot 2":[63.85656,-20.99882],"norðurbraut 7":[63.89631,-21.08432],"suðurbraut 14":[63.89094,-21.08872],"norðurbraut 31":[63.90153,-21.08577],"suðurbraut 29":[63.88686,-21.08732],"suðurgata 28":[63.88759,-21.10392],"strokkhólsvegur 7":[63.91172,-21.05649],"baugsstaðir 5":[63.82378,-20.95118],"norðurleið 1":[63.89639,-21.10466],"norðurleið 31":[63.90283,-21.10691],"suðurleið 15":[63.89084,-21.10742],"sólvangur 1":[63.87442,-21.14695],"norðurbraut 10":[63.89555,-21.07856],"norðurbraut 33":[63.90121,-21.08429],"holt 1":[63.85511,-20.96004],"byggðarhorn búgarður 40":[63.89627,-21.01769],"stóra-sandvík 1":[63.91419,-21.06326],"stóra-sandvík 4":[63.91359,-21.06045],"stóra-sandvík 1a":[63.91118,-21.05212],"stóra-sandvík 1c":[63.91301,-21.0595],"stóra-sandvík 1b":[63.91259,-21.05714],"nýibær 1":[63.90912,-20.93157],"skipar 2b":[63.82955,-21.00312],"skipar 2c":[63.83081,-21.00367],"bjarnarmýri 3b":[63.88925,-21.15423],"bjarnarmýri 3a":[63.88923,-21.15629],"bjarnarmýri 1b":[63.89021,-21.15882],"bjarnarmýri 2e":[63.88888,-21.15398],"bjarnarmýri 1c":[63.88978,-21.15697],"bjarnarmýri 2a":[63.88903,-21.15945],"bjarnarmýri 3c":[63.88904,-21.15327],"bjarnarmýri 5":[63.88907,-21.15187],"bjarnarmýri 2b":[63.88913,-21.1575],"bjarnarmýri 2c":[63.88837,-21.15668],"bjarnarmýri 2d":[63.88894,-21.15491],"bjarnarmýri 4":[63.88803,-21.15261],"vesturmúli 4":[63.91487,-20.99642],"ásamýri 1":[63.9122,-20.97633],"strokkhólsvegur 1":[63.91233,-21.05683],"borgarholt 1":[63.85205,-20.98642],"byggðarhorn búgarður 32":[63.89861,-21.01276],"rófnagarður 1":[63.89659,-21.17266],"vesturmúli 3":[63.91497,-21.0003],"norðurbraut 24":[63.89688,-21.08107],"norðurbraut 23":[63.89798,-21.08313],"norðurbraut 22":[63.89762,-21.08127],"norðurbraut 20":[63.89781,-21.07953],"norðurbraut 19":[63.899,-21.08481],"norðurbraut 18":[63.8979,-21.07805],"norðurbraut 17":[63.89853,-21.08594],"norðurbraut 16":[63.89714,-21.07781],"norðurbraut 15":[63.89799,-21.0859],"norðurbraut 14":[63.8966,-21.07903],"norðurbraut 13":[63.89738,-21.08387],"norðurbraut 12":[63.89513,-21.0802],"norðurbraut 11":[63.89552,-21.08228],"norðurbraut 9":[63.89624,-21.08256],"norðurbraut 8":[63.89537,-21.07684],"norðurbraut 6":[63.8946,-21.077],"norðurbraut 5":[63.89596,-21.08497],"norðurbraut 4":[63.89378,-21.0782],"norðurbraut 3":[63.89506,-21.08603],"norðurbraut 2":[63.89417,-21.08054],"norðurbraut 1":[63.89462,-21.08355],"norðurbraut 48":[63.89943,-21.08178],"norðurbraut 46":[63.90015,-21.08191],"norðurbraut 42":[63.90062,-21.07836],"norðurbraut 40":[63.89964,-21.07878],"norðurbraut 38":[63.89911,-21.07999],"norðurbraut 36":[63.89933,-21.07664],"norðurbraut 27":[63.90032,-21.08711],"norðurbraut 26":[63.89842,-21.07627],"norðurbraut 25":[63.90002,-21.08549],"norðurbraut 35":[63.90053,-21.08406],"norðurbraut 34":[63.90024,-21.07532],"norðurbraut 32":[63.89986,-21.07276],"norðurbraut 30":[63.89871,-21.07346],"norðurbraut 29":[63.9011,-21.08739],"norðurbraut 28":[63.89806,-21.07454],"skógarflöt 9a":[63.91079,-21.01652],"stóra-sandvík 5a":[63.90699,-21.09056],"tjarnarbraut 2a":[63.89399,-21.09565],"vesturmúli 2":[63.91372,-20.99497],"stekkar 4":[63.90677,-21.06862],"geirakot 2":[63.9148,-21.03688],"geirakot 3":[63.89839,-21.04588],"eyð-mörk 2":[63.92085,-21.04209],"áveituland 2":[63.85458,-21.03197],"áveituland 1":[63.85281,-21.03531],"hraunið 2":[63.86777,-21.11623],"nabbi 2":[63.91225,-21.07097],"rófnagarður 2":[63.89495,-21.17016],"rófnagarður 3":[63.89306,-21.16708],"byggðarhorn búgarður 42":[63.89626,-21.01497],"lóustaðir 1":[63.89599,-20.98863],"nýibær 11":[63.91686,-20.97147],"tjarnarbyggð 4":[63.89649,-21.11156],"strokkhólsvegur 2":[63.91257,-21.05761],"strokkhólsvegur 6":[63.91254,-21.05885],"strokkhólsvegur 12":[63.91227,-21.05907],"strokkhólsvegur 9":[63.91202,-21.05721],"strokkhólsvegur 11":[63.9118,-21.0576],"skipar 3":[63.83257,-21.00328],"skipar 4":[63.83405,-21.00365],"suðurleið 11":[63.89153,-21.10683],"suðurleið 13":[63.89111,-21.10658],"suðurleið 17":[63.89112,-21.10869],"suðurleið 19":[63.89147,-21.10866],"suðurleið 21":[63.89186,-21.1078],"vestri-grund 3":[63.83555,-21.01814],"suðurleið 14":[63.89259,-21.11222],"suðurleið 16":[63.89267,-21.11318],"suðurleið 18":[63.89247,-21.11398],"suðurleið 20":[63.89204,-21.11377],"suðurleið 22":[63.89191,-21.11287],"suðurleið 24":[63.89214,-21.11225],"suðurleið 23":[63.88928,-21.10688],"suðurleið 25":[63.889,-21.10589],"suðurleið 27":[63.88846,-21.10629],"suðurleið 29":[63.88855,-21.1078],"suðurleið 31":[63.889,-21.10775],"suðurleið 33":[63.89049,-21.1109],"suðurleið 35":[63.88962,-21.11111],"suðurleið 37":[63.88929,-21.11188],"suðurleið 39":[63.88956,-21.11301],"suðurleið 41":[63.88997,-21.11309],"suðurleið 43":[63.89058,-21.11219],"suðurleið 26":[63.89103,-21.11665],"suðurleið 28":[63.89112,-21.11758],"suðurleið 30":[63.89088,-21.11853],"suðurleið 32":[63.89038,-21.11838],"suðurleið 34":[63.89025,-21.11729],"suðurleið 36":[63.89051,-21.11667],"norðurleið 3":[63.89675,-21.10563],"norðurleið 5":[63.89705,-21.10574],"norðurleið 7":[63.89727,-21.105],"norðurleið 9":[63.89706,-21.10407],"norðurleið 11":[63.8968,-21.10408],"norðurleið 4":[63.89564,-21.09905],"norðurleið 6":[63.89593,-21.09864],"norðurleið 8":[63.8962,-21.09878],"norðurleið 10":[63.89633,-21.09949],"norðurleið 12":[63.89615,-21.10014],"norðurleið 16":[63.89838,-21.09943],"norðurleið 18":[63.89878,-21.09961],"norðurleið 20":[63.89883,-21.10057],"norðurleið 22":[63.89864,-21.10107],"norðurleið 24":[63.89829,-21.10109],"norðurleið 14":[63.89817,-21.10005],"norðurleið 13":[63.89904,-21.10551],"norðurleið 15":[63.89914,-21.10623],"norðurleið 19":[63.89983,-21.10586],"norðurleið 21":[63.89965,-21.10497],"norðurleið 23":[63.89934,-21.10485],"norðurleið 25":[63.90152,-21.10633],"nýibær 3b":[63.9166,-20.95864],"norðurleið 27":[63.90166,-21.10739],"norðurleið 29":[63.90212,-21.10765],"norðurleið 33":[63.90218,-21.10541],"norðurleið 35":[63.9018,-21.10551],"norðurleið 36":[63.90081,-21.10198],"norðurleið 34":[63.90121,-21.10209],"norðurleið 32":[63.90145,-21.10133],"norðurleið 30":[63.90129,-21.1002],"norðurleið 28":[63.90088,-21.10033],