{"hófgerði 2":[63.87171,-20.90372],"hólmasel 2":[63.81067,-20.74851],"vatnsholt 1":[63.87938,-20.78645],"egilsstaðir 1":[63.89829,-20.71217],"laugardælur 3":[63.94547,-20.96617],"þingborg 2":[63.94053,-20.82055],"langholt 1":[63.98037,-20.88921],"langholt 2":[63.9777,-20.89232],"urriðafoss 2":[63.92664,-20.67685],"vatnsholt 2":[63.87994,-20.78587],"brandshús 3":[63.83421,-20.89657],"maríuhólar 4":[63.95915,-20.62631],"hryggur 2":[63.96312,-20.75902],"mörk 6":[63.95944,-20.65877],"mörk 8":[63.95977,-20.65664],"mörk 10":[63.95881,-20.65734],"mörk 15":[63.95809,-20.65785],"brúnastaðir 2":[63.97933,-20.75981],"kolsholt 1":[63.87389,-20.80752],"fljótshólar 1":[63.78952,-20.80371],"gegnishólapartur 3":[63.85177,-20.90425],"brandshús 5":[63.83421,-20.89414],"brandshús 2":[63.83454,-20.89582],"þingborg 8":[63.93967,-20.81845],"kolsholt 3":[63.87338,-20.80873],"hraungerði 2":[63.94834,-20.82487],"heiðargerði 5":[63.94535,-20.83476],"merkurhraun 16":[63.95886,-20.64777],"lækjarholt 4":[63.95693,-20.91709],"brandshús 7":[63.83363,-20.89287],"brandshús 6":[63.83391,-20.8935],"lækjarholt 1":[63.95686,-20.91545],"lækjarholt 3":[63.95635,-20.91664],"efri-sýrlækur 2":[63.83399,-20.7354],"oddgeirshólar 4":[63.98399,-20.81514],"ölvisholt 4":[63.96253,-20.77104],"halakot 2":[63.97366,-20.92566],"halakot 5":[63.97413,-20.92667],"halakot 7":[63.97505,-20.92612],"halakot 12":[63.97553,-20.92702],"halakot 14":[63.97631,-20.92501],"egilsstaðir 2":[63.90367,-20.72638],"efri-sýrlækur 3":[63.82881,-20.73684],"forsæti 4":[63.85667,-20.72089],"forsæti 2":[63.85649,-20.71994],"forsæti 3":[63.85611,-20.71843],"kolsholt 2":[63.87481,-20.80942],"merkurlaut 3":[63.96727,-20.64167],"skógsnes 1":[63.83022,-20.78265],"syðri-völlur 1":[63.83659,-20.85462],"vorsabær 2":[63.85722,-20.84458],"krókur 3":[63.94831,-20.88387],"kisa 1":[63.84667,-20.91415],"kisa 2":[63.84616,-20.91474],"súluholt 3":[63.89033,-20.86665],"merkurlaut 8":[63.96627,-20.64376],"gegnishólapartur 2":[63.85248,-20.90412],"maríuhólar 23":[63.95826,-20.6194],"maríuhólar 6":[63.95882,-20.62462],"fljótshólar 2":[63.78953,-20.80454],"maríuhólar 8":[63.95839,-20.62374],"maríuhólar 14":[63.95746,-20.62117],"maríuhólar 12":[63.95748,-20.62281],"maríuhólar 21":[63.95855,-20.62054],"maríuhólar 25":[63.95764,-20.61806],"hulduhólar 8":[63.95816,-20.63032],"maríuhólar 2":[63.9598,-20.62739],"mörk 7":[63.9596,-20.65769],"mörk 9":[63.95898,-20.65627],"mörk 11":[63.95853,-20.65828],"mörk 16":[63.95818,-20.65675],"hallandi 1a":[63.97805,-20.89369],"hulduhólar 5":[63.95865,-20.62788],"maríuhólar 10":[63.95801,-20.62295],"hulduhólar 3":[63.95934,-20.62894],"hallandi 1":[63.97865,-20.89315],"oddgeirshólar 2":[63.98507,-20.81318],"halakot 1":[63.97407,-20.92408],"halakot 4":[63.97353,-20.92806],"halakot 8":[63.97445,-20.92739],"halakot 11":[63.97482,-20.92852],"halakot 17":[63.9739,-20.93195],"brandshús 4":[63.83425,-20.89513],"vatnsholt 3":[63.88358,-20.7929],"þingborg 1":[63.94254,-20.81493],"syðri-völlur 2":[63.83634,-20.85234],"langholt 2c":[63.98026,-20.86998],"langholt 2b":[63.9801,-20.87242],"syðri-gróf 1":[63.85987,-20.73607],"villingaholt 2":[63.884,-20.751],"merkurlaut 14":[63.96532,-20.64717],"merkurhraun 18":[63.95887,-20.64689],"gegnishólapartur 4":[63.84908,-20.90297],"gegnishólapartur 5":[63.85082,-20.90349],"miklholt 2":[63.95541,-20.76605],"hurðarbak 2":[63.91996,-20.79449],"birkiland 2":[63.8391,-20.89814],"maríuhólar 9":[63.96182,-20.62759],"heiðargerði 4":[63.94475,-20.83346],"heiðargerði 2":[63.94425,-20.83362],"merkurhraun 11":[63.95897,-20.65105],"merkurhraun 21":[63.96063,-20.64777],"merkurhraun 6":[63.95884,-20.65474],"merkurhraun 7":[63.95856,-20.65377],"hróarsholt 2":[63.92419,-20.84035],"hróarsholt 1":[63.929,-20.84071],"merkurhraun 1":[63.96074,-20.65129],"merkurhraun 2":[63.96085,-20.65273],"merkurhraun 3":[63.96044,-20.65405],"merkurhraun 4":[63.95978,-20.65538],"merkurhraun 8":[63.9585,-20.65233],"merkurhraun 9":[63.95851,-20.65128],"merkurhraun 10":[63.95931,-20.6524],"merkurhraun 12":[63.95974,-20.65236],"merkurhraun 13":[63.95983,-20.65031],"merkurhraun 15":[63.95863,-20.64926],"merkurhraun 19":[63.95943,-20.64705],"merkurhraun 20":[63.95973,-20.64722],"merkurhraun 22":[63.96072,-20.64897],"ölvisholt 2":[63.96193,-20.77269],"þingborg 4":[63.94033,-20.81974],"rimar 16":[63.89582,-20.88999],"rimar 21":[63.89625,-20.88673],"rimar 26":[63.89331,-20.88554],"rimar 18":[63.8944,-20.88989],"rimar 27":[63.89256,-20.88596],"rimar 15":[63.89532,-20.89202],"rimar 22":[63.89666,-20.88418],"rimar 4":[63.8915,-20.89019],"rimar 10":[63.89339,-20.8919],"rimar 17":[63.89516,-20.88956],"rimar 20":[63.89542,-20.88652],"rimar 14":[63.8952,-20.89468],"rimar 24":[63.89507,-20.88488],"rimar 6":[63.89222,-20.88979],"rimar 25":[63.89422,-20.88519],"rimar 2":[63.89077,-20.89025],"rimar 1":[63.89044,-20.89218],"rimar 8":[63.89268,-20.89103],"rimar 13":[63.89489,-20.89627],"rimar 23":[63.8959,-20.88448],"rimar 28":[63.89209,-20.88687],"rimar 11":[63.89426,-20.89542],"rimar 3":[63.89138,-20.89234],"rimar 9":[63.89359,-20.89473],"rimar 29":[63.89174,-20.88815],"rimar 12":[63.89391,-20.89322],"rimar 5":[63.8923,-20.89328],"rimar 7":[63.89281,-20.89387],"rimar 19":[63.8945,-20.88711],"klængssel 2":[63.86828,-20.90567],"klængssel 1":[63.86987,-20.90603],"syðri-gróf 2":[63.8598,-20.73849],"egilsstaðakot 2":[63.89929,-20.71325],"forsæti 1":[63.85614,-20.71914],"ármótsflöt 5":[63.98033,-20.9162],"urriðafoss 1":[63.92378,-20.67633],"ölvisholt 3":[63.96306,-20.77493],"ölvisholt 9":[63.97475,-20.7411],"ölvisholt 8":[63.96727,-20.77475],"ferjunes 2":[63.84492,-20.70105],"brandshús 1":[63.83457,-20.89507],"merkurlaut 23":[63.96597,-20.63988],"langholt 3":[63.97537,-20.89165],"kersholt 2":[63.95093,-20.7068],"kersholt 4":[63.95019,-20.71371],"merkurlaut 5":[63.96763,-20.64059],"ölvisholt 4a":[63.9625,-20.77193],"halakot 6":[63.97448,-20.92521],"halakot 13":[63.97603,-20.92627],"brúnastaðir 1":[63.97957,-20.7617],"halakot 3":[63.97322,-20.92606],"halakot 9":[63.97415,-20.92843],"merkurhraun 17":[63.95912,-20.6489],"kersholt 1":[63.95147,-20.70935],"kampholt 7":[63.93755,-20.71981],"mosató 6":[63.93184,-20.75221],"ármótsflöt 1":[63.97903,-20.91826],"súluholt 2b":[63.88975,-20.86708],"tún 2":[63.93847,-20.92561],"hallandi 2":[63.98691,-20.8915],"mosató 1":[63.93415,-20.75007],"jaðarkot 1":[63.87408,-20.80163],"yrpuholt 2":[63.89334,-20.80921],"halakot 23":[63.97111,-20.92814],"halakot 20":[63.97235,-20.93082],"laugardælur 4":[63.94508,-20.96595],"laugardælur 5":[63.94481,-20.96564],"skógsnes 2":[63.83236,-20.79345],"skógsnes 3":[63.83464,-20.7912],"skógsnes 5":[63.83325,-20.78392],"fljótshólar 4":[63.80137,-20.78695],"fljótshólar 3":[63.79508,-20.79817],"versalir 2":[63.9537,-20.9155],"ármótsflöt 2":[63.97911,-20.92306],"ármótsflöt 4":[63.9796,-20.92152],"ármótsflöt 6":[63.98008,-20.92047],"ármótsflöt 8":[63.98069,-20.91918],"kolsholt 1a":[63.87654,-20.8072],"halakot 21":[63.97199,-20.93],"hófgerði 1":[63.87193,-20.90378],"merkurlaut 25":[63.96624,-20.63873],"miklaholtshellir 2":[63.94809,-20.76724],"merkurlaut 4":[63.96512,-20.63452],"halakot 15":[63.97674,-20.92424],"halakot 10":[63.97462,-20.92969],"halakot 16":[63.97426,-20.93066],"halakot 18":[63.9734,-20.93283],"halakot 19":[63.97303,-20.93198],"hnaus 2a":[63.93345,-20.74201],"hnaus 2b":[63.93354,-20.74157],"hnaus 2c":[63.93419,-20.74286],"hnausás 1":[63.93303,-20.7424],"eystri-loftsstaðir 4":[63.80644,-20.89562],"eystri-loftsstaðir 3":[63.80234,-20.87376],"eystri-loftsstaðir 10":[63.80739,-20.88834],"eystri-loftsstaðir 1":[63.80196,-20.87209],"eystri-loftsstaðir 6":[63.80627,-20.89307],"eystri-loftsstaðir 8":[63.80775,-20.88981],"eystri-loftsstaðir 2":[63.80884,-20.8972],"eystri-loftsstaðir 7":[63.804,-20.87668],"eystri-loftsstaðir 11":[63.80599,-20.88234],"eystri-loftsstaðir 9":[63.80466,-20.87958],"eystri-loftsstaðir 5":[63.80273,-20.87554],"eystri-loftsstaðir 12":[63.80565,-20.88891],"eystri-loftsstaðir 14":[63.80447,-20.88819],"krækisholar 19c":[63.95971,-20.64573],