{"vallarbraut 14":[64.02194,-20.52321],"holtabraut 3c":[64.02324,-20.51925],"birnustaðir 1":[64.05123,-20.53416],"hamarsheiði 2":[64.06944,-20.14846],"reykir 1":[64.04388,-20.45038],"ásólfsstaðir 1a":[64.10775,-19.97989],"klettar 2":[64.0415,-20.41018],"klettar 3":[64.04084,-20.41168],"holtabraut 13":[64.02288,-20.51834],"holtabraut 25":[64.02163,-20.51812],"holtabraut 31":[64.02137,-20.51919],"holtabraut 35":[64.02108,-20.52026],"hamragerði 8":[64.0439,-20.24486],"vallarbraut 4":[64.0225,-20.52222],"vallarbraut 21":[64.02139,-20.52164],"þingbraut 4":[64.03806,-20.24695],"vallarbraut 3":[64.02228,-20.52159],"vallarbraut 19":[64.02157,-20.52186],"holtabraut 1b":[64.02297,-20.52022],"miðhúsaflatir 5":[64.03623,-20.34605],"holtabraut 1d":[64.02308,-20.51992],"vallarbraut 12":[64.02201,-20.52311],"bugðugerði 2b":[64.04345,-20.24833],"skeiðháholt 1":[63.97314,-20.54299],"engjavegur 2":[64.054,-20.4843],"engjavegur 6":[64.05314,-20.48501],"miðhús 2":[64.03777,-20.33984],"hæll 1":[64.07416,-20.2857],"stóri-núpur 2":[64.05421,-20.16263],"hrútalágar 1":[64.03475,-20.3022],"skarð 1":[64.04682,-20.34538],"miðhúsaflatir 7":[64.03647,-20.34526],"hlemmiskeið 2c":[64.0122,-20.55006],"sandlækur 2":[64.04067,-20.39152],"þrándarholt 3":[64.03601,-20.35912],"höfðabraut 2":[64.08676,-20.18985],"miðhúsaflatir 1":[64.03557,-20.34688],"höfðabraut 1":[64.0866,-20.18835],"suðurbraut 7":[64.03928,-20.25116],"hrútalágar 10":[64.03245,-20.30192],"hrútalágar 6":[64.03337,-20.30205],"hofskot 9":[64.03001,-20.2932],"smalaskyggnir 7":[64.02819,-20.29504],"vallarbraut 7":[64.02213,-20.52207],"vallarbraut 9":[64.02207,-20.52219],"vallarbraut 11":[64.02192,-20.52245],"fagraland 1":[64.06512,-20.09593],"skeiðháholt 2":[63.9813,-20.5411],"kálfhóll 3":[63.9638,-20.55965],"merkurbraut 13":[63.96847,-20.63795],"vallarbraut 2":[64.02261,-20.52194],"vallarbraut 6":[64.02239,-20.52248],"vallarbraut 1":[64.02233,-20.52143],"vallarbraut 16":[64.02188,-20.52331],"bugðugerði 4b":[64.04347,-20.24761],"miðhúsaflatir 3":[64.03587,-20.34636],"hrútalágar 5":[64.03388,-20.30116],"birnustaðir 2":[64.05006,-20.53119],"blesastaðir 1":[63.9848,-20.5492],"holtabraut 11":[64.02283,-20.51856],"holtabraut 8":[64.02204,-20.51835],"holtabraut 4":[64.02254,-20.51919],"efri-brúnavellir 2":[64.0353,-20.52405],"fjall 2":[64.05105,-20.58104],"hrútalágar 3":[64.03433,-20.30134],"eystra geldingaholt 1a":[64.0526,-20.26395],"bugðugerði 1":[64.04347,-20.24935],"bugðugerði 7b":[64.04383,-20.24752],"bugðugerði 7a":[64.04383,-20.24778],"sandlækjarkot 2":[64.04258,-20.41433],"hlemmiskeið 2":[64.01341,-20.54888],"húsatóftir 3":[64.02578,-20.51873],"kálfhóll 1":[63.96278,-20.57971],"ósabakki 2":[64.06714,-20.46732],"hæll 2":[64.06528,-20.2413],"laxárdalur 1":[64.13131,-20.20578],"steinsholt 2":[64.07135,-20.21702],"stóra-mástunga 2":[64.08098,-20.17991],"hlíð 1":[64.08643,-20.25857],"hrútalágar 11":[64.03239,-20.30069],"hofskot 15":[64.03171,-20.29049],"urðarholt 2":[64.03861,-20.23498],"holtabraut 1c":[64.023,-20.52008],"holtabraut 1e":[64.02311,-20.51982],"holtabraut 1f":[64.02313,-20.51967],"vorsabær 1":[64.04028,-20.54412],"holtabraut 27":[64.02156,-20.51841],"eystra-geldingaholt 5":[64.04435,-20.26693],"kumlhóll 2":[64.03598,-20.29679],"holtabraut 37":[64.02087,-20.52066],"holtabraut 39":[64.0208,-20.52084],"vallarbraut 5":[64.02223,-20.52171],"holtabraut 22":[64.02118,-20.52114],"holtabraut 41":[64.02075,-20.52106],"holtabraut 24":[64.02111,-20.52144],"miðhúsaflatir 9":[64.03644,-20.34408],"miðhúsaflatir 11":[64.0362,-20.34304],"holtabraut 3e":[64.02334,-20.51905],"holtabraut 3f":[64.02337,-20.51891],"sámsstaðir 2":[64.10949,-19.83509],"sámsstaðir 3":[64.10979,-19.83502],"sámsstaðir 4":[64.1101,-19.83492],"sámsstaðir 6":[64.11065,-19.83445],"sámsstaðir 9":[64.11126,-19.83329],"sámsstaðir 10":[64.11143,-19.83282],"skeljastaðir 1":[64.11293,-19.83266],"skeljastaðir 11":[64.11279,-19.83593],"skeljastaðir 10":[64.11348,-19.83595],"skeljastaðir 9":[64.11363,-19.83561],"smiðshraun 4":[64.03468,-20.29417],"kumlhóll 5":[64.03517,-20.29635],"holtabraut 3b":[64.02321,-20.51937],"holtabraut 3d":[64.0233,-20.51919],"suðurbraut 2":[64.04009,-20.2537],"laxárdalur 2a":[64.12736,-20.20049],"vallarbraut 8":[64.02223,-20.52282],"vallarbraut 10":[64.02216,-20.52291],"vallarbraut 13":[64.02187,-20.52253],"vallarbraut 15":[64.02176,-20.52213],"vallarbraut 17":[64.02166,-20.52201],"hrútalágar 4":[64.03367,-20.30356],"hamragerði 2":[64.04311,-20.24464],"þrándartún 1":[64.0343,-20.36614],"þrándartún 3":[64.03408,-20.36833],"þrándartún 7":[64.03378,-20.37274],"þingbraut 15":[64.03886,-20.24799],"engjavegur 4":[64.05352,-20.48448],"engjavegur 3":[64.05356,-20.48232],"hlemmiskeið 1":[64.01298,-20.54719],"þingbraut 3":[64.04031,-20.25082],"hrútalágar 2":[64.03445,-20.30372],"hrútalágar 7":[64.03352,-20.30048],"miðhús 1":[64.03447,-20.33766],"skarð 1b":[64.04719,-20.34697],"ásólfsstaðir 2":[64.106,-19.98351],"eystra-geldingaholt 2":[64.053,-20.26149],"ásólfsstaðir 1":[64.10708,-19.98381],"stóra-hof 1":[64.02911,-20.30511],"bugðugerði 5b":[64.04381,-20.24828],"holtabraut 23":[64.02177,-20.5178],"holtabraut 29":[64.02145,-20.51895],"holtabraut 16":[64.02166,-20.51972],"holtabraut 33":[64.02123,-20.51973],"heiðargerði 11":[64.04468,-20.24402],"votamýri 2":[64.00416,-20.53824],"holtabraut 17":[64.02244,-20.51797],"kálfhóll 2":[63.96442,-20.57193],"þingbraut 9":[64.04027,-20.24691],"löngudælaholt 21":[64.0565,-20.21236],"hrútalágar 12":[64.03201,-20.30291],"þingbraut 2":[64.03803,-20.24945],"hlemmiskeið 5":[64.01051,-20.54868],"húsatóftir 1":[64.02633,-20.52042],"húsatóftir 2a":[64.02603,-20.52166],"ósabakki 1":[64.06694,-20.46538],"ósabakki 3":[64.06656,-20.46638],"vorsabær 2":[64.03965,-20.54168],"þingbraut 5":[64.04027,-20.24955],"merkurlaut 27":[63.9675,-20.6356],"holtabraut 21":[64.02196,-20.51711],"holtabraut 6":[64.02227,-20.51872],"fjall 1":[64.05111,-20.58126],"hlíð 2":[64.08631,-20.2579],"laxárdalur 1b":[64.13107,-20.20515],"skarð 2":[64.0498,-20.34776],"hlemmiskeið 3":[64.01283,-20.54776],"þingbraut 7":[64.04026,-20.2482],"bugðugerði 2a":[64.04346,-20.24856],"hrútalágar 8":[64.03297,-20.30177],"votamýri 1":[64.00398,-20.53862],"þingbraut 1":[64.03958,-20.24957],"steinsholt 1":[64.07164,-20.21834],"hulduheimar 2":[64.0621,-20.48348],"þingbraut 13":[64.03951,-20.2479],"hádegishóll 1a":[63.972,-20.54479],"vorsabær 3":[64.04031,-20.54317],"sámsstaðir 5":[64.11036,-19.83469],"sámsstaðir 8":[64.11108,-19.83373],"skeljastaðir 2":[64.11299,-19.83322],"skeljastaðir 8":[64.1138,-19.83519],"eystra-geldingaholt 1":[64.04043,-20.27356],"þrándartún 5":[64.03392,-20.37056],"hátún 3":[64.02807,-20.30035],"grámosar 6":[64.02771,-20.28622],"kumlhóll 3":[64.03577,-20.29603],"smalaskyggnir 9":[64.02832,-20.29349],"smalaskyggnir 6":[64.02769,-20.29463],"smalaskyggnir 1":[64.02859,-20.2986],"smalaskyggnir 2":[64.02734,-20.29693],"kumlhóll 4":[64.03554,-20.29454],"skallakotsstígur 2":[64.10276,-19.97782],"ásólfsstaðavegur 1":[64.10342,-19.97761],"ásólfsstaðavegur 5":[64.104,-19.98044],"bugðugerði 4a":[64.04348,-20.24788],"þingbraut 11":[64.03953,-20.24655],"þingbraut 17":[64.03878,-20.24664],"stóri núpur 1":[64.05448,-20.16433],"kílhraunsvegur 14":[63.97299,-20.61702],"áshildarvegur 14":[63.96983,-20.6252],"kílhraunsvegur 19":[63.97361,-20.61451],"áshildarvegur 1":[63.9658,-20.62807],"áshildarvegur 10":[63.96849,-20.62309],"áshildarvegur 17":[63.97014,-20.63518],"áshildarvegur 13":[63.96839,-20.63436],"kílhraunsvegur 52":[63.97054,-20.6241],"árhraunsvegur 13":[63.97374,-20.62336],"kílhraunsvegur 22":[63.97121,-20.61529],"áshildarvegur 15":[63.96974,-20.63597],"kílhraunsvegur 50":[63.97138,-20.6231],"áshildarvegur 18":[63.96798,-20.6247],"áshildarvegur 29":[63.96848,-20.63278],"áshildarvegur 23":[63.97272,-20.63048],"áshildarvegur 6":[63.96718,-20.6234],"áshildarvegur 25":[63.9698,-20.63273],"áshildarvegur 35":[63.96731,-20.62977],"kílhraunsvegur 12":[63.97327,-20.61601],"árhraunsvegur 17":[63.97368,-20.62614],"áshildarvegur 3":[63.96524,-20.62964],