{"eystri-þurá 1":[63.96162,-21.25405],"hraun 1":[63.91991,-21.32336],"lækur 2":[63.94141,-21.29934],"laugarbakkar 2":[63.96741,-20.97637],"hraun 1a":[63.91822,-21.32314],"þorkelsgerði 1":[63.83055,-21.68772],"þorkelsgerði 2":[63.83969,-21.66935],"hvammur 2":[63.98939,-21.09604],"núpar 3":[63.97899,-21.23652],"núpar 1":[63.9795,-21.23562],"brúarhvammur 2":[64.0006,-21.1788],"bakkárholt 1":[63.96166,-21.14036],"bakki 2":[63.95433,-21.27369],"kirkjuferja 2":[63.94183,-21.11433],"riftún 2":[63.9564,-21.27082],"borgargerði 2":[63.97343,-21.09191],"klettagljúfur 2":[63.98275,-21.14207],"klettagljúfur 3":[63.9821,-21.14153],"klettagljúfur 4":[63.98235,-21.14306],"hvoll 2":[63.9565,-21.09225],"hraun 2b":[63.92009,-21.31946],"reykjakot 1":[64.02,-21.1954],"laxabraut 27":[63.84787,-21.43443],"hraun 2":[63.90547,-21.30035],"þóroddsstaðir 2":[63.96118,-21.26957],"brandarbraut 1":[63.95958,-21.10043],"brandarbraut 3":[63.95954,-21.09924],"brandarbraut 2":[63.95927,-21.10185],"brandarbraut 4":[63.95925,-21.10297],"brandarbraut 6":[63.95926,-21.10438],"brandarbraut 8":[63.95929,-21.10573],"brandarbraut 10":[63.95933,-21.10694],"hrókabólsvegur 3":[63.96015,-21.10043],"hellugljúfur 14":[63.98605,-21.13537],"hellugljúfur 16":[63.98648,-21.13469],"hellugljúfur 2":[63.98328,-21.13957],"hellugljúfur 18":[63.98708,-21.13378],"hellugljúfur 4":[63.9836,-21.13919],"hellugljúfur 8":[63.98452,-21.13767],"hellugljúfur 10":[63.98511,-21.13681],"hellugljúfur 12":[63.98553,-21.13615],"hellugljúfur 15":[63.98644,-21.13926],"hellugljúfur 17":[63.98651,-21.14019],"hellugljúfur 1":[63.98374,-21.14075],"hellugljúfur 3":[63.98438,-21.13968],"hellugljúfur 5":[63.98479,-21.13912],"hellugljúfur 7":[63.98529,-21.13828],"hellugljúfur 11":[63.98631,-21.1369],"mýrarsel 1":[63.97879,-21.09289],"klettagljúfur 5":[63.98115,-21.14284],"klettagljúfur 9":[63.98039,-21.1456],"klettagljúfur 12":[63.98329,-21.14351],"klettagljúfur 8":[63.98224,-21.14471],"klettagljúfur 11":[63.98074,-21.14589],"klettagljúfur 13":[63.98129,-21.1463],"klettagljúfur 15":[63.98179,-21.14655],"klettagljúfur 17":[63.98235,-21.14659],"klettagljúfur 19":[63.98281,-21.14664],"klettagljúfur 23":[63.98379,-21.14571],"spóavegur 1":[63.95424,-21.0607],"hraun 3":[63.91899,-21.32102],"reykjakot 2":[64.01691,-21.19469],"norðurvellir 9":[64.04359,-21.40366],"spóavegur 19":[63.95494,-21.066],"brúarhvammur 3":[64.00021,-21.17732],"bakkahlíð 1":[63.95367,-21.27394],"laxabraut 33":[63.84858,-21.4435],"núpar 5":[63.97555,-21.22215],"þórustaðir 1":[63.94902,-21.06024],"bjarnastaðir 2":[63.94125,-21.30337],"gufudalur 4":[64.01649,-21.18844],"hraunstunga 9":[63.90545,-21.30744],"breiðabólstaður 2":[63.90676,-21.40179],"lækur 1":[63.94072,-21.29895],"litli-saurbær 1":[63.97855,-21.19751],"bakki 1":[63.95285,-21.27151],"þóroddsstaðir 1":[63.95993,-21.2658],"vogsósar 1":[63.8584,-21.71168],"stekkjarhóll 1":[63.89621,-21.46826],"hellugljúfur 13":[63.98637,-21.13756],"laugarbakkar 3":[63.96764,-20.97765],"kirkjuferjuhjáleiga 3":[63.94319,-21.13071],"klettagljúfur 21":[63.98337,-21.14613],"klettagljúfur 6":[63.98154,-21.14496],"lækur 3":[63.9406,-21.29955],"núpastígur 4":[63.9811,-21.23247],"núpastígur 6":[63.98096,-21.23323],"núpar 2":[63.97968,-21.2354],"árbær 6":[63.95395,-21.0311],"árbær 3":[63.94493,-21.03296],"víkursandur 2":[63.85377,-21.44177],"víkursandur 9":[63.85592,-21.44093],"víkursandur 3":[63.85394,-21.4514],"víkursandur 8":[63.85318,-21.44911],"víkursandur 5":[63.85494,-21.45009],"víkursandur 10":[63.85429,-21.44783],"víkursandur 6":[63.8536,-21.44621],"víkursandur 4":[63.85378,-21.44413],"víkursandur 12":[63.85482,-21.44031],"víkursandur 7":[63.85527,-21.44756],"lækur 4":[63.94005,-21.33492],"þrastarvegur 3":[63.95478,-21.05695],"hraun 2a":[63.91803,-21.32351],"spóavegur 23":[63.95285,-21.06587],"mánastaðir 1":[63.98115,-21.19784],"mánastaðir 2":[63.98163,-21.19917],"árbær 5":[63.94364,-21.03797],"svöluvegur 22":[63.9556,-21.04693],"þrastarvegur 9":[63.9557,-21.05319],"litli-saurbær 2":[64.00637,-21.23051],"gljúfurárholt 28":[63.97983,-21.14203],"gufudalur 2":[64.01574,-21.18546],"lækur 2b":[63.93574,-21.33058],"sögusteinn 1":[63.93116,-21.34192],"fjallsbraut 3":[63.97513,-21.08359],"vesturgljúfur 2":[63.97849,-21.14682],"vesturgljúfur 4":[63.97893,-21.14801],"vesturgljúfur 6":[63.97931,-21.14878],"vesturgljúfur 8":[63.97975,-21.1496],"hvoll 1":[63.94986,-21.09244],"þórustaðir 2":[63.9504,-21.05877],"sólbakki 3":[63.97088,-21.08768],"víkursandur 1b":[63.8526,-21.45321],"mæri vegsvæði 2":[63.97411,-21.1431],"spóavegur 16":[63.9569,-21.06556],"bláengi 6":[63.98382,-21.17587],"bláengi 7":[63.98352,-21.17541],"bláengi 8":[63.98341,-21.1771],"bláengi 9":[63.98312,-21.17655],"hrókabólsvegur 2":[63.96099,-21.09839],"hrókabólsvegur 4":[63.96122,-21.10061],"stóri-saurbær 3":[63.97978,-21.19429],"gljúfurárholt 25":[63.97788,-21.14204],"þrastarvegur 7":[63.95585,-21.05482],"spóavegur 18":[63.95706,-21.06795],"borgargerði 4":[63.97365,-21.08982],"borgargerði 6":[63.97368,-21.0872],"borgargerði 8":[63.97353,-21.08652],"hafnarsandur 4":[63.85624,-21.41471],"þrastarvegur 5":[63.95612,-21.05746],"bolavellir 2":[64.04231,-21.39931],"suðurvellir 2":[64.04536,-21.42048],"laxabraut 21":[63.84649,-21.42422],"laxabraut 17":[63.84608,-21.41734],"laxabraut 23":[63.84702,-21.42749],"laxabraut 25":[63.84741,-21.43105],"stóri-saurbær 4":[63.98841,-21.19869],"árbær 4":[63.94615,-21.04339],"spóavegur 4":[63.95636,-21.06012],"svöluvegur 12":[63.95639,-21.05257],"þóroddsstaðir 4":[63.95824,-21.27054],"landgræðslusvæði 25":[63.89802,-21.4291],"reykjakot 3":[64.01923,-21.19477],"kirkjuhvoll 1":[63.94746,-21.12473],"kirkjuhvoll 3":[63.94675,-21.1257],"kirkjuhvoll 5":[63.94514,-21.12633],"laxabraut 2":[63.84791,-21.42081],"selvogsgata 6":[63.83291,-21.68415],"vogsósar 2":[63.85664,-21.70601],"norðurvellir 7":[64.04303,-21.40099],"norðurvellir 3":[64.04259,-21.39787],"norðurvellir 1":[64.04233,-21.39723],"norðurvellir 2":[64.04363,-21.397],"fjallsbraut 5":[63.97587,-21.08412],"fjallsbraut 7":[63.9764,-21.0841],"fjallsbraut 9":[63.97719,-21.08473],"fjallsbraut 12":[63.97722,-21.0831],"fjallsbraut 6":[63.9753,-21.08105],"fjallsbraut 8":[63.97606,-21.08141],"fjallsbraut 10":[63.97661,-21.0826],"fjallsbraut 1":[63.97504,-21.09133],"bláengi 3b":[63.98381,-21.17249],"holtagljúfur 3":[63.98779,-21.13474],"holtagljúfur 5":[63.98786,-21.13575],"holtagljúfur 7":[63.98791,-21.13677],"holtagljúfur 9":[63.98795,-21.13767],"holtagljúfur 11":[63.98801,-21.13878],"holtagljúfur 13":[63.98809,-21.14003],"holtagljúfur 15":[63.98804,-21.14127],"holtagljúfur 17":[63.98776,-21.14238],"holtagljúfur 19":[63.98739,-21.14296],"holtagljúfur 21":[63.987,-21.14315],"holtagljúfur 23":[63.98659,-21.14317],"holtagljúfur 4":[63.98744,-21.13503],"holtagljúfur 6":[63.98753,-21.13627],"holtagljúfur 8":[63.98758,-21.13771],"holtagljúfur 10":[63.98766,-21.13888],"holtagljúfur 12":[63.98767,-21.1402],"holtagljúfur 14":[63.98752,-21.14118],"holtagljúfur 16":[63.98721,-21.1418],"mýrarsel 2":[63.97792,-21.09291],"mýrarsel 4":[63.97801,-21.09113],"mýrarsel 6":[63.97802,-21.09009],"mýrarsel 8":[63.97808,-21.08758],"mýrarsel 10":[63.97811,-21.08651],"mýrarsel 12":[63.97818,-21.08543],"mýrarsel 14":[63.97826,-21.08422],"mýrarsel 16":[63.97822,-21.08291],"mýrarsel 11":[63.97924,-21.08314],"mýrarsel 3":[63.97907,-21.09159],"mýrarsel 5":[63.97904,-21.09069],"mýrarsel 7":[63.97907,-21.0897],"akurholt 8":[63.97841,-21.12003],"akurholt 10":[63.97879,-21.12184],"mýrarsel 9":[63.97914,-21.08708],"spóavegur 12a":[63.95514,-21.06456],"spóavegur 12":[63.95539,-21.06468],"spóavegur 3":[63.95339,-21.06067],"spóavegur 17":[63.95456,-21.06343],"spóavegur 15":[63.9536,-21.06376],"spóavegur 7":[63.95434,-21.06204],"spóavegur 21":[63.95418,-21.06609],"spóavegur 25":[63.95322,-21.06759],"spóavegur 29":[63.9547,-21.0673],"spóavegur 31":[63.95527,-21.06843],"svöluvegur 20":[63.95651,-21.04845],"svöluvegur 14":[63.9567,-21.05046],"þrastarvegur 12":[63.95319,-21.05544],"þrastarvegur 14":[63.95278,-21.05241],