{"mundakot 1":[63.86097,-21.14138],"þykkvaflöt 3":[63.86106,-21.14022],"þykkvaflöt 8":[63.86055,-21.13965],"túngata 9":[63.86197,-21.1433],"eyrargata 16d":[63.86253,-21.14552],"eyrargata 3a":[63.86037,-21.14251],"eyrargata 3b":[63.86042,-21.14266],"eyrargata 11":[63.86072,-21.14294],"eyrargata 31":[63.8614,-21.14542],"eyrargata 16c":[63.8624,-21.14576],"eyrargata 20a":[63.86242,-21.14729],"eyrargata 55":[63.86312,-21.15041],"eyrargata 57":[63.86327,-21.15101],"eyrargata 61":[63.8635,-21.1518],"eyrargata 71":[63.86367,-21.1532],"eyrargata 77":[63.86394,-21.15351],"eyrargata 44a":[63.86409,-21.15331],"eyrargata 79":[63.86414,-21.15413],"eyrargata 46b":[63.86429,-21.15331],"eyrargata 50":[63.86464,-21.15399],"búðarstígur 5b":[63.86437,-21.15639],"búðarstígur 4":[63.86486,-21.15527],"skúmsstaðir 5":[63.86537,-21.15543],"bakarísstígur 4a":[63.86527,-21.1564],"brenna 2":[63.86556,-21.15546],"steinsbær 1":[63.86575,-21.15831],"einarshöfn 3":[63.86573,-21.15733],"einarshöfn 5":[63.8658,-21.15682],"túngata 83":[63.86637,-21.15687],"gamla-hraun 1":[63.84841,-21.1146],"nesbrú 7":[63.86707,-21.15931],"búðarstígur 2":[63.86459,-21.15494],"túngata 39":[63.86276,-21.14686],"túngata 68":[63.8659,-21.1547],"búðarstígur 19a":[63.86552,-21.16012],"nesbrú 5":[63.86713,-21.1595],"gamla-hraun 2":[63.84896,-21.11568],"túngata 2":[63.86213,-21.1413],"túngata 6":[63.8625,-21.14159],"háeyrarvellir 2":[63.85993,-21.14022],"hafnarbrú 3":[63.86783,-21.16239],"búðarstígur 22":[63.86631,-21.16079],"hafnarbrú 4":[63.86762,-21.1613],"hjalladæl 3":[63.86414,-21.14797],"hjalladæl 4":[63.86448,-21.14771],"merkisteinsvellir 9":[63.85785,-21.13031],"merkisteinsvellir 11":[63.85767,-21.12975],"hulduhóll 17":[63.86192,-21.13966],"hulduhóll 15":[63.86209,-21.13937],"hulduhóll 11":[63.86277,-21.13924],"háeyrarvellir 28":[63.85914,-21.13808],"háeyrarvellir 32":[63.85914,-21.13741],"háeyrarvellir 36":[63.85881,-21.13802],"háeyrarvellir 38":[63.85866,-21.13748],"háeyrarvellir 46":[63.85865,-21.13648],"háeyrarvellir 50":[63.85832,-21.13625],"háeyrarvellir 54":[63.85865,-21.13562],"hjallavegur 2":[63.86395,-21.15113],"þykkvaflöt 12":[63.86026,-21.13925],"hulduhóll 1":[63.8619,-21.14043],"hulduhóll 3a":[63.86206,-21.14028],"hulduhóll 4":[63.86144,-21.14113],"nesbrú 3":[63.86703,-21.16056],"steinsbær 2":[63.86569,-21.1584],"túngata 3":[63.8618,-21.14268],"túngata 7":[63.86178,-21.14359],"túngata 10":[63.86239,-21.14238],"túngata 13":[63.86235,-21.14366],"túngata 15":[63.86205,-21.14386],"túngata 18":[63.86272,-21.14326],"túngata 23a":[63.86251,-21.14428],"túngata 23c":[63.86266,-21.14482],"túngata 26":[63.86333,-21.14487],"túngata 30":[63.86326,-21.1457],"túngata 33":[63.86286,-21.14563],"túngata 35":[63.86301,-21.14623],"túngata 38":[63.86352,-21.14676],"túngata 41":[63.86317,-21.14685],"túngata 42":[63.86379,-21.14782],"túngata 44a":[63.86393,-21.14834],"túngata 45":[63.86354,-21.14812],"túngata 45a":[63.86363,-21.14846],"túngata 46":[63.86401,-21.14887],"túngata 48":[63.86425,-21.14948],"túngata 49":[63.86385,-21.14919],"túngata 50":[63.86441,-21.14996],"túngata 51":[63.86404,-21.15012],"túngata 52":[63.86457,-21.1505],"túngata 53":[63.86425,-21.15072],"túngata 54":[63.86471,-21.15092],"túngata 55":[63.86437,-21.15114],"túngata 56":[63.86485,-21.1512],"túngata 57":[63.86409,-21.15161],"túngata 58":[63.86498,-21.15167],"túngata 59":[63.8645,-21.15154],"túngata 60":[63.86514,-21.15222],"túngata 61":[63.86534,-21.15408],"túngata 62":[63.86532,-21.15278],"túngata 64":[63.86549,-21.15334],"túngata 70":[63.8663,-21.15574],"háeyrarvellir 6":[63.85942,-21.14016],"háeyrarvellir 10":[63.85984,-21.13958],"háeyrarvellir 14":[63.85953,-21.13941],"háeyrarvellir 18":[63.85921,-21.13933],"háeyrarvellir 22":[63.85929,-21.1387],"mundakot 2":[63.86092,-21.14121],"hulduhóll 10":[63.86135,-21.13996],"háeyrarvellir 24":[63.85907,-21.13885],"eyrargata 18":[63.86232,-21.14669],"búðarstígur 14a":[63.86536,-21.15787],"eyrargata 16e":[63.86227,-21.14528],"skúmsstaðir 2":[63.86539,-21.15571],"steinskot 1":[63.86035,-21.13421],"steinskot 2":[63.86036,-21.13457],"álfsstétt 3":[63.86163,-21.14206],"álfsstétt 5":[63.86186,-21.14175],"bakarísstígur 4":[63.86532,-21.15673],"bakarísstígur 6":[63.86555,-21.15628],"búðarstígur 1":[63.8644,-21.15505],"búðarstígur 7":[63.86451,-21.15687],"búðarstígur 10a":[63.86481,-21.15661],"búðarstígur 12":[63.86497,-21.15711],"eyrargata 1a":[63.86053,-21.14228],"eyrargata 5":[63.86021,-21.14286],"eyrargata 7":[63.86033,-21.14326],"eyrargata 8a":[63.86142,-21.14403],"eyrargata 10a":[63.86154,-21.14461],"eyrargata 12":[63.86182,-21.14514],"eyrargata 16a":[63.86201,-21.14599],"eyrargata 17":[63.86079,-21.14439],"eyrargata 21":[63.86117,-21.14442],"eyrargata 23":[63.8609,-21.14473],"eyrargata 26":[63.86283,-21.14825],"eyrargata 30":[63.86303,-21.14945],"eyrargata 32a":[63.86354,-21.1502],"eyrargata 34":[63.86348,-21.15085],"eyrargata 36":[63.86362,-21.15137],"eyrargata 38":[63.86368,-21.15184],"eyrargata 39a":[63.86192,-21.14645],"eyrargata 41a":[63.86204,-21.14683],"eyrargata 42":[63.86389,-21.15259],"eyrargata 44":[63.86401,-21.15313],"eyrargata 47":[63.86219,-21.14735],"háeyrarvegur 2":[63.86309,-21.14789],"háeyrarvellir 4":[63.85962,-21.14056],"búðarstígur 26":[63.86687,-21.16344],"búðarstígur 5":[63.86457,-21.15622],"eyrargata 59":[63.86338,-21.15135],"eyrargata 67":[63.86353,-21.15301],"stekkjarvað 3":[63.86493,-21.13407],"stekkjarvað 4":[63.86476,-21.13343],"stekkjarvað 7":[63.86435,-21.13152],"stekkjarvað 8":[63.86461,-21.13126],"stekkjarvað 5":[63.86461,-21.13276],"hulduhóll 37":[63.86204,-21.13811],"hulduhóll 53":[63.86174,-21.13704],"hulduhóll 55":[63.86151,-21.13723],"hulduhóll 47":[63.86148,-21.13806],"hulduhóll 43":[63.86141,-21.13876],"hulduhóll 35":[63.86217,-21.13868],"hulduhóll 61":[63.86109,-21.13754],"hulduhóll 51":[63.86188,-21.13748],"hulduhóll 18":[63.86106,-21.13894],"hulduhóll 6":[63.86145,-21.14037],"hjalladæl 7":[63.86422,-21.14675],"háeyrarvegur 3":[63.86353,-21.1492],"eyrargata 73":[63.86385,-21.15307],"eyrargata 75a":[63.8638,-21.1539],"hulduhóll 39":[63.86179,-21.13837],"búðarstígur 6":[63.86479,-21.15575],"skúmsstaðir 4":[63.86515,-21.15612],"eyrargata 46":[63.86418,-21.15348],"eyrargata 46a":[63.86424,-21.15349],"eyrargata 81":[63.86427,-21.15455],"búðarstígur 19c":[63.86527,-21.16028],"hjalladæl 5":[63.8643,-21.14849],"hjalladæl 10":[63.86379,-21.14676],"hjalladæl 12":[63.86374,-21.14656],"hjalladæl 13":[63.864,-21.1459],"þykkvaflöt 4":[63.86073,-21.14038],"þykkvaflöt 1":[63.8612,-21.14046],"þykkvaflöt 11":[63.86057,-21.13824],"hulduhóll 19":[63.86172,-21.13989],"hulduhóll 13":[63.86228,-21.13908],"túngata 71":[63.86632,-21.15727],"háeyrarvellir 26":[63.85895,-21.13843],"háeyrarvellir 30":[63.85928,-21.13787],"háeyrarvellir 34":[63.85898,-21.13764],"háeyrarvellir 40":[63.85881,-21.13698],"háeyrarvellir 44":[63.85882,-21.13625],"háeyrarvellir 48":[63.85848,-21.13689],"háeyrarvellir 52":[63.85848,-21.13589],"hjallavegur 1":[63.86389,-21.15033],"hjallavegur 3":[63.8636,-21.15039],"hulduhóll 2":[63.86163,-21.14094],"hulduhóll 3b":[63.86211,-21.1402],"hulduhóll 5":[63.86226,-21.13995],"merkisteinsvellir 3":[63.85842,-21.13231],"nesbrú 4":[63.86601,-21.159],"túngata 63":[63.86552,-21.15487],"túngata 66":[63.86569,-21.15397],"túngata 1":[63.86202,-21.14235],"túngata 5":[63.86159,-21.14301],"túngata 8":[63.86227,-21.14188],"túngata 11":[63.86219,-21.14302],"túngata 14":[63.8628,-21.14263],"túngata 16":[63.86255,-21.143],"túngata 22":[63.86298,-21.14456],"túngata 23b":[63.86258,-21.14457],"túngata 24":[63.86318,-21.14425],"túngata 28":[63.86314,-21.1452],"túngata 32":[63.86346,-21.14535],"túngata 34":[63.86362,-21.14604],"túngata 36":[63.86341,-21.1463],"túngata 40":[63.86365,-21.14728],"túngata 43":[63.86334,-21.14758],"túngata 44b":[63.86398,-21.14865],"háeyrarvellir 8":[63.85962,-21.13983],"háeyrarvellir 12":[63.8597,-21.13914],"háeyrarvellir 16":[63.85933,-21.1397],"háeyrarvellir 20":[63.85943,-21.13851],"búðarstígur 14b":[63.86531,-21.15823],