{"hásteinsvegur 42":[63.83222,-21.04814],"sandgerði 2":[63.83516,-21.06212],"eyrarbraut 3a":[63.83676,-21.06601],"heiðarbrún 16":[63.8398,-21.06577],"stjörnusteinar 16":[63.83768,-21.05826],"ólafsvellir 4":[63.83396,-21.05129],"ólafsvellir 8":[63.83404,-21.05216],"ólafsvellir 27":[63.83429,-21.05195],"ólafsvellir 33":[63.83432,-21.05296],"ólafsvellir 14":[63.83444,-21.04971],"ólafsvellir 18":[63.83447,-21.0505],"ólafsvellir 22":[63.83457,-21.05132],"ólafsvellir 24":[63.8346,-21.05172],"eyrarbraut 2":[63.83787,-21.06398],"sólvellir 4a":[63.83527,-21.05826],"heiðarbrún 12":[63.83946,-21.06394],"tjarnarstígur 1":[63.83857,-21.05714],"tjarnarstígur 4":[63.83784,-21.05699],"heiðarbrún 10":[63.83918,-21.06329],"heiðarbrún 12a":[63.83955,-21.06427],"sandgerði 6":[63.83506,-21.06103],"ólafsvellir 3":[63.8336,-21.05115],"ólafsvellir 7":[63.83373,-21.05238],"ólafsvellir 11":[63.83384,-21.05356],"sandgerði 3":[63.83545,-21.06159],"stjörnusteinar 1":[63.83748,-21.0631],"sandgerði 4":[63.83511,-21.06156],"sólvellir 1":[63.83572,-21.05923],"sólvellir 7":[63.83554,-21.05676],"tjarnarstígur 3":[63.83847,-21.05677],"sandgerði 5":[63.8354,-21.0614],"hásteinsvegur 39":[63.83277,-21.04743],"hásteinsvegur 40":[63.83227,-21.04877],"strandgata 1":[63.83644,-21.06249],"strandgata 7":[63.83493,-21.06163],"eyrarbraut 3b":[63.83695,-21.06625],"heiðarbrún 14":[63.83973,-21.06491],"sólvellir 10":[63.83499,-21.0543],"blómsturvellir 2":[63.83496,-21.05818],"eyjasel 2":[63.83949,-21.07303],"eyjasel 4":[63.83983,-21.07252],"eyjasel 5":[63.83968,-21.07205],"eyjasel 7":[63.83952,-21.07098],"eyjasel 9":[63.83924,-21.07002],"eyjasel 11":[63.83896,-21.06908],"eyrarbraut 7":[63.83701,-21.06644],"eyrarbraut 9":[63.83717,-21.06712],"eyrarbraut 11":[63.83722,-21.06668],"eyrarbraut 14":[63.83855,-21.06887],"blómsturvellir 8":[63.83428,-21.05707],"tjarnarstígur 2":[63.83797,-21.05742],"eyrarbraut 19":[63.83753,-21.06682],"eyrarbraut 21":[63.83714,-21.06814],"eyrarbraut 23":[63.83736,-21.06758],"eyrarbraut 25":[63.83765,-21.06732],"eyrarbraut 26":[63.83928,-21.07189],"eyrarbraut 30":[63.83968,-21.07442],"eyrarbraut 33":[63.83788,-21.06924],"eyrarbraut 39":[63.83824,-21.06999],"eyrarbraut 45":[63.83846,-21.07136],"eyrarbraut 49":[63.83879,-21.07194],"eyrarbraut 57":[63.83925,-21.07441],"hafnargata 1":[63.837,-21.06502],"hafnargata 3":[63.83678,-21.06486],"hásteinsvegur 3":[63.83503,-21.0592],"hásteinsvegur 7":[63.83441,-21.05828],"hásteinsvegur 9":[63.83433,-21.05817],"hásteinsvegur 10":[63.83307,-21.05546],"hásteinsvegur 11":[63.83424,-21.05802],"hásteinsvegur 12":[63.83303,-21.05497],"hásteinsvegur 14":[63.83274,-21.05507],"hásteinsvegur 15":[63.83372,-21.05664],"hásteinsvegur 16":[63.83295,-21.05415],"hásteinsvegur 17":[63.83359,-21.05602],"hásteinsvegur 18":[63.83268,-21.05423],"hásteinsvegur 19":[63.83348,-21.05514],"hásteinsvegur 20":[63.83257,-21.05359],"hásteinsvegur 21":[63.83331,-21.05438],"hásteinsvegur 23":[63.83335,-21.05363],"hásteinsvegur 24":[63.8328,-21.05292],"hásteinsvegur 27":[63.83321,-21.05209],"hásteinsvegur 30":[63.83271,-21.05126],"hásteinsvegur 32":[63.83266,-21.05067],"hásteinsvegur 34":[63.83248,-21.04991],"hásteinsvegur 36":[63.83253,-21.0493],"hásteinsvegur 38":[63.83243,-21.0485],"hásteinsvegur 1":[63.83533,-21.05967],"hásteinsvegur 22":[63.83287,-21.05347],"heiðarbrún 8":[63.83856,-21.06198],"heiðarbrún 20":[63.84009,-21.06685],"heiðarbrún 24":[63.84038,-21.06803],"íragerði 3":[63.83403,-21.05886],"íragerði 5":[63.83389,-21.05846],"íragerði 7":[63.8337,-21.05809],"íragerði 9":[63.83363,-21.0579],"íragerði 10":[63.83339,-21.05848],"íragerði 12":[63.83308,-21.05749],"íragerði 13":[63.83341,-21.05721],"íragerði 17":[63.83329,-21.05663],"sandgerði 9":[63.83527,-21.06042],"sandgerði 15":[63.83471,-21.05964],"sólvellir 8":[63.83509,-21.05577],"stjörnusteinar 3":[63.83732,-21.06165],"stjörnusteinar 6":[63.83721,-21.06078],"stjörnusteinar 8":[63.83739,-21.06033],"stjörnusteinar 10":[63.83762,-21.05988],"stjörnusteinar 13":[63.83822,-21.05954],"stjörnusteinar 18":[63.83817,-21.05856],"stjörnusteinar 21":[63.83857,-21.05867],"stjörnusteinar 23":[63.83874,-21.05817],"strandgata 2":[63.83477,-21.06219],"strandgata 5":[63.8355,-21.06234],"strandgata 8":[63.83435,-21.06049],"strandgata 9":[63.83477,-21.06125],"strandgata 10":[63.83423,-21.05975],"strandgata 12":[63.8342,-21.05934],"strandgata 11":[63.83461,-21.06043],"eyrarbraut 17":[63.83751,-21.06621],"hestagata 2":[63.84036,-21.04156],"hestagata 3":[63.8406,-21.0419],"hestagata 6":[63.84035,-21.04077],"hásteinsvegur 26":[63.83258,-21.05298],"strandgata 13":[63.83447,-21.05983],"stardalur 2":[63.83494,-21.04364],"tjarnarstígur 5":[63.83824,-21.057],"hafnargata 6":[63.83663,-21.06383],"sandgerði 1":[63.83541,-21.06195],"stjörnusteinar 14":[63.83793,-21.05899],"íragerði 14":[63.83299,-21.05696],"sandgerði 13":[63.83489,-21.05996],"hásteinsvegur 28":[63.83276,-21.05226],"hásteinsvegur 6":[63.83302,-21.05637],"blómsturvellir 1":[63.83476,-21.05721],"blómsturvellir 4":[63.83466,-21.05777],"dvergasteinar 4":[63.83614,-21.06089],"eyjasel 1":[63.83967,-21.07367],"eyjasel 3":[63.83999,-21.07317],"eyjasel 6":[63.83955,-21.07157],"eyjasel 8":[63.83937,-21.0705],"eyjasel 10":[63.83911,-21.06958],"eyjasel 12":[63.83882,-21.06855],"eyrarbraut 6":[63.83821,-21.06807],"eyrarbraut 8":[63.83855,-21.06753],"eyrarbraut 10":[63.83867,-21.06807],"eyrarbraut 12":[63.83843,-21.06846],"eyrarbraut 15":[63.83745,-21.06651],"blómsturvellir 6":[63.83445,-21.05761],"tjarnarstígur 6":[63.83771,-21.05659],"strandgata 8a":[63.83432,-21.06039],"hafnargata 10":[63.83617,-21.06353],"eyrarbraut 29":[63.83782,-21.06843],"heiðarbrún 10a":[63.83926,-21.06348],"stjörnusteinar 19":[63.8388,-21.05897],"ólafsvellir 5":[63.83368,-21.05188],"ólafsvellir 9":[63.83379,-21.05302],"ólafsvellir 6":[63.83399,-21.05164],"ólafsvellir 10":[63.83408,-21.0526],"ólafsvellir 21":[63.83422,-21.05104],"ólafsvellir 16":[63.83447,-21.05008],"ólafsvellir 20":[63.83452,-21.05092],"ólafsvellir 26":[63.83462,-21.05214],"hásteinsvegur 25":[63.83326,-21.05289],"hásteinsvegur 29":[63.83314,-21.05128],"hásteinsvegur 31":[63.83307,-21.05042],"hásteinsvegur 33":[63.83305,-21.04964],"hásteinsvegur 35":[63.83295,-21.04899],"hásteinsvegur 37":[63.83287,-21.04831],"hásteinsvegur 44":[63.83231,-21.0475],"hásteinsvegur 13":[63.83403,-21.05736],"heiðarbrún 2":[63.83808,-21.06095],"heiðarbrún 18":[63.83998,-21.06621],"heiðarbrún 22":[63.84023,-21.06745],"tjarnarstígur 9":[63.83784,-21.05575],"íragerði 2":[63.83393,-21.05942],"íragerði 4":[63.83368,-21.0594],"íragerði 6":[63.83359,-21.05893],"íragerði 8":[63.83345,-21.05865],"íragerði 11":[63.83347,-21.05738],"íragerði 12a":[63.83314,-21.05786],"íragerði 15":[63.83334,-21.05684],"sandgerði 7":[63.83537,-21.06105],"sandgerði 11":[63.83504,-21.0602],"sólvellir 4":[63.83528,-21.05838],"sólvellir 6":[63.83515,-21.05665],"stardalur 1":[63.8344,-21.04597],"sólvellir 5":[63.8356,-21.05768],"stjörnusteinar 4":[63.83704,-21.06122],"stjörnusteinar 7":[63.8379,-21.06055],"stjörnusteinar 9":[63.83806,-21.06009],"stjörnusteinar 12":[63.83776,-21.05952],"stjörnusteinar 15":[63.83839,-21.05918],"stjörnusteinar 20":[63.83801,-21.05813],"stjörnusteinar 22":[63.83844,-21.05785],"strandgata 4":[63.83458,-21.06165],"strandgata 6":[63.83442,-21.06107],"eyrarbraut 16":[63.8387,-21.06939],"eyrarbraut 18":[63.83884,-21.06987],"eyrarbraut 20":[63.83897,-21.07041],"eyrarbraut 22":[63.83909,-21.0708],"eyrarbraut 24":[63.83927,-21.07142],"eyrarbraut 28":[63.83934,-21.07247],"eyrarbraut 31":[63.83761,-21.06947],"eyrarbraut 35":[63.83794,-21.07055],"eyrarbraut 41":[63.83844,-21.07029],"eyrarbraut 47":[63.83854,-21.07141],"eyrarbraut 53":[63.83897,-21.07342],"hafnargata 2":[63.83698,-21.06432],"hafnargata 4":[63.83685,-21.06381],"hásteinsvegur 2":[63.83607,-21.06226],"hásteinsvegur 5":[63.83483,-21.05886],"hestagata 1":[63.84044,-21.04205],"hestagata 5":[63.841,-21.04155],"hestagata 7":[63.84088,-21.04068],"hásteinsvegur 61":[63.83107,-21.03657],