{"dalbraut 2":[64.21607,-20.7347],"lindarbraut 11":[64.2176,-20.7334],"torfholt 12":[64.21944,-20.73096],"lindarskógur 7":[64.20844,-20.74941],"lindarskógur 2":[64.20991,-20.74747],"lindarskógur 6":[64.20945,-20.74886],"lindarskógur 1":[64.2092,-20.74692],"lindarskógur 10":[64.20894,-20.75018],"hrísholt 3":[64.21972,-20.72903],"hrísholt 10":[64.21917,-20.7302],"hrísholt 3a":[64.21965,-20.72911],"háholt 2a":[64.22031,-20.7297],"háholt 2b":[64.22023,-20.72979],"háholt 7b":[64.22021,-20.72767],"háholt 10a":[64.21968,-20.72764],"lindarbraut 5":[64.21674,-20.73161],"lindarbraut 6":[64.2175,-20.731],"lindarbraut 8":[64.21753,-20.73187],"lindarbraut 1a":[64.216,-20.73222],"dalbraut 1":[64.22082,-20.73238],"hrísholt 7":[64.21859,-20.72992],"skólatún 10":[64.21143,-20.74036],"torfholt 10":[64.21921,-20.73129],"bjarkarbraut 5":[64.21593,-20.73313],"lindarbraut 2":[64.21558,-20.73086],"háholt 2c":[64.22019,-20.72988],"háholt 10c":[64.21958,-20.72776],"torfholt 6b":[64.21869,-20.73176],"dalbraut 12":[64.21839,-20.73281],"dalbraut 6":[64.21649,-20.73436],"dalbraut 8":[64.21699,-20.73385],"hverabraut 1":[64.21466,-20.73012],"hrísholt 6":[64.21923,-20.72917],"torfholt 2":[64.21809,-20.73221],"hrísholt 9":[64.21875,-20.7304],"hrísholt 1":[64.21983,-20.7296],"dalbraut 4":[64.21625,-20.73453],"skógarholt 3":[64.20602,-20.75333],"skógarholt 5":[64.20568,-20.75492],"hrísholt 4":[64.21938,-20.72968],"laugarbraut 3":[64.21488,-20.73364],"háholt 9":[64.22002,-20.72704],"skólatún 8":[64.21151,-20.74012],"krikinn 2":[64.20987,-20.74459],"torfholt 8":[64.21897,-20.7315],"eyvindartunga 1":[64.20859,-20.72714],"háholt 5":[64.2203,-20.72819],"hrísholt 11":[64.21891,-20.73086],"hrísholt 5":[64.21958,-20.72856],"skógarholt 1":[64.20688,-20.75196],"skógarholt 4":[64.20616,-20.7545],"skógarholt 6":[64.20576,-20.75623],"skógarholt 12":[64.20557,-20.76075],"laugarbraut 1":[64.21478,-20.73431],"laugarbraut 5":[64.21501,-20.73286],"herutún 6":[64.21013,-20.74017],"háholt 1":[64.22063,-20.72905],"lindarbraut 9":[64.21731,-20.7328],"torfholt 4":[64.21833,-20.73204],"torfholt 16":[64.21999,-20.73013],"traustatún 9":[64.21065,-20.73738],"lindarskógur 3":[64.209,-20.74781],"háholt 10b":[64.21963,-20.7277],"lindarbraut 7":[64.21704,-20.73222],"lindarbraut 1b":[64.21609,-20.73217],"bjarkarbraut 3":[64.21588,-20.73401],"lindarbraut 10":[64.21777,-20.73248],"háholt 7a":[64.22016,-20.72749],"torfholt 14":[64.21966,-20.73062],"torfholt 6a":[64.21864,-20.73179],"dalbraut 10":[64.21808,-20.73304],"skógarholt 8":[64.20536,-20.75809],"skógarholt 11":[64.20537,-20.75934],"skógarholt 2":[64.20664,-20.75273],"skógarholt 7":[64.20555,-20.75712],"skógarholt 10":[64.20493,-20.75867],"reykjabraut 5":[64.21627,-20.73369],"reykjabraut 3":[64.21664,-20.73341],"bjarkarbraut 6":[64.2154,-20.73263],"kotstún 1":[64.20896,-20.74521],"kotstún 3":[64.20806,-20.74557],"lindarskógur 8":[64.20914,-20.74971],"lindarskógur 11":[64.20813,-20.75039],"lindarskógur 9":[64.20831,-20.74982],"hrísholt 8":[64.21899,-20.72944],"háholt 8b":[64.2198,-20.7281],"háholt 8a":[64.21984,-20.72828],"háholt 4":[64.22008,-20.72906],"háholt 6":[64.21994,-20.72862],"lindarskógur 12":[64.20875,-20.75133],"háholt 3":[64.22043,-20.72861],"dalbraut 14":[64.21855,-20.73262],"lindarbraut 3":[64.21635,-20.73173],"lindarskógur 4":[64.20982,-20.74772],"lindarskógur 5b":[64.20861,-20.74875],"bjarkarbraut 4":[64.21537,-20.73356],"bjarkarbraut 2":[64.21531,-20.73424],"bjarkarbraut 1":[64.21584,-20.73485],"skólatún 9":[64.21074,-20.741],"traustatún 16":[64.21121,-20.73718],"skólatún 14":[64.21118,-20.74103],"skólatún 18":[64.21098,-20.74161],"hverabraut 6":[64.21337,-20.73165],"traustatún 1":[64.21121,-20.73538],"traustatún 3":[64.21108,-20.73595],"hrísholt 2":[64.2195,-20.73008],"reykjabraut 1":[64.2169,-20.73321],"stóranef 1":[64.20925,-20.72602],"skógarholt 9":[64.20438,-20.75858],"traustatún 5":[64.21096,-20.73644],"háholt 4b":[64.22013,-20.72925],"traustatún 4":[64.21273,-20.7341],"traustatún 2":[64.21294,-20.73397],"traustatún 7":[64.21083,-20.7369],"traustatún 8":[64.21228,-20.73477],"hverabraut 16":[64.21194,-20.73017],"hverabraut 18":[64.21175,-20.73045],"lindarbraut 4":[64.21657,-20.73004],"lindarbraut 4a":[64.21703,-20.7295],"laugarbraut 2":[64.21372,-20.73437],"laugarbraut 7b":[64.21493,-20.732],"hverabraut 2":[64.21421,-20.73186],"hverabraut 3":[64.21366,-20.73035],"hverabraut 20":[64.21132,-20.7309],"garðstígur 1":[64.21256,-20.73625],"skólatún 1":[64.21197,-20.73756],"skólatún 2":[64.21228,-20.74002],"skólatún 3a":[64.21136,-20.7392],"skólatún 4":[64.21205,-20.74079],"skólatún 5a":[64.2112,-20.73981],"skólatún 6":[64.21168,-20.73962],"skólatún 7":[64.21092,-20.74056],"skólatún 11":[64.21059,-20.74158],"lindarskógur 5a":[64.20875,-20.74827],"skólatún 12":[64.21126,-20.74083],"skólatún 16":[64.21105,-20.74135],"hverabraut 4":[64.21339,-20.73101],"hverabraut 8":[64.21338,-20.73212],"hverabraut 10":[64.21301,-20.73218],"hverabraut 12":[64.21301,-20.73183],"hverabraut 14":[64.21301,-20.73101],"háholt 6b":[64.21998,-20.72881],"laugarbraut 7a":[64.21483,-20.73207],"skólatún 3b":[64.2113,-20.73941],"skólatún 5b":[64.21115,-20.73995],"traustatún 14":[64.21135,-20.73663],"traustatún 12":[64.21149,-20.736],"traustatún 6":[64.2125,-20.73454],"skólatún 20":[64.21091,-20.74179],"traustatún 10":[64.21202,-20.73496]}