{"suðurbrún 6":[64.12947,-20.33298],"grafarbakki 1b":[64.13299,-20.30879],"ljónastígur 2":[64.13978,-20.32139],"ljónastígur 6":[64.14073,-20.31963],"ljónastígur 10":[64.14146,-20.31919],"ásastígur 12b":[64.13763,-20.32169],"ásastígur 12a":[64.13777,-20.32173],"suðurhof 6":[64.13376,-20.32789],"sneiðin 3":[64.13811,-20.32549],"smiðjustígur 6a":[64.13741,-20.32313],"smiðjustígur 11a":[64.13785,-20.32243],"vesturbrún 17":[64.13028,-20.32844],"suðurbrún 12a":[64.12894,-20.33336],"garðastígur 7":[64.14281,-20.32388],"reynihlíð 2":[64.13351,-20.32107],"grafarbakki 1":[64.13539,-20.31042],"miðhof 11":[64.1341,-20.32794],"varmalækur 1":[64.12839,-20.32317],"vesturbrún 21":[64.1302,-20.32921],"austurhof 3":[64.13508,-20.323],"austurhof 5":[64.13487,-20.32327],"austurhof 2":[64.13553,-20.32396],"smiðjustígur 11b":[64.13778,-20.3224],"vesturbrún 5":[64.1306,-20.32525],"suðurbrún 8":[64.12911,-20.33214],"suðurbrún 1":[64.12943,-20.33137],"vesturbrún 16":[64.13113,-20.32562],"vesturbrún 10":[64.13096,-20.32516],"vesturbrún 12":[64.13103,-20.32523],"vesturbrún 2":[64.13096,-20.32446],"vesturbrún 6":[64.13125,-20.32462],"vesturbrún 8":[64.13137,-20.32473],"brún 6":[64.12925,-20.32796],"högnastígur 2":[64.13536,-20.32198],"högnastígur 4":[64.13551,-20.3216],"högnastígur 8":[64.13586,-20.32098],"ásastígur 6b":[64.13869,-20.32198],"ásastígur 4b":[64.13903,-20.32206],"ásastígur 2":[64.13939,-20.32218],"ásastígur 9":[64.13849,-20.32127],"ásastígur 5":[64.13882,-20.32145],"ljónastígur 1":[64.13994,-20.32214],"smiðjustígur 9":[64.13806,-20.32248],"smiðjustígur 19":[64.13608,-20.32214],"vesturbrún 7":[64.13055,-20.32586],"vesturbrún 9":[64.1305,-20.32637],"vesturbrún 11":[64.13045,-20.32682],"vesturbrún 15":[64.13035,-20.32782],"smiðjustígur 13":[64.13684,-20.32212],"hverabakki 1a":[64.13354,-20.31239],"sneiðin 7":[64.13742,-20.32436],"ljónastígur 5":[64.14079,-20.3207],"vesturbrún 20":[64.13109,-20.32597],"suðurhof 1":[64.13335,-20.32702],"suðurhof 7":[64.13344,-20.32805],"miðhof 8":[64.13442,-20.32753],"miðhof 3":[64.13397,-20.32655],"miðhof 7":[64.13402,-20.32723],"miðhof 9":[64.13408,-20.32773],"norðurhof 7":[64.13471,-20.32697],"högnastígur 3":[64.13639,-20.32154],"högnastígur 5":[64.1366,-20.32137],"smiðjustígur 1":[64.13913,-20.32268],"akurgerði 3":[64.13155,-20.3194],"akurgerði 8":[64.1311,-20.31835],"grafarbakki 2":[64.1336,-20.31138],"hvammur 2":[64.13885,-20.30695],"högnastaðir 2":[64.13608,-20.31795],"smiðjustígur 6":[64.13784,-20.32327],"vinaminni 1":[64.12796,-20.32444],"akurgerði 6":[64.13111,-20.31893],"smiðjustígur 15b":[64.13661,-20.32213],"smiðjustígur 17a":[64.13643,-20.32212],"smiðjustígur 17c":[64.1363,-20.32209],"ásastígur 10b":[64.13801,-20.32176],"ásastígur 10a":[64.13815,-20.32181],"garðastígur 2a":[64.14026,-20.32429],"miðhof 6":[64.13437,-20.32707],"norðurhof 3":[64.13464,-20.32629],"norðurhof 5":[64.13465,-20.32649],"norðurhof 2":[64.13494,-20.32591],"norðurhof 4":[64.13502,-20.32643],"austurhof 7a":[64.13587,-20.32376],"austurhof 7b":[64.13602,-20.32376],"melakvísl 2b":[64.12901,-20.33704],"högnastígur 1":[64.13611,-20.32155],"högnastígur 6":[64.13567,-20.32126],"högnastígur 10":[64.13605,-20.3207],"ásastígur 6a":[64.13877,-20.322],"ásastígur 4a":[64.13912,-20.3221],"ásastígur 7":[64.13856,-20.3213],"ásastígur 3":[64.1391,-20.32132],"garðastígur 4":[64.14121,-20.32303],"vesturbrún 23":[64.1301,-20.32991],"smiðjustígur 4":[64.13821,-20.32342],"smiðjustígur 7":[64.13831,-20.32256],"smiðjustígur 10":[64.13644,-20.32323],"smiðjustígur 21":[64.13577,-20.32209],"vesturbrún 13":[64.13041,-20.32731],"hverabakki 1":[64.1348,-20.31146],"garðastígur 8":[64.14338,-20.3213],"vesturbrún 18":[64.13112,-20.32581],"langholtsvegur 3a":[64.13025,-20.32172],"suðurhof 3":[64.13338,-20.32731],"suðurhof 5":[64.13343,-20.32781],"suðurhof 8":[64.13383,-20.32842],"miðhof 1":[64.13396,-20.32623],"miðhof 5":[64.13401,-20.32701],"norðurhof 6":[64.13503,-20.32686],"norðurhof 9":[64.13473,-20.32719],"akurgerði 1":[64.13152,-20.31991],"garðastígur 2":[64.1407,-20.32337],"melakvísl 2a":[64.12896,-20.33689],"reynihlíð 8":[64.13282,-20.31804],"suðurbrún 10":[64.12855,-20.33189],"grafarbakki 1a":[64.13431,-20.30895],"ljónastígur 4":[64.14015,-20.32047],"ljónastígur 8":[64.14102,-20.31956],"sneiðin 1a":[64.13858,-20.32594],"sneiðin 5":[64.13755,-20.32494],"smiðjustígur 8a":[64.13711,-20.32318],"smiðjustígur 3":[64.13887,-20.32263],"ásastígur 8a":[64.13845,-20.32193],"akurgerði 2":[64.13113,-20.32008],"akurgerði 5":[64.13155,-20.31882],"smiðjustígur 2":[64.13869,-20.3235],"akurgerði 4":[64.13114,-20.3195],"akurgerði 10":[64.13103,-20.31785],"högnastígur 12":[64.13653,-20.32071],"hvammur 1a":[64.13851,-20.31117],"högnastaðir 1":[64.13648,-20.31992],"suðurbrún 7":[64.1286,-20.33096],"ásastígur 1":[64.13938,-20.32158],"reynihlíð 1":[64.13372,-20.31868],"vesturbrún 1":[64.13143,-20.32354],"austurhof 6":[64.13487,-20.32392],"austurhof 4":[64.13518,-20.32412],"smiðjustígur 15a":[64.13667,-20.32207],"smiðjustígur 15c":[64.13654,-20.32212],"smiðjustígur 17":[64.1364,-20.32214],"smiðjustígur 17b":[64.13636,-20.32211],"högnastígur 14":[64.13697,-20.32041],"hvammur 2a":[64.13874,-20.30766],"torfdalur 1":[64.13185,-20.32446],"austurhof 1b":[64.13536,-20.32324],"reynihlíð 4":[64.13331,-20.31996],"smiðjustígur 13a":[64.13724,-20.32214],"smiðjustígur 13c":[64.1371,-20.32213],"birkihlíð 7":[64.13251,-20.31983],"ljónastígur 7":[64.14127,-20.32046],"garðastígur 6":[64.14152,-20.32308],"melakvísl 1":[64.12876,-20.33625],"birkihlíð 3":[64.13259,-20.31902],"birkihlíð 5":[64.13254,-20.31928],"birkihlíð 6":[64.13281,-20.32016],"austurhof 1a":[64.13546,-20.32316],"garðastígur 8c":[64.14398,-20.3217],"smiðjustígur 11e":[64.13751,-20.32231],"túngata 5":[64.12915,-20.32058],"túngata 7":[64.12902,-20.32107],"túngata 9":[64.12889,-20.32161],"hvammur 1c":[64.13867,-20.31072],"vesturbrún 3":[64.13067,-20.32474],"vesturbrún 4":[64.13111,-20.32451],"smiðjustígur 5":[64.13862,-20.32267],"torfdalur 2":[64.13198,-20.32817],"ljónastígur 9":[64.14168,-20.32024],"suðurbrún 3":[64.12914,-20.33134],"garðastígur 1":[64.14075,-20.3248],"garðastígur 3":[64.1414,-20.32431],"garðastígur 3a":[64.14108,-20.32438],"garðastígur 5":[64.14187,-20.32501],"birkihlíð 2":[64.1329,-20.31936],"birkihlíð 10":[64.133,-20.32087],"smiðjustígur 11d":[64.13761,-20.32235],"suðurhof 4":[64.13371,-20.32737],"hrunamannavegur 3":[64.13002,-20.31903],"hrunamannavegur 1":[64.13015,-20.31818],"sneiðin 1":[64.13924,-20.32615],"garðastígur 8a":[64.14283,-20.32181],"smiðjustígur 11c":[64.13771,-20.32237],"vesturbrún 14":[64.1311,-20.32525],"birkihlíð 8":[64.13292,-20.32053],"birkihlíð 11":[64.13266,-20.32099],"birkihlíð 12":[64.13311,-20.32122],"birkihlíð 16":[64.13326,-20.32172],"austurhof 8b":[64.13599,-20.32303],"smiðjustígur 8b":[64.137,-20.32315],"hverabakki 2":[64.13675,-20.31233],"smiðjustígur 11":[64.13777,-20.32259],"birkihlíð 15":[64.13281,-20.32145],"smiðjustígur 13b":[64.13717,-20.32213],"ljónastígur 3":[64.14039,-20.32118],"hvammur 1":[64.13771,-20.30962],"suðurhof 2":[64.1336,-20.3267],"ásastígur 8b":[64.13834,-20.32184],"brún 4":[64.12947,-20.32798],"birkihlíð 1":[64.13264,-20.31875],"brún 2":[64.12983,-20.32818],"brún 8":[64.12863,-20.32733],"silfurtún 1":[64.1292,-20.33057],"austurhof 8a":[64.13583,-20.32304],"suðurhof 2b":[64.1336,-20.32687],"suðurhof 2c":[64.13361,-20.32704],"miðhof 4b":[64.13428,-20.32627],"birkihlíð 13":[64.13273,-20.32122],"birkihlíð 14":[64.13318,-20.32147],"reynihlíð 6":[64.13306,-20.31914],"birkihlíð 4":[64.13284,-20.31965],"birkihlíð 9":[64.13254,-20.32051],"vinaminni 2":[64.12782,-20.32425],"miðhof 4c":[64.13429,-20.32645],"miðhof 4a":[64.13426,-20.3261],"högnastígur 16":[64.13715,-20.32051]}