{"rangárflatir 10":[63.82662,-20.40937],"langalda 14a":[63.83518,-20.38585],"rangárbakki 6":[63.83364,-20.40666],"dynskálar 45":[63.83118,-20.38514],"baugalda 3":[63.83426,-20.38978],"baugalda 25":[63.834,-20.38607],"baugalda 21":[63.83422,-20.38682],"baugalda 17":[63.83442,-20.38755],"baugalda 15":[63.8345,-20.38779],"baugalda 10":[63.83358,-20.38706],"baugalda 29":[63.83346,-20.3862],"baugalda 31":[63.83328,-20.38659],"bolalda 1":[63.8338,-20.38862],"bolalda 3":[63.83401,-20.38827],"borgarsandur 9":[63.83409,-20.39415],"freyvangur 2":[63.83398,-20.39719],"hraunalda 6":[63.83259,-20.38999],"suðurlandsvegur 6":[63.83344,-20.40383],"seltún 8":[63.84222,-20.39685],"seltún 12":[63.84218,-20.39624],"seltún 16":[63.84243,-20.3962],"langalda 14c":[63.83529,-20.38626],"fornisandur 4":[63.83408,-20.3923],"eyjasandur 2":[63.83468,-20.39077],"borgarsandur 2":[63.83312,-20.39479],"borgarsandur 6":[63.83355,-20.39396],"geitasandur 5":[63.83407,-20.39307],"geitasandur 1":[63.83448,-20.3924],"borgarsandur 1":[63.83325,-20.39547],"borgarsandur 5":[63.83368,-20.39484],"geitasandur 8":[63.83428,-20.39381],"geitasandur 4":[63.83461,-20.39324],"eyjasandur 3":[63.83513,-20.39245],"arnarsandur 2":[63.83339,-20.39602],"arnarsandur 6":[63.83382,-20.39525],"dynskálar 10":[63.83328,-20.39806],"vegskálar 1":[63.83448,-20.39943],"suðurlandsvegur 1":[63.83476,-20.40095],"þrúðvangur 6":[63.83548,-20.40135],"þrúðvangur 7":[63.83603,-20.40256],"þrúðvangur 8":[63.83593,-20.40121],"útskálar 2":[63.83704,-20.40074],"dynskálar 3":[63.83474,-20.39886],"dynskálar 7":[63.83443,-20.39819],"freyvangur 1":[63.83422,-20.39773],"freyvangur 5":[63.83456,-20.39702],"freyvangur 9":[63.83492,-20.3963],"freyvangur 6":[63.8343,-20.3965],"freyvangur 10":[63.83467,-20.39584],"freyvangur 14":[63.83504,-20.39503],"freyvangur 18":[63.83541,-20.39434],"freyvangur 22":[63.83575,-20.39372],"freyvangur 23":[63.83612,-20.39389],"freyvangur 19":[63.83582,-20.39458],"freyvangur 15":[63.83546,-20.39532],"þingskálar 12":[63.83519,-20.39664],"þingskálar 8":[63.83526,-20.39795],"þingskálar 4":[63.83531,-20.39913],"heiðvangur 3":[63.83579,-20.39667],"heiðvangur 7":[63.83611,-20.39602],"hesthúsvegur 5":[63.83612,-20.3896],"hesthúsvegur 1":[63.83573,-20.39035],"heiðvangur 4":[63.83566,-20.39573],"heiðvangur 6":[63.83584,-20.3954],"heiðvangur 8":[63.83607,-20.39494],"heiðvangur 10":[63.83619,-20.39464],"heiðvangur 11":[63.8364,-20.39534],"heiðvangur 12":[63.83633,-20.3942],"heiðvangur 14":[63.83647,-20.39374],"heiðvangur 16":[63.8366,-20.3933],"heiðvangur 18":[63.83676,-20.39288],"heiðvangur 20":[63.83693,-20.39254],"heiðvangur 22":[63.8371,-20.39225],"heiðvangur 25":[63.83748,-20.39255],"útskálar 4":[63.83646,-20.40006],"útskálar 1":[63.8374,-20.40035],"útskálar 5":[63.83734,-20.39945],"útskálar 9":[63.83726,-20.39839],"laufskálar 8":[63.83757,-20.39873],"laufskálar 4":[63.83765,-20.39981],"þrúðvangur 20":[63.83769,-20.40067],"laufskálar 13":[63.83841,-20.39784],"laufskálar 9":[63.83789,-20.39812],"laufskálar 5":[63.83796,-20.39908],"laufskálar 3":[63.83799,-20.39953],"þrúðvangur 22":[63.83805,-20.40046],"leikskálar 2a":[63.83829,-20.40012],"hólavangur 1":[63.83855,-20.39957],"þrúðvangur 26":[63.83866,-20.40031],"þrúðvangur 25":[63.83878,-20.40109],"þrúðvangur 29":[63.83927,-20.40097],"þrúðvangur 30":[63.83915,-20.40019],"hólavangur 5":[63.83906,-20.39913],"hólavangur 11":[63.83965,-20.39882],"hólavangur 8":[63.83915,-20.39837],"hólavangur 12":[63.83953,-20.39808],"hólavangur 16":[63.83995,-20.39773],"hólavangur 20":[63.84038,-20.39739],"þrúðvangur 33":[63.83999,-20.40072],"þrúðvangur 32":[63.83959,-20.39999],"þrúðvangur 36":[63.84006,-20.40006],"þrúðvangur 37":[63.84051,-20.40093],"hólavangur 22":[63.84067,-20.39712],"hólavangur 26":[63.84116,-20.39666],"ártún 4":[63.84094,-20.39972],"ártún 1":[63.84142,-20.39968],"ártún 5":[63.84116,-20.39903],"nestún 10":[63.84117,-20.39778],"nestún 6b":[63.8414,-20.39862],"nestún 4a":[63.84154,-20.39897],"nestún 2":[63.84161,-20.39934],"nestún 23":[63.84134,-20.39734],"nestún 21":[63.84151,-20.39698],"nestún 19":[63.84171,-20.39673],"nestún 13":[63.84156,-20.39796],"nestún 15":[63.84175,-20.39766],"nestún 17":[63.84191,-20.39726],"nestún 11":[63.84176,-20.3985],"nestún 9":[63.84192,-20.39812],"nestún 1":[63.84196,-20.39905],"nestún 3":[63.84212,-20.39872],"nestún 7":[63.84212,-20.39788],"nestún 5":[63.84229,-20.39834],"seltún 6":[63.84243,-20.39715],"seltún 4":[63.84251,-20.39752],"seltún 2":[63.84261,-20.39785],"helluvað 1":[63.84034,-20.38662],"hesthúsvegur 4":[63.83577,-20.38948],"hesthúsvegur 8":[63.83611,-20.38889],"hesthúsvegur 12":[63.83647,-20.38819],"hesthúsvegur 16":[63.83683,-20.38758],"hesthúsvegur 18":[63.837,-20.38728],"hesthúsvegur 22":[63.83733,-20.38659],"hesthúsvegur 19":[63.83732,-20.3874],"hesthúsvegur 15":[63.83699,-20.38804],"hesthúsvegur 11":[63.83666,-20.38871],"drafnarsandur 8":[63.83344,-20.39251],"fornisandur 3":[63.83389,-20.39168],"drafnarsandur 1":[63.83299,-20.39418],"drafnarsandur 5":[63.83342,-20.39345],"bogatún 18":[63.84236,-20.39412],"bogatún 20":[63.84236,-20.39388],"bogatún 24":[63.84237,-20.39326],"bogatún 7":[63.84235,-20.3948],"fossalda 10":[63.83289,-20.39076],"bogatún 3":[63.84215,-20.3955],"heiðvangur 24b":[63.83704,-20.39125],"sigalda 1":[63.83201,-20.38992],"sigalda 5":[63.83236,-20.38931],"laufskálar 18":[63.83811,-20.39724],"leikskálar 6":[63.83825,-20.39889],"nestún 4b":[63.8415,-20.39891],"nestún 6a":[63.84141,-20.39866],"þrúðvangur 28":[63.83897,-20.40025],"útskálar 6":[63.83671,-20.39863],"rangárbakki 2":[63.83434,-20.40434],"suðurlandsvegur 2":[63.83379,-20.4024],"dynskálar 46":[63.8308,-20.38598],"dynskálar 34":[63.8316,-20.39029],"hraunalda 4":[63.83237,-20.39024],"dynskálar 32":[63.83191,-20.39164],"dynskálar 30":[63.83212,-20.39245],"dynskálar 28":[63.83225,-20.39314],"dynskálar 26":[63.83237,-20.39396],"dynskálar 24":[63.83244,-20.39447],"dynskálar 22":[63.83265,-20.39513],"hraunalda 1":[63.83226,-20.39113],"fossalda 2":[63.83245,-20.39175],"fossalda 3":[63.83273,-20.39227],"fossalda 1":[63.83253,-20.39245],"breiðalda 6":[63.83304,-20.38977],"breiðalda 2":[63.83348,-20.38918],"bergalda 3":[63.83345,-20.38995],"fossalda 6":[63.83298,-20.39105],"fossalda 7":[63.8331,-20.39168],"bergalda 4":[63.83366,-20.39069],"breiðalda 9":[63.83272,-20.38945],"breiðalda 5":[63.83295,-20.38899],"drafnarsandur 2":[63.83281,-20.39354],"bogatún 4":[63.84195,-20.39449],"bogatún 8":[63.84189,-20.39352],"bogatún 10":[63.84195,-20.39365],"bogatún 14":[63.84208,-20.39401],"bogatún 16":[63.84215,-20.3942],"bogatún 28":[63.84264,-20.39381],"bogatún 30":[63.84263,-20.39407],"dynskálar 36":[63.83144,-20.38965],"bogatún 34":[63.84293,-20.39451],"bogatún 38":[63.84306,-20.39486],"bogatún 11":[63.84272,-20.39507],"bogatún 13":[63.84275,-20.39519],"breiðalda 1":[63.83331,-20.38858],"brúnalda 2":[63.83311,-20.38801],"brúnalda 4":[63.83289,-20.38822],"brúnalda 6":[63.83272,-20.38855],"brúnalda 8":[63.83253,-20.38887],"brúnalda 1":[63.83289,-20.38749],"brúnalda 3":[63.83266,-20.38764],"brúnalda 5":[63.83249,-20.38801],"brúnalda 7":[63.83233,-20.38835],"sigalda 6":[63.83216,-20.38871],"sigalda 4":[63.832,-20.38899],"sigalda 2":[63.83186,-20.3893],"sigalda 3":[63.8322,-20.38967],"geitasandur 2":[63.83487,-20.39285],"laufskálar 12":[63.83776,-20.39738],"bogatún 32":[63.84286,-20.3943],"langalda 16b":[63.83502,-20.3853],"langalda 16c":[63.83506,-20.38542],"langalda 14b":[63.83523,-20.38604],"langalda 16":[63.83501,-20.38539],"faxaflatir 6b":[63.83022,-20.38986],"sleipnisflatir 2":[63.82877,-20.39253],"langalda 16d":[63.8351,-20.38554],"langalda 16a":[63.83499,-20.38517],"leikskálar 2b":[63.8383,-20.39992],"baugalda 4":[63.83413,-20.38893],"baugalda 12":[63.83341,-20.38749],"baugalda 33":[63.83313,-20.38687],"ártún 7":[63.84097,-20.3989],"bogatún 1":[63.84187,-20.39584],"baugalda 2":[63.83396,-20.38931],"laufskálar 22":[63.83842,-20.39713],"laufskálar 20":[63.83833,-20.39717],"laufskálar 16":[63.83804,-20.39726],"rangárbakki 7":[63.83402,-20.40364],