{"hallgerðartún 59":[63.7571,-20.21882],"hlíðarvegur 14":[63.75029,-20.22531],"hallgerðartún 24":[63.75723,-20.2212],"nýbýlavegur 48a":[63.75551,-20.21838],"hallgerðartún 26":[63.75723,-20.22051],"hallgerðartún 28":[63.75725,-20.21998],"hallgerðartún 27":[63.75765,-20.22244],"gilsbakki 8a":[63.75351,-20.21625],"ormsvöllur 25":[63.75066,-20.22267],"dufþaksbraut 1":[63.74891,-20.23118],"austurvegur 3":[63.74964,-20.23419],"gilsbakki 29a":[63.75288,-20.2138],"hvolstún 1a":[63.75593,-20.21683],"hvolstún 1b":[63.75594,-20.21659],"hvolstún 26":[63.7546,-20.21501],"öldubakki 7":[63.75209,-20.21846],"öldubakki 33b":[63.75474,-20.21719],"öldubakki 33c":[63.75482,-20.21714],"öldubakki 35b":[63.75512,-20.21706],"öldubakki 36a":[63.7552,-20.21626],"öldubakki 38a":[63.7555,-20.2163],"öldubakki 38b":[63.7556,-20.21631],"öldubakki 37b":[63.75547,-20.21716],"nýbýlavegur 42":[63.75452,-20.21904],"nýbýlavegur 48b":[63.75558,-20.2183],"gilsbakki 8b":[63.75359,-20.21629],"hallgerðartún 51":[63.75734,-20.21784],"æskuslóð 1":[63.75292,-20.23291],"hallgerðartún 43":[63.75755,-20.21879],"hallgerðartún 53":[63.75688,-20.21808],"hallgerðartún 61":[63.75715,-20.21932],"hallgerðartún 31":[63.75761,-20.2216],"hallgerðartún 35":[63.7576,-20.22092],"hallgerðartún 39":[63.75761,-20.22002],"gilsbakki 26":[63.75393,-20.21487],"dufþaksbraut 8":[63.74728,-20.23007],"króktún 14":[63.75552,-20.22284],"gilsbakki 6":[63.75282,-20.21654],"öldubakki 13":[63.75257,-20.21823],"hlíðarvegur 9":[63.75065,-20.22747],"hlíðarvegur 11":[63.75075,-20.22711],"gilsbakki 14":[63.75308,-20.2152],"gilsbakki 16":[63.75287,-20.21506],"gilsbakki 17":[63.75289,-20.21584],"stóragerði 14":[63.75256,-20.22672],"stóragerði 16":[63.75264,-20.22723],"stóragerði 17":[63.75224,-20.2279],"stóragerði 19":[63.75229,-20.22859],"stóragerði 23":[63.75237,-20.22967],"stóragerði 27":[63.75244,-20.23073],"túngata 3":[63.75073,-20.22885],"vallarbraut 6":[63.75068,-20.23045],"vallarbraut 10":[63.75106,-20.23101],"vallarbraut 14":[63.75166,-20.23164],"vallarbraut 16":[63.75314,-20.231],"öldubakki 4":[63.75157,-20.2176],"öldubakki 17":[63.75294,-20.21832],"öldubakki 19":[63.75301,-20.21836],"öldugerði 3":[63.75348,-20.222],"öldugerði 5":[63.75353,-20.22253],"öldugerði 9":[63.7536,-20.22358],"öldugerði 11":[63.75364,-20.22411],"öldugerði 13":[63.75368,-20.22468],"öldugerði 15":[63.75372,-20.22517],"öldugerði 17":[63.75375,-20.22568],"öldugerði 18":[63.75413,-20.22505],"öldugerði 20":[63.75416,-20.22557],"gilsbakki 19":[63.75266,-20.21566],"gilsbakki 21":[63.75344,-20.21562],"gilsbakki 22":[63.75338,-20.2148],"gilsbakki 24":[63.75363,-20.21485],"gilsbakki 27":[63.75299,-20.21442],"gilsbakki 30":[63.75319,-20.21336],"gilsbakki 32":[63.75351,-20.21331],"gilsbakki 34":[63.75375,-20.21326],"gilsbakki 36":[63.75398,-20.21319],"dalsbakki 14":[63.75218,-20.21554],"hvolsvegur 32":[63.75121,-20.22421],"hvolsvegur 33":[63.75137,-20.22397],"króktún 1":[63.75492,-20.22002],"króktún 2":[63.75529,-20.21973],"króktún 3":[63.75494,-20.22052],"króktún 5":[63.75498,-20.22105],"króktún 6":[63.75538,-20.22079],"króktún 7":[63.75501,-20.22144],"króktún 8":[63.7554,-20.22131],"króktún 9":[63.75507,-20.22199],"króktún 10":[63.75544,-20.22188],"króktún 11":[63.75511,-20.22254],"króktún 12":[63.75548,-20.22239],"króktún 13":[63.75515,-20.22298],"króktún 15":[63.75517,-20.22347],"króktún 17":[63.75518,-20.22392],"króktún 19":[63.75523,-20.22443],"króktún 21":[63.75528,-20.22502],"litlagerði 1":[63.75275,-20.22335],"litlagerði 1b":[63.75268,-20.22227],"litlagerði 2a":[63.75307,-20.22229],"litlagerði 3":[63.75278,-20.22387],"litlagerði 4a":[63.75314,-20.2233],"litlagerði 6":[63.75322,-20.22428],"litlagerði 8":[63.75326,-20.22481],"litlagerði 10":[63.75329,-20.22531],"litlagerði 12":[63.75334,-20.22586],"litlagerði 13":[63.75299,-20.22656],"litlagerði 15":[63.75302,-20.22704],"litlagerði 17":[63.75306,-20.22759],"njálsgerði 1":[63.75535,-20.23027],"njálsgerði 4":[63.75491,-20.2299],"njálsgerði 6":[63.75488,-20.22941],"njálsgerði 7":[63.75529,-20.22874],"njálsgerði 9":[63.75517,-20.22831],"njálsgerði 11":[63.75513,-20.2277],"njálsgerði 13":[63.75508,-20.22722],"njálsgerði 15":[63.75505,-20.22675],"norðurgarður 1":[63.75422,-20.22065],"norðurgarður 3":[63.75426,-20.22128],"norðurgarður 5":[63.7543,-20.22187],"norðurgarður 7":[63.75435,-20.22248],"norðurgarður 9":[63.75438,-20.22309],"norðurgarður 10":[63.75476,-20.22242],"norðurgarður 11":[63.75442,-20.22364],"norðurgarður 12":[63.7548,-20.22293],"norðurgarður 14":[63.75484,-20.22342],"norðurgarður 15":[63.75449,-20.22458],"norðurgarður 16":[63.75487,-20.2239],"norðurgarður 17":[63.75453,-20.2251],"norðurgarður 18":[63.75491,-20.22443],"norðurgarður 19":[63.75455,-20.22557],"norðurgarður 20":[63.75493,-20.22486],"norðurgarður 22":[63.755,-20.22543],"nýbýlavegur 16":[63.75294,-20.221],"nýbýlavegur 20":[63.7531,-20.22071],"nýbýlavegur 24":[63.75329,-20.22043],"nýbýlavegur 28":[63.75375,-20.22019],"nýbýlavegur 32":[63.75354,-20.21971],"nýbýlavegur 36":[63.75397,-20.21943],"nýbýlavegur 40":[63.75425,-20.21944],"ormsvöllur 3":[63.74741,-20.22726],"ormsvöllur 7":[63.74817,-20.22551],"stóragerði 1a":[63.7519,-20.2231],"stóragerði 2a":[63.75231,-20.22294],"stóragerði 4":[63.7523,-20.22405],"stóragerði 6":[63.75241,-20.22459],"stóragerði 8":[63.75244,-20.22511],"stóragerði 9":[63.75207,-20.22577],"stóragerði 11":[63.75212,-20.22632],"stóragerði 13":[63.75217,-20.22684],"hlíðarvegur 17":[63.75167,-20.22188],"hlíðarvegur 19":[63.7512,-20.22046],"hvolsvegur 9":[63.75208,-20.233],"hvolsvegur 11":[63.75209,-20.23138],"hvolsvegur 13":[63.752,-20.23073],"hvolsvegur 15":[63.75194,-20.22997],"hvolsvegur 17":[63.75192,-20.22967],"hvolsvegur 19":[63.75188,-20.22904],"hvolsvegur 21":[63.75178,-20.22754],"hvolsvegur 25":[63.75169,-20.22632],"hvolsvegur 26":[63.75133,-20.22677],"hvolsvegur 28":[63.75126,-20.22612],"hvolsvegur 30":[63.75119,-20.22506],"hallgerðartún 93":[63.75666,-20.21973],"austurvegur 4":[63.74989,-20.23244],"austurvegur 8":[63.7513,-20.23414],"austurvegur 15":[63.75136,-20.23625],"dalsbakki 6":[63.75228,-20.21688],"dufþaksbraut 12":[63.74638,-20.22874],"dufþaksbraut 14":[63.74569,-20.22798],"dufþaksbraut 17":[63.74673,-20.22543],"dufþaksbraut 21":[63.747,-20.22478],"dufþaksbraut 23":[63.74716,-20.22444],"gilsbakki 1":[63.75329,-20.21753],"gilsbakki 5":[63.75283,-20.21733],"hlíðarvegur 1":[63.75028,-20.22911],"hlíðarvegur 5":[63.75049,-20.22833],"hlíðarvegur 13":[63.75086,-20.2266],"hlíðarvegur 16":[63.7508,-20.22387],"öldubakki 31":[63.75414,-20.2178],"öldubakki 21":[63.7532,-20.21835],"gilsbakki 37":[63.75411,-20.21389],"hallgerðartún 20":[63.75727,-20.22234],"hallgerðartún 22":[63.75729,-20.22186],"gilsbakki 9":[63.7536,-20.21712],"gilsbakki 2":[63.75326,-20.21684],"dalsbakki 2":[63.75231,-20.21745],"dalsbakki 10":[63.75225,-20.21623],"dalsbakki 8":[63.75225,-20.2165],"öldubakki 27":[63.75379,-20.2182],"gilsbakki 4":[63.75306,-20.21661],"öldubakki 3":[63.75164,-20.219],"hvolstún 11":[63.7557,-20.21372],"hvolstún 12":[63.75524,-20.21464],"hvolstún 3":[63.75594,-20.21577],"hvolstún 6":[63.75548,-20.21465],"hvolstún 9":[63.75578,-20.21431],"nýbýlavegur 18":[63.75275,-20.22006],"nýbýlavegur 22":[63.75296,-20.21997],"nýbýlavegur 26":[63.75317,-20.21984],"nýbýlavegur 30":[63.75369,-20.2199],"nýbýlavegur 34":[63.75348,-20.21941],"nýbýlavegur 38":[63.75392,-20.21914],"ormsvöllur 1":[63.74711,-20.2282],"ormsvöllur 5":[63.74775,-20.22633],"ormsvöllur 21":[63.74999,-20.2229],"stóragerði 1":[63.75195,-20.22366],"stóragerði 2":[63.75227,-20.22359],"stóragerði 3":[63.75198,-20.2242],"stóragerði 5":[63.752,-20.22471],"stóragerði 7":[63.75205,-20.22526],"stóragerði 10":[63.7525,-20.22568],"stóragerði 12":[63.75255,-20.22623],"njálsgerði 8":[63.75485,-20.22895],"njálsgerði 10":[63.7548,-20.22838],"njálsgerði 12":[63.75477,-20.22789],"njálsgerði 14":[63.75472,-20.22742],"njálsgerði 16":[63.75469,-20.22687],"norðurgarður 2":[63.75461,-20.22037],"norðurgarður 4":[63.75465,-20.22088],"norðurgarður 6":[63.75468,-20.22136],