{"smiðjuvegur 9":[63.41737,-18.99476],"smiðjuvegur 15":[63.4175,-18.99113],"smiðjuvegur 17a":[63.41754,-18.98967],"smiðjuvegur 13a":[63.41745,-18.99249],"melvegur 1":[63.41677,-18.99097],"austurvegur 25":[63.4192,-19.00376],"austurvegur 21":[63.41923,-19.00422],"austurvegur 17":[63.41925,-19.00518],"austurvegur 13":[63.41967,-19.00643],"kirkjuvegur 5":[63.41986,-19.00524],"austurvegur 10":[63.41887,-19.0058],"austurvegur 8":[63.41903,-19.00616],"austurvegur 4":[63.41941,-19.00677],"sigtún 2":[63.42115,-19.00468],"víkurbraut 21a":[63.41702,-19.01485],"víkurbraut 32a":[63.41751,-19.01477],"víkurbraut 15a":[63.4176,-19.01299],"víkurbraut 34":[63.41734,-19.01477],"bakkabraut 12":[63.41893,-19.01215],"austurvegur 11d":[63.42004,-19.00629],"hátún 6":[63.42113,-19.00729],"sigtún 3":[63.42155,-19.00538],"sigtún 4":[63.4214,-19.00466],"sigtún 5":[63.42181,-19.00544],"sigtún 6":[63.42167,-19.00466],"sigtún 10":[63.42211,-19.00494],"suðurvíkurvegur 8a":[63.42196,-19.00735],"suðurvíkurvegur 10a":[63.42223,-19.00711],"bakkabraut 8":[63.41904,-19.01163],"bakkabraut 6":[63.41942,-19.01045],"víkurbraut 20":[63.41826,-19.01249],"víkurbraut 20a":[63.41824,-19.01259],"víkurbraut 22":[63.41821,-19.01277],"suðurvíkurvegur 8":[63.42207,-19.00763],"suðurvíkurvegur 1":[63.42233,-19.00817],"suðurvíkurvegur 4":[63.42167,-19.00793],"suðurvíkurvegur 2":[63.42153,-19.00789],"hátún 8":[63.42117,-19.00705],"hátún 2":[63.42065,-19.00701],"austurvegur 11a":[63.41988,-19.00653],"hátún 12":[63.42085,-19.00577],"austurvegur 7":[63.42116,-19.01011],"klettsvegur 7":[63.41987,-18.99574],"árbraut 2":[63.41998,-19.00823],"árbraut 3":[63.42015,-19.00927],"víkurbraut 2":[63.41968,-19.00781],"víkurbraut 5":[63.41845,-19.01001],"víkurbraut 9":[63.41799,-19.01173],"víkurbraut 10a":[63.41901,-19.00971],"víkurbraut 14":[63.41857,-19.01103],"víkurbraut 11":[63.41792,-19.01233],"víkurbraut 13":[63.41767,-19.01255],"víkurbraut 19":[63.41721,-19.01437],"víkurbraut 24":[63.41794,-19.01303],"víkurbraut 24a":[63.41806,-19.01321],"víkurbraut 30b":[63.41765,-19.01477],"víkurbraut 30c":[63.41739,-19.01447],"sunnubraut 1":[63.41825,-19.00775],"sunnubraut 2":[63.41851,-19.00817],"sunnubraut 5":[63.41799,-19.00857],"sunnubraut 8":[63.41807,-19.00945],"sunnubraut 11":[63.41755,-19.00987],"sunnubraut 15":[63.41721,-19.01079],"sunnubraut 14":[63.41758,-19.01171],"mánabraut 2":[63.41802,-19.00737],"mánabraut 3":[63.41731,-19.00783],"mánabraut 8":[63.41763,-19.00859],"mánabraut 12":[63.41732,-19.00947],"ránarbraut 5":[63.41846,-19.00715],"ránarbraut 7a":[63.41803,-19.00644],"ránarbraut 11":[63.41766,-19.00618],"ránarbraut 15":[63.4172,-19.00636],"bakkabraut 1":[63.4195,-19.00903],"bakkabraut 5":[63.41898,-19.01055],"bakkabraut 7":[63.41887,-19.01127],"bakkabraut 16":[63.41884,-19.01335],"bakkabraut 14":[63.41885,-19.01281],"bakkabraut 4":[63.41955,-19.00991],"bakkabraut 2":[63.41962,-19.00949],"mýrarbraut 12":[63.42041,-19.01151],"mýrarbraut 10":[63.42018,-19.01129],"mýrarbraut 8":[63.41999,-19.01111],"mýrarbraut 9":[63.4201,-19.01203],"mýrarbraut 7":[63.41988,-19.01193],"mýrarbraut 4":[63.41959,-19.01087],"mýrarbraut 1":[63.41923,-19.01133],"víkurbraut 4":[63.41961,-19.00809],"klettsvegur 3b":[63.41972,-18.99842],"klettsvegur 3d":[63.41978,-18.99898],"klettsvegur 12":[63.41877,-19.00273],"klettsvegur 14":[63.41884,-19.00144],"klettsvegur 6":[63.41876,-19.00344],"klettsvegur 8":[63.41876,-19.00326],"hátún 17":[63.42134,-19.00592],"sunnubraut 6":[63.4182,-19.00912],"sunnubraut 10":[63.41793,-19.00996],"sunnubraut 31":[63.41606,-19.01458],"víkurbraut 17":[63.41727,-19.01365],"árbraut 1":[63.41983,-19.00905],"klettsvegur 9":[63.42,-18.99368],"bakkabraut 12a":[63.41887,-19.01225],"víkurbraut 6":[63.4195,-19.00839],"suðurvíkurvegur 5":[63.42331,-19.00919],"kirkjuvegur 2":[63.41964,-19.00542],"austurvegur 11":[63.41989,-19.00677],"austurvegur 1":[63.42189,-19.01259],"klettsvegur 1":[63.4193,-19.001],"klettsvegur 5":[63.41965,-18.99745],"víkurbraut 1":[63.41892,-19.00891],"víkurbraut 3":[63.41877,-19.00935],"víkurbraut 8":[63.41928,-19.00895],"víkurbraut 10":[63.41906,-19.00959],"víkurbraut 12":[63.41893,-19.00991],"víkurbraut 9a":[63.41794,-19.01189],"víkurbraut 11a":[63.41788,-19.01245],"víkurbraut 18":[63.4183,-19.01223],"víkurbraut 22a":[63.41816,-19.01289],"víkurbraut 26":[63.41776,-19.01361],"víkurbraut 28":[63.41759,-19.01413],"víkurbraut 30a":[63.41757,-19.01461],"sunnubraut 24":[63.41647,-19.01461],"sunnubraut 3":[63.41813,-19.00817],"sunnubraut 7":[63.41785,-19.00899],"sunnubraut 9":[63.4177,-19.00947],"sunnubraut 13":[63.41749,-19.01005],"sunnubraut 27":[63.4164,-19.01333],"sunnubraut 18":[63.4169,-19.01307],"mánabraut 4":[63.41789,-19.00783],"mánabraut 6":[63.41778,-19.00817],"mánabraut 10":[63.41747,-19.00901],"mánabraut 14":[63.41726,-19.00965],"ránarbraut 1":[63.41908,-19.00797],"ránarbraut 7":[63.4182,-19.00675],"ránarbraut 9":[63.41787,-19.00624],"ránarbraut 13":[63.41742,-19.00622],"ránarbraut 21":[63.41637,-19.00705],"klettsvegur 3a":[63.4197,-18.99808],"klettsvegur 3e":[63.41958,-18.99938],"klettsvegur 3c":[63.41974,-18.99866],"smiðjuvegur 17":[63.41754,-18.98993],"smiðjuvegur 13":[63.41744,-18.99281],"smiðjuvegur 13b":[63.41746,-18.99223],"austurvegur 20":[63.41745,-19.00016],"austurvegur 27":[63.41919,-19.00354],"austurvegur 23":[63.41921,-19.004],"austurvegur 19":[63.41925,-19.00446],"austurvegur 15":[63.41944,-19.00558],"austurvegur 11c":[63.41993,-19.00617],"kirkjuvegur 3":[63.4199,-19.00576],"kirkjuvegur 4":[63.41959,-19.00478],"austurvegur 6":[63.4192,-19.00649],"sigtún 1":[63.42133,-19.00532],"smiðjuvegur 12":[63.41671,-18.99326],"víkurbraut 21":[63.4169,-19.01457],"víkurbraut 40a":[63.41689,-19.01598],"víkurbraut 32":[63.41746,-19.01491],"víkurbraut 15b":[63.4175,-19.01287],"víkurbraut 30":[63.41745,-19.01465],"austurvegur 11b":[63.4199,-19.00633],"bakkabraut 3":[63.41943,-19.00929],"bakkabraut 6a":[63.41922,-19.01029],"víkurbraut 16":[63.41841,-19.01183],"sigtún 8":[63.42189,-19.00478],"suðurvíkurvegur 6":[63.42185,-19.00779],"suðurvíkurvegur 10b":[63.42207,-19.00669],"suðurvíkurvegur 10":[63.42241,-19.00745],"víkurbraut 36":[63.4173,-19.01487],"hátún 21":[63.42157,-19.00599],"sunnubraut 4":[63.41833,-19.00871],"sunnubraut 29":[63.41619,-19.01418],"smiðjuvegur 18":[63.41681,-18.98865],"smiðjuvegur 14":[63.41697,-18.98971],"mylluland 8":[63.42214,-19.00635],"mylluland 6":[63.42233,-19.00659],"króktún 1":[63.42151,-19.00399],"mýrarbraut 3":[63.41939,-19.01167],"mýrarbraut 5":[63.4196,-19.01179],"mýrarbraut 6":[63.41981,-19.01101],"mylluland 1":[63.42286,-19.00713],"mylluland 2":[63.42264,-19.00737],"mylluland 3":[63.42273,-19.00677],"mylluland 9":[63.42224,-19.00569],"mylluland 4":[63.42248,-19.00693],"mylluland 7":[63.42246,-19.00597],"mylluland 5":[63.42259,-19.00631],"króktún 3":[63.42179,-19.0041],"króktún 4":[63.42184,-19.0035],"króktún 13":[63.42265,-19.0049],"sunnubraut 12":[63.4178,-19.01048],"smiðjuvegur 8":[63.41659,-18.99488],"sléttuvegur 3a":[63.41888,-18.9999],"sléttuvegur 3":[63.41836,-18.99962],"strandvegur 30":[63.41712,-19.00432],"sléttuvegur 4":[63.41821,-19.00054],"sunnubraut 37":[63.41571,-19.01557],"strandvegur 4":[63.41846,-19.00508],"strandvegur 6":[63.41839,-19.00494],"strandvegur 10":[63.4182,-19.00468],"strandvegur 12":[63.41811,-19.00456],"strandvegur 16":[63.41788,-19.00436],"strandvegur 18":[63.41779,-19.0043],"króktún 5":[63.42196,-19.00418],"sunnubraut 20":[63.41673,-19.01373],"sléttuvegur 8":[63.41798,-18.99806],"smiðjuvegur 21":[63.41755,-18.98669],"klettsvegur 4":[63.41878,-19.00408],"mánabraut 34":[63.41532,-19.01542],"mánabraut 36":[63.41508,-19.0161],"smiðjuvegur 19":[63.41759,-18.98824],"króktún 7":[63.42215,-19.00425],"strandvegur 28":[63.4172,-19.0043],"austurvegur 18":[63.41753,-19.0016],"mýrarbraut 16":[63.42068,-19.01171],"strandvegur 2":[63.41854,-19.00521],"austurvegur 29":[63.41875,-19.00351],"hátún 9":[63.42162,-19.00737],"sunnubraut 17":[63.41684,-19.01213],"sunnubraut 19":[63.41678,-19.01231],"sunnubraut 21":[63.41673,-19.01247],