{"skammidalur 2":[63.45131,-19.10104],"skagnes 1":[63.44861,-19.12322],"ketilsstaðir 2":[63.43647,-19.17014],"ytri-sólheimar 1":[63.49518,-19.32715],"hvoll 1":[63.42927,-19.23128],"dyrhólar-eystri 1":[63.41713,-19.1576],"brekkur 3":[63.44418,-19.14455],"kerlingardalur 1":[63.44404,-18.89194],"ytri-sólheimar 4":[63.48293,-19.31918],"krókur 5":[63.48738,-19.16042],"hellur 1":[63.41161,-19.04711],"pétursey 1":[63.46504,-19.26156],"brekkur 1":[63.44647,-19.14201],"keldudalur 1":[63.48815,-19.17352],"heiðarbraut 7":[63.49426,-19.24382],"ketilsstaðir 1a":[63.43665,-19.16113],"reynishólar 1":[63.4169,-19.05521],"þórisholt 2":[63.42158,-19.0644],"heiðarbraut 3":[63.49269,-19.24572],"heiðarbraut 6":[63.4922,-19.24288],"keldudalur 2":[63.48762,-19.17374],"ytri-sólheimar 3":[63.49451,-19.31856],"lækjarbakki 1":[63.42518,-19.05151],"prestdalur 2":[63.41824,-19.04222],"reynisdalur 2":[63.41974,-19.04408],"heiðarbraut 10":[63.49333,-19.24348],"holt 2":[63.48249,-19.19315],"vatnsskarðshólar 1":[63.42364,-19.18386],"pétursey 3":[63.46127,-19.26868],"prestshús 2":[63.41543,-19.04701],"krókur 6":[63.48741,-19.15943],"heimaflöt 4":[63.42383,-19.05086],"heimaflöt 12":[63.42256,-19.05035],"skammidalur 3":[63.45163,-19.09964],"kerlingardalur 2":[63.44372,-18.8926],"brekkur 2":[63.44759,-19.14703],"fell 2":[63.48317,-19.21933],"skammidalur 1":[63.44876,-19.11016],"pétursey 2":[63.46118,-19.26964],"heiðarbraut 5":[63.49353,-19.24544],"krókur 8":[63.48542,-19.15862],"ytri-sólheimar 2":[63.4949,-19.32281],"heimaflöt 6":[63.42342,-19.05069],"pétursey 2a":[63.4612,-19.2695],"hellur 2":[63.40771,-19.05046],"heimaflöt 8":[63.42311,-19.05053],"heimaflöt 10":[63.42283,-19.05042],"ytri-sólheimar 5":[63.49494,-19.31879],"dyrhólar-eystri 2":[63.41684,-19.15842],"hlíðarbraut 3":[63.48602,-19.16958],"norður-garður 1":[63.42164,-19.16217],"norður-garður 2":[63.42196,-19.15989],"norður-garður 3a":[63.41996,-19.15659],"smiðjuvegur 23":[63.4176,-18.98517],"reynisholt 5":[63.42002,-19.06176],"reynishólar 2":[63.41692,-19.05635],"keldudalur 3":[63.48731,-19.17431],"pétursey 4":[63.47963,-19.28039],"pétursey 1b":[63.46475,-19.26238],"kerlingardalur 3":[63.44357,-18.8926],"gilbraut 4":[63.4893,-19.2345],"gilbraut 8":[63.49068,-19.23348],"gilbraut 9":[63.49156,-19.23752],"þórisholt 3":[63.4221,-19.06499],"krókur 10":[63.48641,-19.15682],"pétursey 1c":[63.46459,-19.2629],"reynisholt 4":[63.4214,-19.09858],"hryggir 1":[63.43124,-19.18086],"fagridalur 2":[63.41748,-18.94784],"nykhóll 2":[63.46007,-19.2746],"norður-garður 3b":[63.42189,-19.1582],"norður-garður 3c":[63.42196,-19.15717],"norður-garður 3d":[63.42015,-19.15572],"reiðvegur 1":[63.41903,-18.96485],"reiðvegur 2":[63.41941,-18.96493],"garðakot 1":[63.43111,-19.17978],"þórisholt 5":[63.42115,-19.06506],"reynisholt 1":[63.42565,-19.07307],"skaganes 1":[63.44859,-19.12347],"pétursey 3b":[63.4471,-19.26551],"lækjarbakki 3":[63.42509,-19.05329],"ytri-sólheimar 3a":[63.49348,-19.32516],"ketilsstaðir 3":[63.43638,-19.17568],"heiðarbraut 9":[63.49507,-19.24153],"þórisholt 4":[63.42147,-19.06592],"ytri-sólheimar 1a":[63.49481,-19.328],"prestshús 1":[63.41579,-19.04752],"keldudalur 4":[63.48692,-19.17448],"garðar 1":[63.4061,-19.04679],"garðar 2":[63.40497,-19.04479],"garðar 3":[63.40459,-19.04421]}