{"iðjuvellir 5":[63.79551,-18.03732],"iðjuvellir 3":[63.79511,-18.0378],"skaftárvellir 3":[63.7936,-18.04274],"skaftárvellir 5":[63.79341,-18.04303],"skaftárvellir 7":[63.79315,-18.04333],"skaftárvellir 9":[63.79293,-18.04366],"skaftárvellir 11":[63.79279,-18.04411],"skaftárvellir 1":[63.79384,-18.04239],"skaftárvellir 1a":[63.79377,-18.04251],"skaftárvellir 2":[63.79398,-18.0434],"skaftárvellir 2a":[63.79391,-18.04324],"skaftárvellir 4":[63.79376,-18.04363],"skaftárvellir 6":[63.79355,-18.04386],"skaftárvellir 8":[63.79335,-18.04421],"skaftárvellir 10":[63.79318,-18.04446],"skaftárvellir 17":[63.79276,-18.04516],"klausturvegur 5":[63.7865,-18.0597],"skerjavellir 1":[63.78868,-18.05457],"skerjavellir 5":[63.78826,-18.05516],"skerjavellir 4":[63.78916,-18.05476],"skerjavellir 7":[63.78863,-18.05555],"skerjavellir 8":[63.78905,-18.0558],"skriðuvellir 7":[63.78974,-18.05494],"skriðuvellir 12":[63.79083,-18.0531],"skriðuvellir 11":[63.78988,-18.05338],"skriðuvellir 3":[63.78953,-18.05359],"klausturvegur 2":[63.7866,-18.05847],"kirkjubæjarklaustur 1":[63.78638,-18.05829],"klausturvegur 15":[63.7908,-18.04651],"klausturvegur 3":[63.78634,-18.06017],"túngata 2":[63.79049,-18.04843],"túngata 4":[63.79061,-18.04844],"túngata 8":[63.79083,-18.04795],"klausturhólar 1":[63.79076,-18.05083],"kirkjubær 1":[63.78689,-18.05878],"klausturvegur 4":[63.78741,-18.0536],"klausturvegur 6":[63.78854,-18.05257],"klausturvegur 13":[63.79033,-18.04774],"klausturvegur 11":[63.78986,-18.05033],"klausturvegur 10":[63.78909,-18.05006],"klausturvegur 29":[63.79391,-18.03995],"klausturvegur 9":[63.78809,-18.05587],"skaftárvellir 12":[63.79304,-18.04477],"skaftárvellir 15":[63.79262,-18.0447],"klausturvegur 7":[63.78737,-18.05669],"kirkjubær 2":[63.79237,-18.05076],"skerjavellir 3":[63.78847,-18.05489],"skerjavellir 2":[63.78901,-18.05418],"skerjavellir 6":[63.78941,-18.05522],"skerjavellir 9":[63.78889,-18.05528],"skerjavellir 10":[63.78877,-18.05627],"skriðuvellir 13":[63.79035,-18.05294],"skriðuvellir 9":[63.7901,-18.05426],"skriðuvellir 5":[63.78956,-18.05426],"skriðuvellir 1":[63.78924,-18.05397],"kirkjubæjarklaustur 2":[63.78277,-18.06475],"túngata 6":[63.79073,-18.04795],"iðjuvellir 7b":[63.79615,-18.03628],"iðjuvellir 7":[63.79567,-18.03466],"klausturhólar 3":[63.79075,-18.04962],"iðjuvellir 5a":[63.79519,-18.03695],"skaftárvellir 30":[63.79426,-18.04173],"skaftárvellir 26a":[63.79427,-18.04298],"skaftárvellir 28d":[63.79399,-18.04226],"skaftárvellir 26b":[63.79433,-18.04284],"skaftárvellir 26c":[63.7944,-18.04274],"skaftárvellir 22a":[63.79411,-18.04373],"skaftárvellir 26d":[63.79448,-18.04255],"skaftárvellir 26e":[63.79455,-18.04241],"iðjuvellir 2":[63.7966,-18.03568],"skaftárvellir 13":[63.7925,-18.04426],"iðjuvellir 6":[63.79615,-18.03405],"skaftárvellir 28a":[63.79416,-18.04203],"skaftárvellir 28b":[63.7941,-18.04212],"skaftárvellir 28c":[63.79403,-18.0422],"kirkjubær 1b":[63.78686,-18.05827],"skaftárvellir 22b":[63.79419,-18.04402],"klausturvegur 12":[63.78882,-18.0482],"skriðuvellir 8":[63.79098,-18.05218],"skriðuvellir 10":[63.79108,-18.05208],"skriðuvellir 14":[63.79112,-18.05277],"skaftárvellir 24":[63.79464,-18.04321],"skaftárvellir 28":[63.79405,-18.042],"túngata 12":[63.79104,-18.04752],"túngata 10":[63.79094,-18.04754],"skaftárvellir 26f":[63.79461,-18.04228],"klausturvegur 7a":[63.78716,-18.05708],"skriðuvellir 15":[63.79033,-18.05383],"skriðuvellir 17":[63.79042,-18.05421],"skriðuvellir 19":[63.7907,-18.05392],"skriðuvellir 21":[63.79092,-18.05365],"skriðuvellir 23":[63.79117,-18.05333],"iðjuvellir 1":[63.79458,-18.03843],"iðjuvellir 8":[63.79603,-18.03272],"klausturvegur 5a":[63.78672,-18.05981],"kirkjubær 1a":[63.78642,-18.05808]}