{"þykkvibær 2":[63.74596,-17.93616],"holt 1":[63.76475,-18.19815],"melhóll 2":[63.57546,-18.26381],"skaftárdalur 3":[63.79652,-18.48221],"flaga 1":[63.67353,-18.50739],"þykkvabæjarklaustur 2":[63.50544,-18.37147],"flaga 2":[63.66136,-18.50502],"ytri-lyngar 2":[63.57518,-18.1331],"hörgsdalur 2":[63.84565,-17.97293],"rauðaberg 2":[63.95055,-17.61978],"hörgsdalur 1":[63.84559,-17.97332],"herjólfsstaðir 1":[63.52418,-18.42299],"holt 2":[63.53199,-18.40669],"herjólfsstaðir 2":[63.52459,-18.42103],"snæbýli 1":[63.73531,-18.61841],"melhóll 1":[63.57014,-18.25204],"ytri lyngar 1":[63.57543,-18.13663],"mörtunga 1":[63.83903,-18.0551],"kálfafell 1":[63.9449,-17.68805],"foss 1":[63.85403,-17.86903],"þykkvibær 1":[63.74869,-17.9332],"þykkvabær 1":[63.74973,-17.93063],"fossar 3":[63.71194,-17.96702],"syðri steinsmýri 2":[63.64332,-17.9894],"hruni 1":[63.88285,-17.72391],"seglbúðir 2":[63.72719,-17.94693],"brunatorfa 5":[63.63785,-18.54944],"brunatorfa 1":[63.63466,-18.54275],"háutorfa 3":[63.64931,-18.53183],"bakkakot 2":[63.55472,-18.16828],"efri-ey 2":[63.5541,-18.18618],"hörgsland 1":[63.84268,-17.95338],"brunatorfa 23":[63.64416,-18.53849],"brunatorfa 19":[63.64389,-18.54322],"brunatorfa 20":[63.64299,-18.54144],"brunatorfa 14":[63.64035,-18.5451],"brunatorfa 13":[63.64089,-18.54725],"brunatorfa 9":[63.63952,-18.54903],"brunatorfa 7":[63.63869,-18.54894],"seglbúðir 3":[63.72568,-17.95524],"þykkvabæjarklaustur 1":[63.50401,-18.37284],"selhólavegur 9":[63.76646,-17.97341],"selhólavegur 12":[63.76494,-17.97731],"selhólavegur 15":[63.76379,-17.97686],"kindagata 9":[63.76659,-17.96737],"kindagata 13":[63.76545,-17.97035],"sléttuból 1":[63.72794,-17.68276],"hrífunes 2a":[63.63918,-18.50404],"háutorfa 7":[63.6495,-18.53597],"brunatorfa 21":[63.64392,-18.54086],"brunatorfa 17":[63.64364,-18.54498],"brunatorfa 18":[63.64286,-18.54352],"brunatorfa 15":[63.6429,-18.54555],"brunatorfa 12":[63.63954,-18.54634],"brunatorfa 10":[63.63868,-18.547],"brunatorfa 8":[63.6378,-18.54764],"syðri-steinsmýri 1":[63.64323,-17.98886],"efri-fljótar 2":[63.65546,-18.0188],"rauðaberg 1":[63.94342,-17.66052],"hörgsland 2":[63.84267,-17.95456],"hvammur 1":[63.7558,-18.49343],"sauðagata 12":[63.7636,-17.97225],"ásgarður 1":[63.78635,-17.98142],"skaftárdalur 2":[63.79636,-18.48218],"snæbýli 1a":[63.73605,-18.6214],"jórvík 1":[63.52593,-18.36323],"efri-ey 1":[63.55826,-18.18789],"brunatorfa 6":[63.63689,-18.54826],"brunatorfa 3":[63.63722,-18.55011],"brunatorfa 2":[63.63624,-18.52629],"hrífunes 1a":[63.64022,-18.50661],"bakkakot 1":[63.55356,-18.16926],"hörgslandskot 2":[63.84361,-17.94417],"rofabær 1":[63.54797,-18.22477],"foss 3":[63.85445,-17.87221],"heiðarsel 2":[63.79458,-18.18543],"skaftárdalur i 1":[63.79709,-18.4828],"skaftárdalur ii 1":[63.79691,-18.48217],"skaftárdalur ii 2":[63.79848,-18.48321],"skaftárdalur iii 3":[63.79729,-18.47835],"skaftárdalur iii 1":[63.79684,-18.4832],"foss 2":[63.85438,-17.874],"foss 3b":[63.85457,-17.8736],"skaftárdalur 1":[63.79645,-18.48219],"kinnatorfa 4":[63.63424,-18.53639],"breiðatorfa 1":[63.647,-18.52785],"háutorfa 4":[63.6493,-18.52416],"staðamannatorfa 15":[63.6399,-18.53356],"núpstorfa 7":[63.6329,-18.53974],"stóratorfa 4":[63.64551,-18.52508],"kinnatorfa 6":[63.63341,-18.536],"stóratorfa 7":[63.64437,-18.52196],"háutorfa 8":[63.65035,-18.53486],"bóltorfa 1":[63.63544,-18.52846],"núpstorfa 2":[63.63513,-18.53916],"núpstorfa 3":[63.63414,-18.53833],"staðamannatorfa 13":[63.6394,-18.53495],"staðamannatorfa 9":[63.63819,-18.53294],"staðamannatorfa 6":[63.63901,-18.53289],"staðamannatorfa 8":[63.64114,-18.53732],"stóratorfa 6":[63.64437,-18.52445],"núpstorfa 6":[63.63385,-18.54077],"staðamannatorfa 7":[63.64282,-18.53759],"staðamannatorfa 11":[63.6383,-18.5307],"breiðatorfa 2":[63.64758,-18.53019],"staðamannatorfa 2":[63.63735,-18.53266],"stóratorfa 5":[63.64514,-18.5231],"stóratorfa 8":[63.64359,-18.52331],"háutorfa 2":[63.64838,-18.52447],"staðamannatorfa 4":[63.6371,-18.53078],"staðamannatorfa 5":[63.64197,-18.53837],"kinnatorfa 2":[63.63562,-18.53392],"bóltorfa 4":[63.63505,-18.53111],"mástorfa 2":[63.64032,-18.51588],"kinnatorfa 1":[63.63598,-18.53152],"staðamannatorfa 1":[63.63761,-18.53451],"núpstorfa 4":[63.63456,-18.54045],"núpstorfa 1":[63.63583,-18.5363],"stóratorfa 3":[63.64634,-18.52365],"bóltorfa 2":[63.63584,-18.53023],"kinnatorfa 3":[63.6333,-18.53435],"bóltorfa 3":[63.6347,-18.52931],"breiðatorfa 3":[63.64615,-18.52806],"breiðatorfa 4":[63.64642,-18.53025],"staðamannatorfa 10":[63.64204,-18.53581],"háutorfa 6":[63.64913,-18.5264],"staðamannatorfa 3":[63.63843,-18.53497],"stóratorfa 9":[63.64351,-18.52088],"stóratorfa 1":[63.64733,-18.5243],"staðamannatorfa 12":[63.64291,-18.53539],"stóratorfa 2":[63.64682,-18.52578],"bóltorfa 6":[63.63428,-18.53224],"mástorfa 4":[63.6411,-18.51731],"bóltorfa 5":[63.63369,-18.53071],"núpstorfa 5":[63.63332,-18.5386],"hörgslandskot 1":[63.84364,-17.94395],"núpsstaður 2":[63.95737,-17.57852],"keldunúpur 2":[63.82497,-18.00097],"arnardrangur 1":[63.70473,-17.95864],"syðri-steinsmýri 2":[63.64582,-17.94546],"þykkvibær 3a":[63.74686,-17.93139],"dalshöfði 1":[63.9113,-17.83755],"mörtunga 2":[63.84158,-18.06078],"kirkjubæjarklaustur 2":[63.78095,-18.0796],"lækjaborgir 2":[63.94469,-17.69096],"lækjaborgir 3":[63.94461,-17.69138],"ásar 1":[63.67336,-18.41836],"orustustaðir 1":[63.83238,-17.73413],"orustustaðavegur 4":[63.82955,-17.73215],"orustustaðavegur 1a":[63.82946,-17.72912],"orustustaðavegur 5":[63.82708,-17.73026],"orustustaðavegur 3":[63.82769,-17.72874],"fossar 1":[63.7114,-17.96537],"lækjaborgir 4":[63.94447,-17.69191],"þykkvibær 2a":[63.74676,-17.93279],"kindagata 7":[63.76766,-17.96377],"hrífunes 1c":[63.64113,-18.50773],"hrífunes 1b":[63.64123,-18.50805],"mýrar 2":[63.50792,-18.3284],"sólvellir 1":[63.77021,-17.96348],"háutorfa 1":[63.64868,-18.52957],"kálfafell 2":[63.9456,-17.68694],"snæbýli 2":[63.73499,-18.61686],"skaftárdalur iii 2":[63.79827,-18.48207],"kindagata 1":[63.76775,-17.9596],"kindagata 5":[63.76806,-17.96323],"þykkvibær 3":[63.74629,-17.94036],"efri-steinsmýri 1":[63.65903,-18.01608],"brunatorfa 4":[63.63681,-18.52727],"háutorfa 5":[63.64946,-18.53369],"brunatorfa 16":[63.64203,-18.54391],"brunatorfa 11":[63.64028,-18.54855],"fossar 4":[63.7102,-17.95255],"selhólavegur 14":[63.76471,-17.97953],"jórvík 2":[63.52433,-18.36558],"efri-steinsmýri 2":[63.65929,-18.01309],"sauðagata 1":[63.76543,-17.97502],"sauðagata 3":[63.76567,-17.97419],"sauðagata 5":[63.76583,-17.97342],"sauðagata 7":[63.76552,-17.9719],"sauðagata 9":[63.7652,-17.97282],"sauðagata 11":[63.7648,-17.97308],"sauðagata 10":[63.76439,-17.97478],"sauðagata 13":[63.7645,-17.9714],"kindagata 2":[63.76926,-17.96748],"kindagata 4":[63.76876,-17.96685],"kindagata 6":[63.76827,-17.96681],"kindagata 8":[63.76736,-17.96918],"kindagata 10":[63.76659,-17.96985],"selhólavegur 1":[63.76898,-17.96892],"selhólavegur 5":[63.76823,-17.96996],"selhólavegur 7":[63.76771,-17.9711],"selhólavegur 10":[63.76563,-17.97704],"núpar 1a":[63.91273,-17.71889],"kindagata 11":[63.76627,-17.96838],"selhólavegur 3":[63.76844,-17.96814],"lækjaborgir 1":[63.94477,-17.69055],"hlíð 2":[63.70236,-18.4816],"heiði 1a":[63.76812,-18.15132],"bakkakot 3":[63.56401,-18.17897],"núpsstaður 1a":[63.95644,-17.47597],"tunga 2":[63.7854,-18.01443],"fossar 2":[63.7111,-17.96569],"melhóll 2a":[63.57486,-18.26505],"breiðabólsstaður 2":[63.82285,-18.01309],"kálfafell 1a":[63.94433,-17.67433],"heiðarsel 1":[63.79242,-18.18505],"borgarfell 2":[63.72891,-18.55251],"efri-ey 3":[63.55318,-18.1851],"selhólavegur 4":[63.77064,-17.96813],"kindagata 3":[63.76839,-17.9629],"hörgslandskot 2a":[63.84631,-17.93166],"efri-steinsmýri 3":[63.66029,-18.01157],"norðurhjáleiga 2":[63.50758,-18.37108],"selhólavegur 6":[63.76639,-17.97825],"selhólavegur 2":[63.77113,-17.96986],"orustustaðavegur 2":[63.82589,-17.73837]}