{"suðurlandsbraut 24|108":[64.137057,-21.876709],"bústaðavegi 153|108":[64.120563,-21.848096],"laugavegi 107|101":[64.143212,-21.914158],"grandagarði 16|801":[64.154558,-21.944096],"hverfisgötu 108|101":[64.143799,-21.916322],"háaleitisbraut 58, 108|":[64.132657,-21.883465],"bergstaðastræti 13|101":[64.14461,-21.932979],"aðalstræti 9|101":[64.147628,-21.941773],"snorrabraut 29|101":[64.143346,-21.91589],"efstalandi 26|108":[64.122109,-21.875234],"geirsgötu 5b og c|101":[64.150912,-21.943687],"hraunbæ 121|110":[64.118004,-21.795653],"borgartún 29|105":[64.146195,-21.899358],"austurstræti 17|101":[64.147613,-21.937679],"laugarnesvegi 91|":[64.150596,-21.884477],"bíldshöfði 9|110":[64.126346,-21.821376],"álfheimum 2|104":[64.137469,-21.859113],"hólagarður, lóuhólum 2-4|111":[64.108963,-21.815972],"laugavegi 105|105":[64.143296,-21.914908],"ármúla 4-6|108":[64.137855,-21.887113],"sundabakka 2|104":[64.149394,-21.862221],"hagamel 67|107":[64.145802,-21.962596],"ægisíðu 121|107":[64.14414,-21.968772],"fákafeni 9|108":[64.129656,-21.865045],"fiskislóð 15-21|101":[64.155372,-21.949858],"vesturgötu 3|101":[64.148805,-21.942129],"sogavegi 108|108":[64.125746,-21.862995],"álfheimum 74|104":[64.133686,-21.86832],"hjallaseli 55, 109|":[64.096915,-21.841574],"þönglabakka 1|109":[64.108711,-21.842582],"klettagörðum 15|104":[64.153603,-21.871441],"sóltúni 2|105":[64.144166,-21.900771],"hádegismóar 2|110":[64.113835,-21.774343],"vínlandsleið 14|113":[64.130363,-21.765523],"pósthússtræti 3-5|101":[64.147872,-21.938159],"hringbraut 119|101":[64.150187,-21.960146],"austurstræti 12|101":[64.147594,-21.939339],"bíldshöfða 20|110":[64.125178,-21.814647],"hverafold 1-3|112":[64.134248,-21.798224],"fellsmúla 26|108":[64.130321,-21.876167],"skólavörðustíg 8|101":[64.145888,-21.932671],"höfðabakka 7|110":[64.127071,-21.810093],"bíldshöfða 12|110":[64.125175,-21.82075],"hafnarstræti 1-3|101":[64.148465,-21.940779],"kirkjustétt 2-6|113":[64.12625,-21.756645],"borgartún 21|105":[64.146565,-21.901063],"skipasundi 56|104":[64.139847,-21.857353],"stuðlahálsi 1|110":[64.119148,-21.795481],"lindargötu 59|101":[64.145869,-21.920917],"barónsstíg 6|101":[64.144124,-21.91884],"ingólfsstræti 1, 101|":[64.149176,-21.930733],"mýrargötu 2-16|101":[64.151283,-21.946728],"holtavegi 28|104":[64.138997,-21.862259],"bíldshöfða 9|110":[64.126346,-21.821376],"lækjargötu 12|101":[64.14607,-21.938831],"laugalæk 9|105":[64.148733,-21.883788],"bjargargötu 1|102":[64.136484,-21.946944],"brynjólfsgötu 1|107":[64.139982,-21.952114],"pósthússtræti 3-5, 101|":[64.147872,-21.938159],"menntavegi 1|101":[64.1239,-21.926835],"bjargargötu 1|101":[64.136484,-21.946944],"klettagörðum 1|104":[64.151091,-21.864554],"seljavegi 2|101":[64.151898,-21.951691],"grandagarði 29|101":[64.153738,-21.9482],"stigahlíð 45-47|105":[64.131061,-21.900728],"borgartúni 37|105":[64.146879,-21.894577],"laugavegi 54|101":[64.144471,-21.923422],"barónsstíg 27|101":[64.143151,-21.919334],"kirkjustétt 2|113":[64.12625,-21.756645],"hjarðarhaga 47|107":[64.141576,-21.961999],"grandagarði 10|101":[64.153603,-21.947523],"bankastræti 7a|101":[64.146809,-21.933678],"hverfisgötu 113-115|150":[64.14391,-21.914819],"nauthólsvegur 52|101":[64.130724,-21.932605],"skarfagörðum 2|104":[64.153929,-21.863197],"bergstaðastræti 37|101":[64.142856,-21.93491],"bjargargata 1|102":[64.136484,-21.946944],"völvufelli 7|111":[64.099885,-21.823926],"holtavegi 32|104":[64.139465,-21.86756],"borgartúni 29|105":[64.146195,-21.899358],"ásvallagötu 19|101":[64.14597,-21.951303],"vínlandsleið 1|113":[64.131093,-21.7631],"hraunbæ 102|110":[64.117755,-21.797374],"skipholt 70|105":[64.137628,-21.897594],"lóuhólum 2|111":[64.108963,-21.815972],"laugavegi 103|101":[64.143232,-21.915435],"tryggvagötu 14|101":[64.149968,-21.943287],"laugavegi 170, 105|":[64.14166,-21.902681],"laugavegur 96|101":[64.143256,-21.91735],"skólavörðustíg 10|101":[64.145687,-21.932382],"brautarholti 10-14|105":[64.14184,-21.907402],"arngrímsgata 3|107":[64.142936,-21.950814],"laugavegi 116|105":[64.143007,-21.915432],"nauthólsvegi 100|101":[64.122234,-21.930867],"bústaðavegi 7|150":[64.127584,-21.906731],"laugavegi 21|101":[64.145811,-21.929351],"barónsstíg 4|101":[64.144679,-21.918447],"geirsgötu 1|101":[64.150896,-21.945006],"háaleitisbraut 58-60|108":[64.132657,-21.883465],"nauthólsvegi 87|101":[64.128517,-21.928831],"ingólfstorgi 3|101":[64.148303,-21.941215],"egilsgötu 3|101":[64.139991,-21.92159],"köllunarklettsvegur 8|104":[64.152715,-21.87499],"laugarnesvegi 74a|105":[64.148671,-21.885098],"laugavegi 107|105":[64.143212,-21.914158],"borgartúni 26, 105|":[64.145713,-21.8983],"ægisíðu 123|107":[64.144213,-21.969171],"brekkuhúsum 1|112":[64.138013,-21.776794],"nethyl 2, 110|":[64.12169,-21.813686],"laugavegi 71|101":[64.144131,-21.920513],"spönginni 17|112":[64.150938,-21.788667],"hverafold 1-5|112":[64.134248,-21.798224],"laugavegi 130|105":[64.142913,-21.911988],"laugavegi 116|101":[64.143007,-21.915432],"borgartúni 7|105":[64.145501,-21.908436],"skútuvogur 2|104":[64.140108,-21.848606],"bankastræti 14|101":[64.146391,-21.933291],"hverfisgötu 125|105":[64.143201,-21.912176],"grandagarði 16|110":[64.154558,-21.944096],"tryggvagötu 20|101":[64.148844,-21.94073],"laugavegi 66-68|101":[64.143995,-21.921233],"sturlugötu 1|101":[64.138886,-21.95134],"hagamelur 67|107":[64.145802,-21.962596],"grensásvegur 5-7|108":[64.132215,-21.872797],"skútuvogi 16|104":[64.135358,-21.84891],"klapparstíg 37|101":[64.144811,-21.92973],"þórunnartún 2|105":[64.145042,-21.910691],"tryggvagötu 22|101":[64.148683,-21.940253],"laugavegur 12|101":[64.146025,-21.931174],"brynjólfsgötu 1|101":[64.139982,-21.952114],"bergstaðastræti 37|105":[64.142856,-21.93491],"hraunbæ 102a|110":[64.117056,-21.7987],"grundarstíg 12|101":[64.14405,-21.935818],"hringbraut 50, 107|":[64.145249,-21.951784],"eddufelli 6|111":[64.101338,-21.823518],"barónsstíg 2-4|101":[64.144946,-21.918126],"suðurfelli 4|111":[64.101762,-21.830658],"geirsgötu 17|101":[64.149025,-21.936677],"templarasundi 3|101":[64.146312,-21.939802],"skipholti 70|105":[64.137628,-21.897594],"amtmannsstíg 1|101":[64.146447,-21.936295],"borgartúni 29, 105|":[64.146195,-21.899358],"stjörnugróf 9|108":[64.11937,-21.849863],"skólavörðustíg 3a|101":[64.146033,-21.932307],"lóuhólum 2-6|111":[64.108963,-21.815972],"ofanleiti 1|103":[64.12784,-21.896292],"austurstræti 8-10|101":[64.147715,-21.940056],"skeifunni 19|108":[64.130072,-21.873021],"grandagarði 16|101":[64.154558,-21.944096],"laugalæk 8|105":[64.148223,-21.884023],"njálsgötu 70|101":[64.142395,-21.919974],"bergstaðastræti 1|101":[64.145936,-21.93133],"ægisgarði 7|101":[64.151997,-21.943309],"efstalandi 26, 108|":[64.122109,-21.875234],"eggertsgötu 34, 101|":[64.134772,-21.949592],"austurstræti 12|":[64.147594,-21.939339],"spönginni 25|112":[64.150678,-21.787446],"laugavegi 28|101":[64.145331,-21.927955],"flókagötu 24, 105|":[64.137892,-21.913473],"stuðlahálsi 2, 110|":[64.119824,-21.792098],"suðurlandsbraut 66|108":[64.127558,-21.857585],"vagnhöfða 13|110":[64.127156,-21.816513],"barónsstígur 34|101":[64.141264,-21.924572],"skúlagata 17|101":[64.145595,-21.917922],"melhaga 20-22|107":[64.144031,-21.960712],"laugavegi 2|101":[64.146345,-21.932716],"bólstaðarhlíð 20|105":[64.135522,-21.904548],"efstaleiti 1|150":[64.125398,-21.891297],"vatnsmýrarvegi 16|101":[64.136757,-21.929224],"ægisíðu 104|107":[64.144478,-21.968089],"bíldshöfði 18|110":[64.125316,-21.816757],"spönginni 11|112":[64.150656,-21.789338],"kringlunni 5|103":[64.130664,-21.897377],"skólavörðustíg 12|101":[64.145437,-21.932038],"guðrúnartúni 10|105":[64.14647,-21.908503],"katrínartúni 2|105":[64.144934,-21.907357],"fiskislóð 49-57|101":[64.156346,-21.946181],"skógarhlíð 12|105":[64.133349,-21.919675],"kjalarvogi 12|104":[64.136192,-21.841405],"lyngháls 4|110":[64.120314,-21.793668],"hraunbæ 105|110":[64.120358,-21.809451],"gnoðarvogi 43|104":[64.131253,-21.859682],"aðalstræti 2|":[64.148508,-21.941696],"suðurlandsbraut 48|108":[64.130875,-21.866528],